Booking ID,Booking Date,Booking Time,Customer ID,Driver ID,Vehicle Type,Pickup Location,Drop Location,Ride Distance (km),Booking Status,Cancellation Reason,Payment Method,Booking Value (INR),Driver Rating,Customer Rating,Ride Duration (min)
OLA100359,2024-05-20,21:19:00,CUST1107,DRV376,Mini,MALLESHWARAM,ELECTRONIC CITY,9.3,Success,,UPI,122.13,4.7,4.8,22.0
OLA100565,2024-03-28,20:10:00,CUST1052,DRV311, Mini ,BTM Layout,jayanagar,5.4,Success,,Ola Money,98.25,,,19.4
OLA100118,2024-01-24,16:32:00,CUST1196,DRV436,SUV,Indiranagar,Airport (KIA),10.7,Success,,Cash,234.87,3.5,5.0,36.7
OLA101213,2024-05-20,05:12:00,CUST1301,DRV218,Mini,Sarjapur Road,AIRPORT (KIA),5.1,Success,,Ola Money,71.31,,,15.9
OLA101352,2024-04-25,14:10:00,CUST1013,DRV249,prime,Sarjapur Road,koramangala,5.6,Success,,UPI,147.02,4.2,4.4,14.8
OLA101485,2024-04-28,12:07:00,CUST1022,DRV484,Mini,MG Road,JP NAGAR,16.2,Success,,Cash,196.88,4.8,4.0,39.6
OLA100627,2024-04-09,13:36:00,CUST1307,DRV416,Mini,RAJAJINAGAR,Banashankari,11.2,Success,,UPI,156.62,4.7,5.0,30.3
OLA101282,2024-04-29,17:23:00,CUST1104,DRV437,Mini,indiranagar,marathahalli,9.5,Cancelled by Driver,Vehicle breakdown,,0.0,,,0.0
OLA101101,2024-01-25,17:18:00,CUST1314,DRV253,Mini,marathahalli,HSR Layout,16.4,Success,,Cash,217.3,5.0,4.3,40.0
OLA100210,2024-03-10,06:05:00,CUST1095,DRV420,Sedan,jp nagar,Malleshwaram,2.6,Success,,cash,63.64,4.7,4.8,9.4
OLA100432,2024-03-31,20:35:00,CUST1166,DRV390,sedan,Rajajinagar,Yelahanka,16.4,Success,,Ola Money,262.85,4.6,4.9,53.5
OLA100853,2024-02-20,06:42:00,CUST1296,DRV515, Mini ,Yelahanka,KORAMANGALA,8.4,Success,,upi,111.92,5.0,4.3,32.3
OLA100293,2024-06-01,08:58:00,CUST1372,DRV234,Mini,JP NAGAR,Bellandur,8.5,Cancelled by Customer,Price too high,,0.0,,,0.0
OLA100637,2024-01-27,16:45:00,CUST1221,DRV412,bike,sarjapur road,JP Nagar,6.5,Success,,credit card,83.97,4.2,3.9,21.6
OLA100998,2024-03-13,19:55:00,CUST1218,DRV499,Auto,BANASHANKARI,Rajajinagar,3.0,Success,,Cash,67.03,5.0,5.0,9.9
OLA100632,2024-02-17,06:38:00,CUST1132,DRV254,Sedan,koramangala,Indiranagar,11.1,Success,,Cash,182.25,4.3,4.9,29.3
OLA100981,2024-06-05,09:38:00,CUST1276,DRV210,Prime,KORAMANGALA,Rajajinagar,25.4,Success,,Cash,525.71,3.0,4.8,56.1
OLA100596,2024-03-20,12:35:00,CUST1223,DRV416,Auto,Indiranagar,BTM Layout,6.0,Success,,CREDIT CARD,67.78,4.1,4.9,23.5
OLA101262,2024-06-24,12:02:00,CUST1338,DRV490,mini,mg road,Banashankari,7.0,Success,,UPI,121.31,4.9,4.0,22.6
OLA100887,2024-03-23,18:30:00,CUST1115,DRV247,Mini,Hebbal, Whitefield ,17.9,Cancelled by Customer,Driver taking too long,,0.0,,,0.0
OLA101380,2024-04-11,18:51:00,CUST1072,DRV252,MINI, Domlur ,KR Puram,1.5,Success,,Credit Card,47.29,2.6,5.0,8.4
OLA100673,2024-04-18,21:35:00,CUST1231,DRV221,Mini,KR Puram,Hebbal,8.6,Success,,UPI,129.19,3.9,4.8,34.9
OLA101060,2024-06-26,07:38:00,CUST1149,DRV396,Mini,BTM Layout,koramangala,13.3,Success,,UPI,186.83,4.5,4.3,41.8
OLA101034,2024-04-03,04:38:00,CUST1351,DRV389,Mini,yelahanka,Hebbal,15.6,Success,,Cash,209.61,5.0,4.7,46.8
OLA101204,2024-05-04,22:38:00,CUST1274,DRV302,Bike,Jayanagar,MG Road,5.9,Success,,CASH,59.27,3.9,4.9,16.8
OLA101398,2024-06-12,21:15:00,CUST1075,DRV369,suv,hebbal,Koramangala,9.0,Cancelled by Driver,Traffic/road closure,,0.0,,,0.0
OLA100858,2024-03-13,17:59:00,CUST1438,DRV250,Prime,MG Road,Whitefield,4.7,Success,,DEBIT CARD,128.49,,,16.8
OLA100052,2024-04-11,21:12:00,CUST1038,DRV503,Auto,btm layout,MG Road,10.5,Success,,Debit Card,119.92,4.2,4.0,29.7
OLA100223,2024-06-30,07:54:00,CUST1175,DRV255,auto,HSR Layout,MARATHAHALLI,8.4,Success,,CASH,97.68,4.9,4.6,26.8
OLA101166,2024-04-09,23:56:00,CUST1082,DRV388,Auto, Rajajinagar ,Hebbal,7.8,Success,,UPI,81.72,4.5,4.3,22.0
OLA100048,2024-04-28,07:16:00,CUST1194,DRV367,mini,yelahanka,Banashankari,10.0,Success,,upi,147.84,4.5,4.0,28.0
OLA101059,2024-02-26,19:36:00,CUST1185,DRV349,Sedan,HSR LAYOUT,Domlur,4.0,Success,,Debit Card,90.02,4.8,3.9,13.7
OLA100837,2024-05-18,06:13:00,CUST1305,DRV205,auto,hebbal,Jayanagar,5.6,Success,,Wallet,76.35,3.9,4.7,21.8
OLA100300,2024-04-26,04:23:00,CUST1360,DRV301,Mini,KR Puram,JP Nagar,2.9,Cancelled by Driver,Vehicle breakdown,,0.0,,,0.0
OLA100488,2024-05-22,16:50:00,CUST1154,DRV472,Sedan,Sarjapur Road,Rajajinagar,3.2,Success,,UPI,66.96,4.5,4.3,14.4
OLA100213,2024-01-20,10:15:00,CUST1369,DRV520,Sedan,DOMLUR,jayanagar,3.2,Success,,Ola Money,73.54,4.5,3.8,15.0
OLA101080,2024-05-26,08:05:00,CUST1224,DRV325,sedan,JP Nagar,MARATHAHALLI,5.4,Cancelled by Customer,Wrong pickup location,,0.0,,,0.0
OLA100396,2024-03-29,11:43:00,CUST1397,DRV289,Sedan,MG Road,JP NAGAR,8.7,Success,,Cash,150.6,4.2,4.0,32.0
OLA100656,2024-05-28,15:57:00,CUST1321,DRV473,BIKE,BTM LAYOUT,Bellandur,3.4,Success,,UPI,44.38,5.0,4.4,12.4
OLA100439,2024-04-10,22:48:00,,DRV494,SUV,BTM Layout,KR Puram,6.8,Success,, Cash ,146.09,3.5,4.4,23.0
OLA100150,2024-04-20,13:55:00,CUST1028,DRV263, SUV ,hebbal,HSR Layout,7.3,Cancelled by Driver,Customer not reachable,,0.0,,,0.0
OLA101430,2024-01-10,17:28:00,CUST1046,DRV382,bike, BTM Layout ,Sarjapur Road,5.1,Success,,Credit Card,57.65,3.3,4.7,21.4
OLA101400,2024-03-16,18:49:00,CUST1220,DRV406,SUV,indiranagar,KR Puram,13.5,Success,,credit card,276.67,4.0,4.6,34.3
OLA100391,2024-06-22,17:51:00,CUST1161,DRV411,Prime,Malleshwaram,Sarjapur Road,9.2,Cancelled by Customer,Driver taking too long,,0.0,,,0.0
OLA100966,2024-02-29,09:21:00,CUST1024,DRV488,SUV,Malleshwaram,Domlur,9.6,Cancelled by Driver,Too far from pickup,,0.0,,,0.0
OLA100578,2024-02-01,08:27:00,CUST1371,DRV455,Mini,Sarjapur Road,Domlur,1.7,Cancelled by Customer,Wrong pickup location,,0.0,,,0.0
OLA100977,2024-02-26,07:56:00,CUST1386,DRV347,Sedan,KR PURAM, Yelahanka ,2.6,Success,,Credit Card,58.82,3.8,4.2,15.4
OLA101007,2024-01-08,19:59:00,CUST1241,DRV511,Auto,AIRPORT (KIA),HSR Layout,14.1,Cancelled by Customer,Price too high,,0.0,,,0.0
OLA100904,2024-01-03,13:43:00,CUST1075,DRV438,auto,Malleshwaram, Hebbal ,6.3,Success,,Debit Card,84.11,4.6,4.3,20.7
OLA101488,2024-02-28,09:03:00,CUST1416,DRV347,Sedan,Malleshwaram,Marathahalli,3.7,Success,,UPI,81.56,4.2,4.4,12.1
OLA100200,2024-05-03,17:01:00,CUST1003,DRV472,SUV,Koramangala,Indiranagar,5.1,Success,,Debit Card,122.68,,,11.8
OLA100109,2024-03-10,08:32:00,CUST1058,DRV376,Sedan,Hebbal,domlur,8.3,Success,,Cash,145.8,5.0,3.7,31.1
OLA100309,2024-05-22,07:06:00,CUST1241,DRV265, Auto ,JP NAGAR,HSR Layout,10.3,Cancelled by Driver,Vehicle breakdown,,0.0,,,0.0
OLA101125,2024-04-07,08:54:00,CUST1362,,Sedan,KR Puram,banashankari,4.3,Driver Not Found,No drivers available in area,,0.0,,,0.0
OLA100696,2024-01-11,13:58:00,CUST1001,DRV314,Auto,KR Puram, Jayanagar ,9.0,Success,,debit card,94.17,,,21.2
OLA100209,2024-03-04,17:05:00,CUST1137,DRV278,Sedan,Electronic City,Rajajinagar,3.7,Success,,UPI,76.3,4.0,4.6,16.1
OLA100438,2024-01-03,16:40:00,CUST1195,DRV227,Sedan,Indiranagar,Banashankari,5.5,Success,,UPI,108.2,4.7,5.0,16.5
OLA100237,2024-04-13,13:17:00,CUST1355,DRV388,sedan,Airport (KIA), Yelahanka ,5.1,Cancelled by Customer,Wrong pickup location,,0.0,,,0.0
OLA100871,2024-05-03,23:38:00,CUST1279,DRV202,MINI,Marathahalli,MG ROAD,9.4,Success,,UPI,124.19,4.4,4.5,35.9
OLA100562,2024-02-07,09:56:00,CUST1354,DRV269,Sedan,Indiranagar,Hebbal,11.1,Success,,UPI,181.23,5.0,4.3,23.5
OLA100493,2024-04-21,17:58:00,CUST1176,DRV245,SUV,Domlur,malleshwaram,6.5,Success,,CASH,144.13,3.4,4.6,21.8
OLA101211,2024-04-24,07:48:00,CUST1444,DRV333,Mini,INDIRANAGAR,Sarjapur Road,11.6,Success,,UPI,143.33,4.6,4.0,29.9
OLA101032,2024-03-26,19:23:00,CUST1057,DRV291,PRIME,JP Nagar,Bellandur,0.9,Success,,credit card,59.11,5.0,4.3,10.7
OLA100743,2024-03-30,13:31:00,CUST1325,DRV388,Auto,BELLANDUR,KR Puram,4.7,Success,,Credit Card,74.67,4.3,4.1,22.1
OLA100842,2024-04-20,03:45:00,CUST1396,DRV398,mini,Domlur,Whitefield,11.1,Success,,UPI,165.84,3.3,3.9,23.4
OLA100331,2024-01-20,18:20:00,CUST1123,DRV369,Prime,Indiranagar,JP Nagar,6.3,Success,,Cash,147.68,3.5,4.3,19.4
OLA101238,2024-01-25,12:47:00,CUST1172,DRV323,SUV,AIRPORT (KIA),Indiranagar,4.5,Success,,CREDIT CARD,105.69,4.8,4.2,14.4
OLA100990,2024-05-06,08:19:00,CUST1379,DRV372,Bike,indiranagar,Banashankari,5.8,Success,,UPI,70.47,3.7,4.0,15.1
OLA101392,2024-04-21,15:31:00,CUST1320,,SEDAN,JP NAGAR,Electronic City,13.9,Driver Not Found,No drivers available in area,,0.0,,,0.0
OLA100447,2024-04-08,08:24:00,CUST1260,DRV250,BIKE, Airport (KIA) ,Sarjapur Road,5.3,Success,,Credit Card,49.44,3.8,4.5,15.4
OLA100105,2024-05-22,10:48:00,CUST1142,DRV493,Mini,RAJAJINAGAR,SARJAPUR ROAD,2.2,Cancelled by Customer,Price too high,,0.0,,,0.0
OLA101356,2024-06-22,14:57:00,CUST1302,DRV499,Prime,KR Puram,HSR Layout,2.6,Success,,cash,91.86,3.8,4.5,9.0
OLA101378,2024-03-11,09:08:00,CUST1238,DRV512, Bike , Indiranagar ,Banashankari,7.6,Success,,UPI,61.73,4.8,3.7,31.4
OLA100140,2024-03-09,18:46:00,CUST1217,DRV240,Sedan,HSR Layout,Sarjapur Road,5.0,Success,,Cash,93.81,3.7,4.7,17.1
OLA101316,2024-04-09,14:21:00,CUST1090,DRV479,Auto,koramangala,KR Puram,7.1,Success,,UPI,74.19,3.2,3.3,15.8
OLA100787,2024-03-14,09:27:00,CUST1266,DRV317,Sedan, Whitefield ,Yelahanka,6.8,Success,,credit card,122.4,4.5,4.8,23.7
OLA101450,2024-06-12,08:41:00,CUST1449,DRV318,Mini,BTM Layout,Electronic City,2.4,Cancelled by Customer,Change of plans,,0.0,,,0.0
OLA100833,2024-02-09,05:41:00,CUST1016,DRV509,Auto,malleshwaram,HSR LAYOUT,8.5,Cancelled by Customer,Wrong pickup location,,0.0,,,0.0
OLA100940,2024-06-27,14:06:00,CUST1027,DRV377,Bike,Domlur,Airport (KIA),10.0,Success,,UPI,83.39,4.1,4.7,38.0
OLA100087,2024-03-05,17:46:00,CUST1392,DRV270,Auto,Indiranagar,Yelahanka,7.2,Success,,Ola Money,96.26,3.9,4.8,21.5
OLA100236,2024-06-22,11:09:00,CUST1295,DRV337,Auto,Bellandur,Airport (KIA),3.7,Cancelled by Customer,Change of plans,,0.0,,,0.0
OLA101361,2024-01-12,12:54:00,CUST1429,DRV305,mini,btm layout,WHITEFIELD,3.9,Success,,Cash,73.44,3.6,5.0,18.6
OLA100400,2024-05-12,14:20:00,CUST1402,DRV449,Sedan,jp nagar,Domlur,6.3,Success,,UPI,104.63,3.9,4.3,21.9
OLA100035,2024-05-10,07:57:00,CUST1295,DRV297,Mini,Rajajinagar,Koramangala,5.3,Cancelled by Customer,Wrong pickup location,,0.0,,,0.0
OLA101093,2024-01-02,11:26:00,CUST1204,DRV251,sedan,Hebbal,Whitefield,12.3,Cancelled by Customer,Booked by mistake,,0.0,,,0.0
OLA100967,2024-03-23,11:48:00,CUST1091,DRV273,Mini,JAYANAGAR,KR PURAM,5.9,Success,, UPI ,95.47,3.7,5.0,15.9
OLA100384,2024-06-11,00:05:00,CUST1421,DRV274,Sedan,Domlur,Rajajinagar,15.4,Success,,Credit Card,233.24,4.6,4.4,45.5
OLA101124,2024-01-23,09:39:00,CUST1275,DRV316,Sedan,Hebbal,MG Road,3.1,Success,,Credit Card,85.83,,,13.6
OLA100994,2024-06-22,08:20:00,CUST1314,DRV390,SUV,HSR Layout, Electronic City ,14.8,Success,,upi,290.11,4.6,4.1,38.1
OLA100047,2024-04-13,17:53:00,CUST1239,DRV265,Prime,JP Nagar,Koramangala,3.8,Success,,Cash,118.21,4.4,4.5,10.9
OLA100510,2024-01-03,17:53:00,CUST1034,DRV206,Sedan,malleshwaram,MG Road,,Success,,UPI,99.96,5.0,4.2,13.3
OLA100788,2024-01-24,07:03:00,CUST1043,DRV346,SUV,Airport (KIA),Koramangala,7.3,Success,,Cash,175.26,3.7,4.6,23.8
OLA100821,2024-04-16,07:58:00,CUST1114,DRV212,Mini,Bellandur,Electronic City,5.7,Success,,Credit Card,88.3,4.0,4.9,17.2
OLA101192,2024-04-01,18:30:00,CUST1189,DRV455,Sedan, Airport (KIA) ,Yelahanka,15.2,Success,,Credit Card,244.18,4.5,5.0,46.1
OLA100657,2024-04-06,13:15:00,CUST1053,DRV367,SUV,JAYANAGAR,Bellandur,8.6,Success,,UPI,183.43,5.0,4.4,26.0
OLA101236,2024-06-28,13:51:00,CUST1196,DRV475,Auto,rajajinagar,Domlur,8.3,Success,,UPI,100.01,4.0,3.5,20.7
OLA100997,2024-06-08,12:10:00,CUST1034,DRV379,AUTO,btm layout, Bellandur ,5.5,Cancelled by Driver,Too far from pickup,,0.0,,,0.0
OLA100916,2024-03-01,19:34:00,CUST1133,DRV513, Auto ,Domlur,MG Road,3.7,Success,,CREDIT CARD,57.57,5.0,4.3,17.7
OLA100347,2024-05-22,08:10:00,CUST1299,DRV330,Mini, KR Puram ,Electronic City,5.1,Cancelled by Driver,Traffic/road closure,,0.0,,,0.0
OLA100963,2024-01-31,10:52:00,CUST1172,DRV502,SUV,MG Road,INDIRANAGAR,3.0,Cancelled by Driver,Personal emergency,,0.0,,,0.0
OLA100965,2024-02-08,20:37:00,CUST1303,DRV389,auto,KR Puram,BELLANDUR,7.4,Success,,debit card,83.81,3.8,5.0,19.5
OLA100301,2024-03-02,10:38:00,CUST1228,DRV290,PRIME,AIRPORT (KIA),Domlur,3.1,Success,, Debit Card ,93.54,4.3,5.0,9.8
OLA100950,2024-01-13,08:41:00,CUST1019,DRV294,auto,kr puram, Domlur ,3.6,Success,,wallet,53.32,,,17.9
OLA100254,2024-05-14,05:45:00,CUST1295,DRV239,Sedan,MALLESHWARAM,Banashankari,2.4,Cancelled by Customer,Driver taking too long,,0.0,,,0.0
OLA100270,2024-03-11,09:56:00,CUST1076,DRV217,SUV,Domlur,BTM Layout,3.4,Success,,UPI,95.62,4.0,4.9,11.6
OLA100812,2024-01-11,16:56:00,CUST1142,DRV268, Mini , Indiranagar ,marathahalli,5.4,Success,,Credit Card,104.09,5.0,4.4,22.4
OLA101038,2024-01-21,10:40:00,CUST1383,DRV354,Sedan,koramangala,Jayanagar,,Success,,DEBIT CARD,106.51,4.2,3.6,17.2
OLA100579,2024-04-12,10:42:00,CUST1308,DRV407,prime,Malleshwaram, Marathahalli ,4.2,Success,,UPI,103.42,4.2,4.2,17.7
OLA101411,2024-04-22,12:18:00,CUST1200,DRV283,Mini,KR PURAM,electronic city,6.5,Success,,UPI,108.28,4.4,3.9,19.2
OLA100464,2024-01-01,16:16:00,CUST1006,DRV434,SEDAN,airport (kia),Sarjapur Road,14.4,Success,,Credit Card,240.82,4.4,3.5,38.0
OLA100076,2024-05-09,08:00:00,CUST1144,DRV352,Bike,Sarjapur Road,AIRPORT (KIA),12.5,Success,,Debit Card,115.96,5.0,4.9,34.3
OLA100978,2024-03-29,17:45:00,CUST1065,DRV447,BIKE,AIRPORT (KIA), Rajajinagar ,7.0,Success,,Ola Money,77.62,4.7,5.0,22.6
OLA101423,2024-04-19,11:59:00,CUST1060,DRV432,Sedan,Indiranagar,Rajajinagar,11.9,Success,,debit card,207.43,5.0,4.2,28.4
OLA100724,2024-02-11,07:01:00,CUST1310,DRV251,Mini,MG Road, Sarjapur Road ,11.0,Success,, UPI ,158.24,4.5,4.3,26.2
OLA101046,2024-01-06,18:18:00,CUST1284,DRV451,PRIME,Bellandur,sarjapur road,5.4,Success,,upi,126.95,4.1,4.7,13.4
OLA100815,2024-03-09,08:40:00,CUST1413,DRV402,Mini,BTM Layout,KR Puram,17.9,Cancelled by Driver,Vehicle breakdown,,0.0,,,0.0
OLA100951,2024-03-06,01:54:00,CUST1439,DRV380,SUV,Indiranagar,Marathahalli,5.3,Success,,UPI,120.89,4.8,5.0,18.2
OLA100989,2024-05-23,07:55:00,CUST1250,DRV503,Mini,Electronic City,RAJAJINAGAR,1.8,Success,,UPI,53.29,4.1,4.6,9.2
OLA100071,2024-05-20,03:05:00,CUST1161,DRV329,sedan,Bellandur,JP Nagar,,Success,,UPI,309.95,4.7,4.4,43.2
OLA100557,2024-04-16,07:37:00,CUST1306,DRV244,Mini,hebbal,malleshwaram,9.4,Success,,Cash,148.05,4.9,4.6,32.4
OLA100574,2024-04-29,06:08:00,CUST1253,DRV384,Auto,JP NAGAR,Indiranagar,11.9,Success,,credit card,112.67,4.5,3.6,35.3
OLA101476,2024-05-22,17:40:00,CUST1268,,BIKE,Koramangala,Domlur,3.9,Driver Not Found,No drivers available in area,,0.0,,,0.0
OLA100293,2024-06-01,08:58:00,CUST1372,DRV234,MINI,jp nagar,Bellandur,8.5,Cancelled by Customer,Price too high,,0.0,,,0.0
OLA101473,2024-04-14,12:42:00,CUST1071,DRV227,Mini,Whitefield,electronic city,7.6,Success,,UPI,101.98,4.5,3.7,26.1
OLA100682,2024-05-30,07:04:00,CUST1065,DRV332,Bike,btm layout,JP Nagar,7.9,Success,, Wallet ,84.27,4.5,4.9,18.0
OLA100688,2024-03-01,21:49:00,CUST1307,DRV517,Sedan,mg road,Airport (KIA),1.8,Success,,UPI,57.57,3.9,4.8,7.9
OLA101212,2024-02-29,21:55:00,CUST1070,DRV456,SEDAN,Bellandur,rajajinagar,2.1,Success,,Credit Card,44.98,4.2,4.4,11.1
OLA100644,2024-05-22,08:09:00,CUST1436,DRV463,SUV,MG Road,Indiranagar,6.7,Success,,UPI,163.4,4.3,4.7,23.5
OLA101001,2024-01-24,20:39:00,CUST1075,,Mini,KORAMANGALA,banashankari,4.8,Driver Not Found,No drivers available in area,,0.0,,,0.0
OLA100753,2024-04-02,17:24:00,CUST1312,DRV229,PRIME,YELAHANKA,MG Road,6.7,Cancelled by Customer,Found alternate transport,,0.0,,,0.0
OLA101267,2024-04-07,02:48:00,CUST1139,DRV305, Bike ,Airport (KIA),Rajajinagar,10.4,Success,,Credit Card,101.09,,,32.7
OLA101149,2024-03-19,20:47:00,CUST1292,DRV477,mini,Yelahanka,indiranagar,8.3,Success,,Wallet,122.33,4.0,4.6,25.5
OLA101406,2024-02-19,18:25:00,CUST1277,DRV276,Mini,HEBBAL,JP Nagar,14.8,Cancelled by Driver,Vehicle breakdown,,0.0,,,0.0
OLA101436,2024-06-12,08:08:00,CUST1349,DRV472,Auto,marathahalli, Rajajinagar ,5.8,Success,,Ola Money,86.31,4.4,3.5,16.4
OLA101154,2024-02-22,21:41:00,CUST1377,DRV339,SEDAN,Koramangala,KR Puram,6.0,Success,,Debit Card,123.71,,,15.2
OLA101446,2024-03-30,11:56:00,CUST1070,DRV369, SUV ,RAJAJINAGAR,KR Puram,3.8,Success,,debit card,85.15,3.5,3.1,12.9
OLA100541,2024-02-23,18:05:00,CUST1317,DRV371,Auto,Indiranagar, JP Nagar ,3.9,Success,,upi,74.56,4.1,4.0,10.4
OLA101175,2024-02-08,07:07:00,CUST1272,DRV516,Sedan,jp nagar,Sarjapur Road,6.3,Success,,UPI,122.06,4.5,4.1,24.3
OLA100666,2024-05-27,18:36:00,CUST1267,DRV296,Auto,MALLESHWARAM,KORAMANGALA,3.2,Cancelled by Driver,Customer not reachable,,0.0,,,0.0
OLA100496,2024-02-09,09:55:00,CUST1343,DRV264,Mini, Whitefield ,Koramangala,10.0,Cancelled by Driver,Personal emergency,,0.0,,,0.0
OLA100518,2024-04-03,14:21:00,CUST1041,DRV435,Auto,Hebbal,Jayanagar,9.9,Success,,CREDIT CARD,99.5,4.7,5.0,28.6
OLA101291,2024-03-07,15:35:00,CUST1416,DRV369,AUTO,Yelahanka,jp nagar,1.5,Success,,UPI,31.67,4.3,3.9,8.3
OLA100203,2024-06-15,18:05:00,CUST1207,DRV394,Sedan,airport (kia),Indiranagar,5.5,Success,,Credit Card,111.1,4.3,4.1,24.3
OLA101010,2024-03-22,20:10:00,CUST1300,DRV387,SUV,Bellandur,KR Puram,6.9,Success,,cash,164.33,4.9,4.5,28.8
OLA100864,2024-02-14,11:20:00,CUST1264,DRV281,Sedan,mg road, HSR Layout ,5.9,Success,,credit card,112.73,,,19.3
OLA100575,2024-06-24,22:28:00,CUST1115,DRV483,Sedan,Rajajinagar,Jayanagar,2.2,Cancelled by Driver,Personal emergency,,0.0,,,0.0
OLA101290,2024-06-21,13:05:00,CUST1342,,Bike,Yelahanka,Bellandur,5.7,Driver Not Found,No drivers available in area,,0.0,,,0.0
OLA100913,2024-05-10,18:03:00,CUST1359,DRV304,SUV,JP Nagar, Airport (KIA) ,5.1,Cancelled by Driver,Customer not reachable,,0.0,,,0.0
OLA100462,2024-05-10,16:10:00,CUST1193,DRV481,Sedan,HSR Layout,Banashankari,7.1,Success,,UPI,131.36,4.1,4.9,28.4
OLA100690,2024-01-25,16:26:00,CUST1119,DRV506,AUTO,Domlur,Koramangala,4.1,Success,,UPI,61.4,5.0,4.1,16.0
OLA100948,2024-04-28,01:00:00,CUST1238,DRV218, Prime ,airport (kia),Sarjapur Road,,Success,,Credit Card,65.54,4.0,4.7,7.9
OLA100569,2024-05-03,18:02:00,CUST1100,DRV255,Mini,MALLESHWARAM,DOMLUR,2.8,Success,,credit card,47.58,,,10.2
OLA101366,2024-03-14,13:50:00,CUST1021,DRV360, Sedan ,INDIRANAGAR,jp nagar,8.4,Success,,UPI,145.64,3.0,5.0,21.1
OLA101058,2024-03-03,18:21:00,CUST1151,DRV427, Sedan ,KR Puram,Marathahalli,18.8,Success,,UPI,295.25,5.0,5.0,42.2
OLA101017,2024-06-23,18:13:00,CUST1175,DRV457,SUV,Marathahalli,Whitefield,3.5,Success,,Ola Money,93.4,4.6,3.1,13.5
OLA100167,2024-06-13,18:16:00,CUST1312,DRV447,Mini,BTM Layout,Hebbal,3.4,Success,,UPI,69.14,4.1,4.1,10.2
OLA101286,2024-04-22,18:27:00,CUST1390,, Mini ,JP Nagar,Domlur,,Driver Not Found,No drivers available in area,,0.0,,,0.0
OLA100762,2024-04-18,09:23:00,CUST1408,DRV264,SUV,Domlur,Sarjapur Road,2.0,Success,,UPI,57.66,3.2,4.9,9.5
OLA101363,2024-02-12,18:51:00,CUST1326,DRV499,MINI,Jayanagar,Malleshwaram,6.6,Success,,UPI,116.19,4.2,5.0,18.9
OLA100425,2024-06-07,19:49:00,CUST1317,DRV322,sedan,whitefield,sarjapur road,4.7,Success,,UPI,105.37,4.4,4.0,16.8
OLA100033,2024-02-27,02:12:00,CUST1204,DRV368,Mini,Whitefield,HEBBAL,7.1,Success,,upi,103.63,4.3,4.4,22.5
OLA100092,2024-03-18,16:07:00,CUST1071,DRV223,BIKE,Hebbal,Malleshwaram,2.6,Success,,UPI,34.08,4.6,4.3,10.4
OLA101452,2024-03-13,09:54:00,CUST1266,DRV468,SUV,Bellandur,Domlur,10.8,Success,,CREDIT CARD,228.0,5.0,4.5,40.2
OLA100428,2024-02-23,17:59:00,CUST1426,DRV240,Sedan,Indiranagar,Bellandur,3.8,Cancelled by Driver,Personal emergency,,0.0,,,0.0
OLA101219,2024-02-12,20:30:00,CUST1287,DRV505,MINI,BTM Layout,whitefield,2.6,Cancelled by Driver,Vehicle breakdown,,0.0,,,0.0
OLA100422,2024-06-14,18:51:00,CUST1224,DRV298,Mini,BELLANDUR,BANASHANKARI,4.0,Success,,cash,80.73,,,19.2
OLA100437,2024-01-21,18:58:00,CUST1394,DRV371,SEDAN,RAJAJINAGAR,KR Puram,5.4,Success,,Ola Money,118.51,4.5,5.0,17.7
OLA101051,2024-03-04,07:40:00,CUST1241,DRV246,Prime,koramangala,Rajajinagar,4.7,Cancelled by Customer,Driver taking too long,,0.0,,,0.0
OLA100134,2024-04-16,08:42:00,CUST1043,DRV468,Prime,whitefield,JP Nagar,1.3,Cancelled by Customer,Price too high,,0.0,,,0.0
OLA101176,2024-01-30,17:09:00,CUST1227,DRV249,Auto,Electronic City,Rajajinagar,6.8,Success,,Wallet,83.58,4.1,4.0,19.7
OLA100405,2024-05-30,14:28:00,CUST1211,DRV285,Mini,Koramangala,HSR Layout,5.3,Success,,UPI,95.13,5.0,4.1,16.4
OLA101074,2024-04-16,18:17:00,CUST1117,DRV334,Sedan,HEBBAL,Bellandur,12.5,Success,,Cash,194.35,5.0,4.7,39.1
OLA100008,2024-06-13,12:16:00,CUST1071,DRV326,Auto, JP Nagar ,Marathahalli,4.3,Success,,Wallet,71.81,3.9,4.3,14.0
OLA100878,2024-05-23,05:18:00,CUST1308,DRV308,SUV,MG Road,Sarjapur Road,7.4,Success,,UPI,156.54,3.6,4.4,21.8
OLA100434,2024-02-26,08:20:00,CUST1011,DRV341, Bike ,Malleshwaram,sarjapur road,2.5,Success,,UPI,47.12,5.0,3.8,12.5
OLA101435,2024-03-28,19:17:00,CUST1128,DRV293,Bike, Bellandur , Airport (KIA) ,5.0,Success,,UPI,62.81,3.8,4.4,20.0
OLA100725,2024-04-22,10:13:00,CUST1365,DRV217,Bike,JP Nagar,Jayanagar,7.2,Success,, Credit Card ,71.46,4.9,5.0,21.2
OLA101068,2024-06-02,13:36:00,CUST1004,DRV497,Sedan,MG Road,Airport (KIA),7.4,Success,,cash,141.92,4.4,4.1,20.9
OLA100470,2024-06-04,19:16:00,CUST1269,DRV494,Prime,Banashankari,Electronic City,4.1,Success,,Debit Card,115.43,4.2,4.3,13.7
OLA101040,2024-01-13,10:30:00,CUST1110,DRV423,mini,HSR Layout,Hebbal,10.7,Success,,UPI,147.75,3.0,3.8,30.3
OLA101344,2024-05-15,20:40:00,CUST1254,DRV470,Mini,Koramangala,Banashankari,8.4,Success,, Cash ,130.45,4.0,4.9,25.2
OLA100231,2024-05-20,13:36:00,CUST1058,DRV337,auto,Banashankari,SARJAPUR ROAD,2.1,Success,,Wallet,56.48,5.0,4.4,9.8
OLA100170,2024-03-10,07:39:00,CUST1379,DRV500,Mini,Indiranagar,JP Nagar,6.4,Success,,CASH,92.17,4.4,4.3,23.8
OLA100582,2024-05-19,01:48:00,CUST1016,DRV420, Bike ,MG Road,RAJAJINAGAR,11.5,Cancelled by Customer,Found alternate transport,,0.0,,,0.0
OLA100562,2024-02-07,09:56:00,CUST1354,DRV269,Sedan,INDIRANAGAR,Hebbal,11.1,Success,,UPI,181.23,5.0,4.3,23.5
OLA100905,2024-01-04,12:13:00,CUST1144,DRV503,Mini,Airport (KIA),HEBBAL,3.8,Success,,UPI,56.95,4.7,4.5,10.0
OLA100587,2024-03-19,07:10:00,CUST1010,DRV475,Sedan,KR Puram,RAJAJINAGAR,,Cancelled by Driver,Too far from pickup,,0.0,,,0.0
OLA100794,2024-02-17,11:00:00,,DRV420, Sedan ,Whitefield,JP Nagar,5.8,Success,,UPI,111.63,3.6,4.0,22.6
OLA101002,2024-02-05,13:28:00,CUST1217,DRV441, Sedan ,MALLESHWARAM,MG Road,4.1,Success,,upi,79.62,4.2,3.8,14.8
OLA100534,2024-03-10,08:08:00,CUST1016,DRV491,Mini,ELECTRONIC CITY,MG Road,4.8,Success,,Ola Money,93.35,4.2,4.9,18.2
OLA100041,2024-04-18,08:51:00,CUST1356,DRV465,Sedan,jp nagar,BTM Layout,2.9,Success,,CASH,83.12,4.6,4.7,13.5
OLA101016,2024-04-25,19:43:00,CUST1425,DRV287,Mini,Sarjapur Road,Bellandur,6.8,Success,,CREDIT CARD,94.47,4.2,4.7,17.4
OLA100826,2024-02-02,07:24:00,CUST1180,DRV363,Sedan, Airport (KIA) ,RAJAJINAGAR,7.3,Success,,Ola Money,135.25,4.2,4.0,29.6
OLA100387,2024-03-31,17:25:00,CUST1300,DRV302,SUV,whitefield,MG Road,4.9,Success,,upi,119.69,5.0,4.7,16.9
OLA100956,2024-05-24,13:36:00,,DRV480,auto,JP Nagar,MG ROAD,6.8,Success,,Cash,94.83,4.6,5.0,26.6
OLA100593,2024-06-09,17:55:00,CUST1095,DRV495,Sedan,KR Puram,Marathahalli,14.1,Success,,CASH,240.51,4.2,4.3,38.4
OLA101323,2024-01-10,12:00:00,CUST1292,DRV381,Mini,Banashankari,Yelahanka,12.5,Cancelled by Customer,Booked by mistake,,0.0,,,0.0
OLA100016,2024-02-26,00:45:00,CUST1323,DRV230,mini,Indiranagar,Banashankari,10.2,Success,,UPI,129.33,3.8,4.2,25.6
OLA101458,2024-03-24,07:05:00,CUST1261,DRV432,SEDAN,JP Nagar,BTM Layout,4.7,Success,,Cash,102.69,3.7,4.6,14.1
OLA100651,2024-03-18,17:20:00,CUST1176,DRV204,Bike,Malleshwaram,electronic city,7.0,Success,,debit card,78.01,5.0,3.9,25.4
OLA100680,2024-05-06,21:02:00,CUST1143,,BIKE,DOMLUR,Jayanagar,2.6,Driver Not Found,No drivers available in area,,0.0,,,0.0
OLA100190,2024-06-13,17:50:00,CUST1268,DRV363,Auto,Rajajinagar,Electronic City,9.3,Success,,upi,98.4,3.8,4.6,25.3
OLA101035,2024-04-24,09:40:00,CUST1018,DRV505,Mini,Indiranagar,Sarjapur Road,6.3,Success,,credit card,106.46,4.4,3.7,22.3
OLA100013,2024-03-19,08:15:00,CUST1449,,BIKE,Whitefield,Malleshwaram,5.6,Driver Not Found,No drivers available in area,,0.0,,,0.0
OLA100954,2024-01-28,16:51:00,CUST1160,DRV461,AUTO,MALLESHWARAM,Domlur,9.3,Cancelled by Driver,Personal emergency,,0.0,,,0.0
OLA101052,2024-04-27,10:55:00,CUST1122,DRV289,Sedan, Jayanagar ,BANASHANKARI,12.6,Success,,Cash,195.38,3.0,4.5,46.5
OLA101088,2024-05-27,07:49:00,CUST1075,DRV305,Sedan,MG ROAD,koramangala,5.6,Cancelled by Driver,Vehicle breakdown,,0.0,,,0.0
OLA100204,2024-03-25,15:54:00,CUST1048,DRV470,Bike,btm layout, Jayanagar ,3.7,Success,,Ola Money,64.24,4.4,5.0,12.2
OLA100731,2024-02-13,08:06:00,CUST1307,DRV366,PRIME,Bellandur,electronic city,16.0,Success,,Ola Money,344.96,5.0,4.8,35.5
OLA100732,2024-05-03,05:01:00,CUST1311,DRV499,Sedan,MALLESHWARAM,BTM Layout,3.1,Success,,Debit Card,73.5,4.5,4.3,12.4
OLA100918,2024-05-06,10:17:00,CUST1200,DRV397,Auto,MG Road,AIRPORT (KIA),12.1,Success,,Cash,124.31,4.4,4.8,44.2
OLA100218,2024-06-02,13:25:00,CUST1273,,Bike,RAJAJINAGAR,Sarjapur Road,4.2,Driver Not Found,No drivers available in area,,0.0,,,0.0
OLA101224,2024-04-15,07:00:00,CUST1295,DRV222,Auto,Marathahalli,YELAHANKA,14.5,Success,,wallet,152.57,3.4,4.0,46.0
OLA100710,2024-04-29,17:29:00,CUST1174,DRV243,SEDAN,Jayanagar, KR Puram ,2.8,Success,,cash,77.3,5.0,4.7,12.7
OLA100038,2024-06-16,09:28:00,CUST1226,DRV309,SUV,HSR Layout,Whitefield,13.4,Success,,Wallet,264.71,3.7,4.1,32.7
OLA100693,2024-05-11,21:48:00,CUST1183,DRV359,suv,JP Nagar,electronic city,9.7,Success,,upi,194.02,4.1,4.5,29.7
OLA101386,2024-01-15,06:38:00,CUST1036,DRV263,Bike,Sarjapur Road,HEBBAL,14.0,Success,,UPI,102.27,4.1,4.2,44.7
OLA101311,2024-03-15,14:48:00,CUST1233,,Mini,Koramangala,KR Puram,6.8,Driver Not Found,No drivers available in area,,0.0,,,0.0
OLA101328,2024-06-03,15:06:00,CUST1185,DRV258,Mini,Marathahalli,Banashankari,7.8,Success,,UPI,110.35,4.5,5.0,23.4
OLA101417,2024-03-19,08:03:00,CUST1371,DRV286, Bike ,Yelahanka,Indiranagar,,Success,,upi,37.83,3.7,4.5,15.2
OLA100516,2024-03-09,07:21:00,CUST1200,DRV494,Mini,AIRPORT (KIA),Malleshwaram,,Cancelled by Customer,Change of plans,,0.0,,,0.0
OLA100823,2024-01-12,16:11:00,CUST1219,DRV471, Sedan ,HSR Layout,KR Puram,8.8,Success,,UPI,142.71,3.8,4.5,30.7
OLA100149,2024-06-13,06:29:00,CUST1348,,Sedan,JP Nagar,Domlur,8.6,Driver Not Found,No drivers available in area,,0.0,,,0.0
OLA100712,2024-02-27,12:43:00,CUST1385,DRV406,Auto,JP Nagar,hebbal,11.6,Success,,UPI,117.58,5.0,5.0,31.5
OLA101449,2024-06-26,12:21:00,CUST1013,DRV269,Bike,Koramangala,Whitefield,4.4,Cancelled by Customer,Booked by mistake,,0.0,,,0.0
OLA100664,2024-01-23,18:42:00,CUST1319,, Sedan ,BELLANDUR,Yelahanka,3.9,Driver Not Found,No drivers available in area,,0.0,,,0.0
OLA100592,2024-03-18,13:19:00,CUST1221,DRV476,Sedan,Rajajinagar,Bellandur,5.8,Success,,Ola Money,103.74,4.5,4.6,18.0
OLA100945,2024-01-15,18:35:00,CUST1198,DRV347,bike,jp nagar,KR Puram,2.4,Success,,Wallet,42.12,4.1,4.5,8.6
OLA100247,2024-06-17,19:13:00,CUST1265,DRV510,SUV,bellandur,Hebbal,12.6,Cancelled by Customer,Driver taking too long,,0.0,,,0.0
OLA100448,2024-01-11,08:33:00,CUST1156,DRV370,Sedan,HSR Layout,koramangala,2.3,Success,,Wallet,57.6,3.6,4.6,8.6
OLA100958,2024-01-30,17:28:00,CUST1375,DRV409,Sedan,Banashankari,SARJAPUR ROAD,3.6,Cancelled by Driver,Personal emergency,,0.0,,,0.0
OLA101243,2024-01-26,07:08:00,CUST1379,DRV509,SUV,kr puram,Malleshwaram,4.3,Success,,Credit Card,103.4,4.0,4.6,19.3
OLA101310,2024-05-15,11:33:00,CUST1302,DRV513,Bike,jayanagar, KR Puram ,16.8,Success,,Cash,138.89,3.7,3.2,62.1
OLA101265,2024-06-05,07:11:00,CUST1112,DRV343,Mini,btm layout,Yelahanka,4.1,Cancelled by Customer,Found alternate transport,,0.0,,,0.0
OLA100124,2024-03-28,21:31:00,CUST1098,DRV315,Prime,Electronic City,Whitefield,6.2,Cancelled by Customer,Price too high,,0.0,,,0.0
OLA101150,2024-01-14,19:43:00,CUST1447,DRV422,auto,Malleshwaram,HSR Layout,12.7,Success,,Cash,131.86,3.6,3.8,44.2
OLA101375,2024-04-09,07:48:00,CUST1191,DRV348,Bike,indiranagar,JAYANAGAR,15.8,Success,,Credit Card,121.9,4.5,5.0,38.6
OLA101168,2024-06-19,11:46:00,CUST1271,DRV305,Mini,Jayanagar,Domlur,12.9,Cancelled by Customer,Wrong pickup location,,0.0,,,0.0
OLA101023,2024-02-06,18:29:00,CUST1202,DRV284,sedan,Electronic City,BTM Layout,12.1,Success,,UPI,210.89,4.5,5.0,41.4
OLA100960,2024-06-19,07:16:00,CUST1407,DRV346,sedan, MG Road , Whitefield ,10.3,Success,,Ola Money,171.46,4.6,4.9,35.7
OLA100622,2024-01-25,19:01:00,CUST1145,DRV262,Sedan,Sarjapur Road,MG Road,4.4,Success,,Credit Card,101.71,4.8,4.3,20.8
OLA101065,2024-01-21,22:03:00,CUST1228,DRV490,suv,btm layout,hebbal,5.8,Success,,UPI,143.32,3.0,5.0,18.3
OLA100007,2024-01-15,08:02:00,CUST1412,DRV361,Sedan,Whitefield,BTM Layout,6.3,Success,, Cash ,130.59,3.4,4.5,16.8
OLA100775,2024-02-01,18:13:00,CUST1337,DRV260,Mini,Domlur,hsr layout,10.0,Success,,Cash,125.16,3.0,4.5,29.0
OLA100857,2024-01-30,20:29:00,CUST1219,DRV391,Mini,Domlur,hsr layout,4.3,Success,,Cash,78.58,4.0,5.0,14.8
OLA100367,2024-06-06,17:48:00,CUST1263,DRV271,Sedan,HSR Layout,Domlur,5.7,Success,,Cash,123.26,4.4,4.2,17.3
OLA101389,2024-03-01,13:25:00,CUST1219,DRV422,prime,Indiranagar,JP Nagar,10.6,Success,,UPI,247.81,4.6,3.9,38.8
OLA101388,2024-04-17,06:16:00,CUST1018,DRV350,MINI,JP NAGAR,Rajajinagar,3.4,Success,,Debit Card,80.62,4.3,3.8,10.9
OLA101337,2024-05-27,00:13:00,CUST1367,DRV256,Bike,koramangala,KR Puram,3.5,Success,, Debit Card ,39.21,4.9,4.5,16.8
OLA101009,2024-01-15,12:45:00,CUST1031,DRV360,Mini,JP Nagar, Marathahalli ,3.1,Success,,Debit Card,78.6,5.0,5.0,9.1
OLA100620,2024-04-23,10:45:00,CUST1287,DRV448,Sedan,MG Road,HSR LAYOUT,4.9,Success,,UPI,87.31,4.4,4.0,12.8
OLA100157,2024-04-29,13:19:00,CUST1254,DRV211,Mini,Bellandur,JP Nagar,2.3,Success,,UPI,54.02,4.6,4.2,7.6
OLA101029,2024-01-09,08:26:00,CUST1091,DRV283,sedan,MALLESHWARAM,MG Road,,Success,,OLA MONEY,126.95,4.1,4.2,17.8
OLA100505,2024-01-22,21:38:00,CUST1420,DRV278,Bike,Rajajinagar,Bellandur,6.8,Success,,Credit Card,62.94,4.1,4.5,18.4
OLA100442,2024-06-16,02:19:00,CUST1086,DRV379,SUV,kr puram,Electronic City,11.3,Cancelled by Driver,Customer not reachable,,0.0,,,0.0
OLA100734,2024-06-02,22:28:00,CUST1378,,Mini,Yelahanka, Indiranagar ,5.0,Driver Not Found,No drivers available in area,,0.0,,,0.0
OLA100099,2024-04-25,13:39:00,CUST1022,DRV466,Sedan,KORAMANGALA,WHITEFIELD,11.8,Cancelled by Customer,Found alternate transport,,0.0,,,0.0
OLA101459,2024-01-31,16:11:00,CUST1032,DRV434,Auto,jayanagar,airport (kia),4.5,Success,,Wallet,74.62,4.0,3.8,14.7
OLA100385,2024-04-12,16:33:00,CUST1146,DRV505,Mini,hsr layout,Malleshwaram,3.8,Success,,UPI,69.97,4.6,3.9,15.2
OLA101276,2024-05-08,13:03:00,CUST1201,DRV269,MINI,Airport (KIA),Electronic City,3.8,Success,,debit card,82.2,3.7,4.8,12.8
OLA100471,2024-06-05,08:18:00,CUST1099,DRV200,MINI,KR Puram, MG Road ,3.3,Success,,UPI,73.42,3.8,4.0,11.9
OLA100895,2024-04-10,11:14:00,CUST1375,DRV337,Sedan,HSR Layout,BTM Layout,5.5,Success,,UPI,102.43,3.2,4.0,18.9
OLA101164,2024-05-24,14:01:00,CUST1332,DRV443,Bike,Bellandur,HEBBAL,3.5,Success,,Cash,56.57,3.2,5.0,10.3
OLA100889,2024-03-28,08:37:00,CUST1389,DRV470,SUV,Yelahanka,Hebbal,12.4,Success,,UPI,259.46,4.5,5.0,27.5
OLA100003,2024-06-27,12:17:00,CUST1079,DRV310,PRIME,Yelahanka,MG ROAD,14.7,Success,,DEBIT CARD,311.78,4.8,4.1,35.2
OLA100653,2024-05-18,09:05:00,CUST1261,DRV482,Sedan,Yelahanka, HSR Layout ,1.7,Cancelled by Driver,Traffic/road closure,,0.0,,,0.0
OLA100689,2024-06-26,05:08:00,CUST1031,DRV426,MINI,Domlur,Rajajinagar,8.6,Success,,Cash,111.57,4.8,4.3,23.7
OLA100188,2024-02-29,18:46:00,CUST1294,DRV363,SUV,Yelahanka,BTM Layout,5.8,Success,,UPI,128.45,5.0,4.5,16.1
OLA100004,2024-04-27,14:59:00,CUST1193,DRV240,SUV,Domlur,Banashankari,4.3,Success,,UPI,109.72,4.4,3.4,17.2
OLA100046,2024-04-09,19:53:00,CUST1214,DRV475,Auto,JP Nagar,btm layout,2.4,Success,,CREDIT CARD,48.85,,,10.1
OLA100413,2024-03-13,16:34:00,CUST1414,DRV337,Sedan,WHITEFIELD,Jayanagar,4.1,Success,,CREDIT CARD,76.5,2.7,4.8,14.8
OLA101384,2024-01-28,09:26:00,CUST1057,DRV481,mini,DOMLUR,Malleshwaram,6.2,Success,, Credit Card ,110.93,4.7,3.9,20.8
OLA101255,2024-05-16,13:40:00,CUST1032,DRV328,Auto,marathahalli,Yelahanka,8.3,Success,,UPI,99.23,4.5,4.4,20.0
OLA100733,2024-02-01,09:47:00,CUST1219,DRV324,SUV,Indiranagar,HSR Layout,3.6,Success,,upi,91.04,3.9,5.0,14.0
OLA101041,2024-01-02,11:01:00,CUST1400,DRV412,Auto,Marathahalli,HEBBAL,,Cancelled by Customer,Wrong pickup location,,0.0,,,0.0
OLA100377,2024-05-16,13:07:00,CUST1047,DRV446,auto,Domlur,JP Nagar,11.5,Cancelled by Driver,Personal emergency,,0.0,,,0.0
OLA100484,2024-02-15,17:57:00,CUST1303,DRV428,SUV,hebbal,Banashankari,18.1,Success,,Wallet,365.32,4.7,5.0,44.8
OLA100160,2024-06-08,17:07:00,CUST1065,DRV249,sedan,YELAHANKA,SARJAPUR ROAD,9.1,Success,,cash,170.57,4.2,3.9,31.3
OLA100058,2024-01-24,09:25:00,CUST1354,DRV324,Sedan,Sarjapur Road,banashankari,9.4,Success,,UPI,160.8,3.8,3.6,30.0
OLA100809,2024-06-02,08:08:00,CUST1148,DRV223,Prime,Indiranagar, BTM Layout ,7.6,Success,,Wallet,189.22,3.0,5.0,23.8
OLA100616,2024-05-23,04:11:00,CUST1133,DRV286,SUV,Yelahanka,AIRPORT (KIA),8.1,Success,,UPI,164.76,4.6,3.8,22.0
OLA100024,2024-06-20,17:15:00,CUST1135,DRV402,mini,Hebbal,airport (kia),1.5,Success,,Wallet,40.99,5.0,4.1,9.5
OLA101203,2024-01-16,13:14:00,CUST1324,DRV201,Sedan,domlur,Airport (KIA),2.7,Cancelled by Customer,Booked by mistake,,0.0,,,0.0
OLA101431,2024-01-07,20:28:00,CUST1140,DRV394,Auto,DOMLUR,Whitefield,3.2,Success,,Cash,62.18,5.0,4.2,13.5
OLA100527,2024-05-01,17:13:00,CUST1073,DRV338,SUV,Rajajinagar,BTM Layout,2.9,Success,,CASH,95.34,3.7,4.6,12.5
OLA100522,2024-06-07,04:44:00,CUST1332,DRV266,Mini,Indiranagar,YELAHANKA,9.5,Success,,UPI,144.12,4.7,4.7,28.5
OLA101326,2024-03-17,17:08:00,CUST1356,DRV332, Bike ,Electronic City,HEBBAL,16.8,Success,,upi,126.0,4.0,3.8,58.1
OLA100268,2024-05-29,15:58:00,CUST1416,DRV238, Mini ,Whitefield,BTM Layout,3.5,Success,,Debit Card,80.57,4.3,5.0,18.0
OLA100287,2024-05-05,07:23:00,CUST1001,DRV418,MINI,Domlur,Airport (KIA),7.9,Success,,upi,107.89,4.0,5.0,27.0
OLA100284,2024-06-15,18:14:00,CUST1083,DRV431,mini,Indiranagar,Yelahanka,3.8,Success,,ola money,57.4,4.0,4.6,15.8
OLA100822,2024-01-29,13:07:00,CUST1114,DRV252,Prime,HEBBAL, Bellandur ,7.1,Success,,upi,159.29,3.6,4.7,26.0
OLA100709,2024-06-16,01:41:00,CUST1262,DRV276,Bike,BTM LAYOUT,Marathahalli,5.5,Success,,Cash,69.7,4.0,3.5,21.0
OLA100034,2024-01-08,07:16:00,CUST1091,DRV497, Prime ,Marathahalli,Indiranagar,1.9,Success,,CREDIT CARD,56.25,4.3,5.0,7.9
OLA101395,2024-01-27,17:28:00,CUST1353,DRV209,SUV,Indiranagar,JP Nagar,2.6,Success,,UPI,72.85,,,12.4
OLA100445,2024-05-03,16:09:00,CUST1355,DRV209,Sedan,Malleshwaram,INDIRANAGAR,5.5,Success,,UPI,99.66,3.6,4.8,22.0
OLA100371,2024-06-03,00:56:00,CUST1071,DRV425,Mini,Whitefield,JP NAGAR,4.2,Success,,Credit Card,80.5,3.9,4.5,16.4
OLA100096,2024-05-21,08:13:00,CUST1416,,sedan,ELECTRONIC CITY,KORAMANGALA,4.0,Driver Not Found,No drivers available in area,,0.0,,,0.0
OLA100817,2024-06-04,08:09:00,CUST1036,DRV418,Mini,bellandur, MG Road ,7.8,Success,,UPI,122.53,4.6,3.9,18.5
OLA101208,2024-06-14,09:11:00,CUST1167,DRV513,Bike,Indiranagar,Yelahanka,3.0,Success,, Credit Card ,42.72,4.4,4.1,14.8
OLA101341,2024-03-18,16:28:00,CUST1102,DRV341,Bike,Bellandur,marathahalli,9.0,Success,,UPI,73.81,4.3,3.9,19.7
OLA101332,2024-03-04,06:10:00,CUST1094,DRV491,Auto,mg road,koramangala,4.5,Success,,Debit Card,65.11,3.8,4.7,20.1
OLA100117,2024-03-18,18:37:00,CUST1028,DRV380,suv,HEBBAL,Airport (KIA),7.4,Success,,ola money,161.76,5.0,4.7,17.4
OLA101132,2024-06-28,08:34:00,CUST1296,DRV265,Mini,Malleshwaram,Airport (KIA),6.8,Success,,UPI,105.86,5.0,4.3,17.2
OLA100127,2024-04-30,20:12:00,CUST1188,DRV492,PRIME,KR Puram,Hebbal,7.4,Success,,UPI,186.34,3.9,4.5,21.6
OLA101444,2024-03-09,21:09:00,CUST1356,DRV255,Mini,whitefield,Indiranagar,12.0,Success,,Wallet,170.29,5.0,4.1,36.0
OLA100336,2024-02-18,07:54:00,CUST1201,DRV310,Sedan,Jayanagar,BANASHANKARI,4.2,Success,,CASH,77.03,4.7,4.4,15.2
OLA100219,2024-06-28,20:34:00,CUST1304,DRV243,mini,BTM Layout,Bellandur,7.7,Success,,Credit Card,104.69,4.4,4.5,23.7
OLA101110,2024-04-12,09:57:00,CUST1267,DRV415,Bike,KR Puram,Yelahanka,5.4,Cancelled by Driver,Vehicle breakdown,,0.0,,,0.0
OLA100775,2024-02-01,18:13:00,CUST1337,DRV260,mini,Domlur,hsr layout,10.0,Success,,cash,125.16,3.0,4.5,29.0
OLA100182,2024-02-25,15:02:00,CUST1216,DRV376,Auto,JP Nagar,Indiranagar,7.7,Success,,cash,104.64,4.9,4.1,17.1
OLA101201,2024-02-28,17:39:00,CUST1121,DRV327,Sedan,Airport (KIA),KORAMANGALA,9.7,Cancelled by Driver,Personal emergency,,0.0,,,0.0
OLA101272,2024-01-24,16:35:00,CUST1025,DRV328,Mini,Marathahalli,Airport (KIA),3.9,Success,,UPI,62.37,4.6,4.2,16.9
OLA100600,2024-02-25,07:11:00,CUST1109,DRV340,Sedan,MARATHAHALLI,Domlur,3.9,Success,,Cash,71.28,4.6,4.7,11.1
OLA100888,2024-06-17,16:54:00,CUST1105,DRV239,Mini,airport (kia),INDIRANAGAR,10.3,Success,,Cash,134.67,4.4,4.8,29.5
OLA100345,2024-06-24,09:35:00,CUST1027,DRV206,Auto,Jayanagar,Airport (KIA),15.1,Cancelled by Driver,Too far from pickup,,0.0,,,0.0
OLA101399,2024-06-07,18:54:00,CUST1099,DRV289,Bike,MG Road,JAYANAGAR,8.6,Cancelled by Customer,Driver taking too long,,0.0,,,0.0
OLA100917,2024-02-13,13:44:00,CUST1279,,Sedan,Hebbal,Yelahanka,7.1,Driver Not Found,No drivers available in area,,0.0,,,0.0
OLA101350,2024-06-10,20:15:00,CUST1022,DRV443,Auto,JP Nagar,HSR LAYOUT,6.4,Success,, Debit Card ,85.92,3.7,5.0,28.3
OLA101382,2024-01-11,19:54:00,CUST1017,,PRIME,Domlur,MALLESHWARAM,2.3,Driver Not Found,No drivers available in area,,0.0,,,0.0
OLA100197,2024-06-24,10:48:00,CUST1420,DRV450,prime, Airport (KIA) , KR Puram ,5.1,Cancelled by Customer,Driver taking too long,,0.0,,,0.0
OLA100808,2024-05-23,22:57:00,CUST1187,DRV429,auto,mg road,KR Puram,4.4,Success,,UPI,52.23,4.6,3.7,13.5
OLA101081,2024-01-06,07:49:00,CUST1034,DRV360,prime,banashankari,AIRPORT (KIA),7.7,Success,,UPI,191.42,3.7,4.3,23.9
OLA100107,2024-01-18,07:40:00,CUST1015,DRV246,Auto,Jayanagar,Rajajinagar,7.3,Success,,debit card,85.99,5.0,4.2,25.2
OLA100076,2024-05-09,08:00:00,CUST1144,DRV352,bike,SARJAPUR ROAD,Airport (KIA),12.5,Success,,Debit Card,115.96,5.0,4.9,34.3
OLA100979,2024-04-14,05:49:00,CUST1165,DRV333,Auto,Rajajinagar,BELLANDUR,3.9,Success,,CASH,70.47,3.8,5.0,13.1
OLA100012,2024-06-12,13:12:00,CUST1078,DRV391,Auto,JP Nagar,malleshwaram,1.5,Success,,UPI,54.55,4.7,4.5,6.3
OLA100418,2024-02-23,13:43:00,CUST1159,DRV365,Mini,INDIRANAGAR,Sarjapur Road,3.4,Success,,Ola Money,68.03,3.5,3.6,10.8
OLA101492,2024-04-18,06:21:00,CUST1320,DRV501,mini,Whitefield,Electronic City,6.6,Success,,upi,89.12,4.5,3.6,17.2
OLA101196,2024-05-04,16:31:00,CUST1221,DRV422,BIKE,HSR Layout,Malleshwaram,5.7,Success,,UPI,78.27,4.0,4.1,13.3
OLA100059,2024-06-28,12:19:00,CUST1128,DRV318,Mini,Jayanagar,BANASHANKARI,4.5,Success,,UPI,68.09,4.8,4.8,12.5
OLA100363,2024-06-13,12:53:00,CUST1184,DRV268, Auto ,Yelahanka,Malleshwaram,,Success,,upi,51.29,4.9,3.6,12.9
OLA100102,2024-04-26,11:46:00,CUST1048,DRV360,Sedan,MARATHAHALLI,Bellandur,9.7,Success,,UPI,179.41,4.5,4.1,26.2
OLA101368,2024-03-09,13:20:00,CUST1189,DRV225,Sedan,HSR Layout,Domlur,5.2,Success,,UPI,99.06,4.9,3.8,16.9
OLA100344,2024-05-23,19:47:00,CUST1331,DRV487,Sedan,Malleshwaram,Hebbal,11.5,Success,,Debit Card,196.79,5.0,3.9,34.1
OLA101191,2024-01-23,09:49:00,CUST1185,DRV510,Auto,Whitefield,Domlur,4.9,Cancelled by Customer,Found alternate transport,,0.0,,,0.0
OLA100427,2024-01-26,03:41:00,CUST1428,DRV398,Auto,Malleshwaram,domlur,3.0,Success,,Ola Money,46.68,4.6,4.5,9.2
OLA101409,2024-01-07,04:04:00,CUST1192,DRV470,MINI,MARATHAHALLI,WHITEFIELD,8.1,Success,,Cash,112.89,3.8,4.4,20.1
OLA100469,2024-05-14,08:13:00,CUST1313,DRV229, Mini ,Malleshwaram,Whitefield,4.0,Success,,UPI,73.51,4.6,4.6,15.6
OLA100051,2024-04-04,07:38:00,CUST1382,DRV258,Auto,HSR LAYOUT, Yelahanka ,,Success,,Wallet,112.64,3.8,4.6,37.7
OLA100072,2024-05-12,10:48:00,CUST1255,DRV520,Sedan,Indiranagar,BTM Layout,7.9,Success,,Cash,133.61,3.9,4.8,28.8
OLA100255,2024-04-04,07:49:00,CUST1052,DRV493,Auto,MG Road,Marathahalli,3.2,Success,, UPI ,62.82,4.3,4.5,8.5
OLA100686,2024-02-27,22:27:00,CUST1038,DRV327,Mini,Yelahanka,Hebbal,2.9,Success,,UPI,48.79,3.6,5.0,14.1
OLA100289,2024-01-12,08:29:00,CUST1134,DRV315,Bike, Sarjapur Road ,Indiranagar,16.8,Success,,debit card,120.33,3.7,4.8,58.1
OLA100907,2024-01-09,13:22:00,CUST1127,DRV397,Sedan,MG Road,hebbal,11.7,Success,,Ola Money,206.41,4.6,5.0,39.0
OLA100335,2024-03-15,14:23:00,CUST1359,DRV254,MINI,HSR Layout,Malleshwaram,11.0,Success,,Credit Card,140.21,,,26.1
OLA100515,2024-03-07,06:04:00,CUST1036,DRV492,AUTO,KR Puram,Koramangala,6.5,Success,,Credit Card,93.9,5.0,4.9,22.1
OLA100829,2024-01-29,05:22:00,CUST1184,DRV271,Mini,ELECTRONIC CITY,Sarjapur Road,2.6,Cancelled by Driver,Customer not reachable,,0.0,,,0.0
OLA101237,2024-01-10,21:48:00,CUST1044,DRV443,MINI,Whitefield,mg road,6.5,Cancelled by Customer,Wrong pickup location,,0.0,,,0.0
OLA100767,2024-02-19,17:35:00,CUST1201,DRV249,Mini,sarjapur road,Indiranagar,6.2,Success,,UPI,108.69,3.4,4.4,18.2
OLA101438,2024-03-28,11:36:00,CUST1087,DRV406,BIKE,BTM LAYOUT,Marathahalli,8.6,Success,,ola money,76.9,,,21.3
OLA101232,2024-04-14,17:06:00,CUST1115,,mini,JAYANAGAR,KORAMANGALA,8.8,Driver Not Found,No drivers available in area,,0.0,,,0.0
OLA100984,2024-02-28,16:44:00,CUST1126,DRV217,Mini,MG ROAD,Rajajinagar,12.6,Success,,UPI,173.26,4.5,4.0,30.3
OLA101077,2024-05-22,14:12:00,CUST1408,DRV310,SUV,KR PURAM,marathahalli,3.7,Success,,CREDIT CARD,84.81,5.0,4.4,14.7
OLA100923,2024-01-12,02:46:00,CUST1081,DRV318,mini,mg road,Malleshwaram,12.6,Success,,Debit Card,181.63,4.2,4.7,34.3
OLA100619,2024-02-28,07:30:00,CUST1133,DRV283,Auto,rajajinagar,MG Road,6.1,Cancelled by Driver,Vehicle breakdown,,0.0,,,0.0
OLA101136,2024-05-10,21:09:00,CUST1392,,Prime,Sarjapur Road,yelahanka,3.3,Driver Not Found,No drivers available in area,,0.0,,,0.0
OLA100920,2024-05-08,08:57:00,CUST1361,DRV468, Sedan ,WHITEFIELD,Jayanagar,1.6,Success,,credit card,57.08,4.4,4.3,7.5
OLA100993,2024-04-18,13:40:00,CUST1411,DRV468,Sedan,jp nagar,rajajinagar,6.0,Success,,Ola Money,110.98,4.8,3.6,18.7
OLA101350,2024-06-10,20:15:00,CUST1022,DRV443,Auto,jp nagar,HSR LAYOUT,6.4,Success,,Debit Card,85.92,3.7,5.0,28.3
OLA101302,2024-02-11,17:51:00,CUST1231,DRV383,Prime,Hebbal, Yelahanka ,4.0,Cancelled by Customer,Found alternate transport,,0.0,,,0.0
OLA100221,2024-04-28,18:37:00,CUST1353,DRV456,Mini,Koramangala,Malleshwaram,9.0,Success,,Wallet,117.14,4.4,4.3,19.9
OLA100658,2024-04-18,20:30:00,CUST1109,DRV428,Mini,Malleshwaram,Bellandur,5.3,Success,,Cash,90.95,4.1,5.0,17.1
OLA101454,2024-02-12,20:18:00,CUST1107,DRV235,SUV,HSR Layout,Sarjapur Road,3.6,Success,,UPI,104.03,5.0,4.1,17.9
OLA101252,2024-01-20,12:01:00,CUST1213,DRV233,SUV,Electronic City,Indiranagar,16.8,Success,,OLA MONEY,328.49,4.0,5.0,48.0
OLA100086,2024-06-17,11:00:00,CUST1289,DRV225,BIKE,Airport (KIA),Hebbal,19.0,Success,,upi,152.27,4.2,4.7,42.3
OLA101461,2024-04-19,18:42:00,CUST1437,DRV499,Mini,Hebbal,BTM LAYOUT,3.5,Success,,UPI,70.09,4.0,5.0,10.8
OLA100584,2024-05-05,17:43:00,CUST1276,DRV492, Sedan ,JP Nagar,HSR Layout,24.1,Success,,credit card,367.6,3.4,4.5,65.8
OLA100317,2024-03-28,23:31:00,CUST1183,DRV296,MINI,Bellandur,Koramangala,6.2,Success,,Cash,90.05,4.4,4.1,25.2
OLA101067,2024-05-28,13:06:00,CUST1274,DRV226,Sedan,Whitefield,BTM Layout,6.8,Success,,Cash,124.55,4.1,5.0,19.1
OLA100909,2024-04-06,18:53:00,CUST1223,DRV249,Mini,KR Puram,Yelahanka,1.7,Success,,CASH,48.81,4.0,4.5,8.6
OLA101460,2024-01-08,09:11:00,CUST1079,DRV495,Prime,Domlur,Jayanagar,7.1,Cancelled by Driver,Vehicle breakdown,,0.0,,,0.0
OLA100711,2024-04-05,07:55:00,CUST1065,DRV356,Bike,Koramangala,Malleshwaram,5.5,Cancelled by Customer,Booked by mistake,,0.0,,,0.0
OLA100278,2024-03-18,09:10:00,CUST1374,,auto,AIRPORT (KIA),Yelahanka,2.4,Driver Not Found,No drivers available in area,,0.0,,,0.0
OLA101066,2024-04-26,07:38:00,CUST1136,DRV482,mini,jayanagar,Whitefield,10.6,Success,,UPI,158.78,4.3,4.9,31.8
OLA100229,2024-04-01,21:31:00,CUST1069,DRV299,Bike,JP Nagar,malleshwaram,1.8,Success,,CASH,45.39,4.6,4.5,10.6
OLA101062,2024-05-04,16:55:00,CUST1268,DRV446,Mini,bellandur,Koramangala,7.5,Success,,UPI,117.56,5.0,4.4,24.5
OLA100707,2024-03-11,20:06:00,CUST1060,DRV236,SEDAN,jp nagar,Jayanagar,3.9,Success,,Debit Card,79.61,3.7,3.7,17.4
OLA101139,2024-04-07,17:08:00,CUST1433,DRV375, Mini ,Hebbal,Bellandur,3.7,Success,,UPI,61.02,4.1,4.3,12.9
OLA100601,2024-05-01,17:17:00,CUST1450,,SEDAN,Banashankari,Hebbal,12.0,Driver Not Found,No drivers available in area,,0.0,,,0.0
OLA100892,2024-05-20,06:27:00,CUST1108,DRV277,Sedan,Rajajinagar,JP Nagar,14.2,Success,,Cash,223.81,4.7,4.6,39.1
OLA100783,2024-02-01,07:46:00,CUST1448,DRV356, SUV ,Airport (KIA),MG Road,9.2,Success,,Credit Card,196.47,4.8,3.8,23.6
OLA100081,2024-06-07,05:40:00,CUST1350,DRV347,Prime,Whitefield, KR Puram ,15.1,Success,,UPI,346.35,3.4,4.3,35.1
OLA100792,2024-05-18,19:54:00,CUST1060,DRV348,mini,hebbal,Marathahalli,4.4,Success,,UPI,69.79,4.6,4.9,13.5
OLA100747,2024-06-11,15:51:00,CUST1176,DRV273,MINI,Jayanagar, Rajajinagar ,8.5,Success,,UPI,129.47,4.9,3.9,30.0
OLA100066,2024-03-08,18:40:00,CUST1301,DRV301,Sedan, JP Nagar ,btm layout,2.1,Cancelled by Driver,Customer not reachable,,0.0,,,0.0
OLA101010,2024-03-22,20:10:00,CUST1300,DRV387,SUV,BELLANDUR,KR Puram,6.9,Success,,cash,164.33,4.9,4.5,28.8
OLA100453,2024-01-08,18:56:00,CUST1211,DRV410, Sedan ,Marathahalli,electronic city,2.1,Success,,CREDIT CARD,67.77,5.0,4.5,12.7
OLA100389,2024-05-11,21:56:00,CUST1275,DRV494,mini,KR Puram,Bellandur,20.9,Success,,Cash,261.8,4.5,4.1,51.6
OLA101433,2024-05-16,09:33:00,CUST1000,DRV404,Auto,btm layout,bellandur,7.8,Success,,UPI,78.96,5.0,4.0,32.8
OLA100834,2024-04-26,14:53:00,CUST1132,DRV492,SUV,BTM Layout,kr puram,1.7,Success,,Wallet,73.54,4.4,5.0,9.6
OLA100535,2024-06-03,07:50:00,CUST1326,DRV513, Bike ,SARJAPUR ROAD,JP Nagar,14.9,Success,, Wallet ,130.05,5.0,3.9,34.7
OLA101045,2024-04-04,09:48:00,CUST1161,DRV431,auto,KORAMANGALA,HSR LAYOUT,11.1,Success,,Wallet,122.55,4.8,4.4,33.6
OLA101283,2024-03-16,10:22:00,CUST1238,DRV397,Bike,Rajajinagar,Whitefield,4.1,Success,,ola money,57.55,4.8,4.9,14.6
OLA100576,2024-06-22,10:00:00,CUST1345,DRV451,Auto,Bellandur,Airport (KIA),2.7,Success,,CREDIT CARD,52.28,4.4,5.0,12.6
OLA101442,2024-03-19,06:18:00,CUST1232,DRV255,Sedan,YELAHANKA,Jayanagar,1.3,Success,,debit card,36.42,4.0,4.5,10.7
OLA100002,2024-01-07,15:45:00,CUST1332,DRV479,Sedan,KR Puram,Domlur,7.3,Cancelled by Customer,Driver taking too long,,0.0,,,0.0
OLA100433,2024-03-06,10:28:00,CUST1229,DRV403,Mini,Indiranagar,Yelahanka,4.8,Success,, UPI ,85.67,3.8,4.1,12.8
OLA101133,2024-06-28,16:35:00,CUST1420,DRV314,Sedan,Sarjapur Road,Indiranagar,6.9,Success,,Wallet,125.41,4.3,4.2,18.1
OLA101039,2024-04-20,21:50:00,CUST1098,DRV492,MINI,Hebbal,jp nagar,6.5,Cancelled by Customer,Wrong pickup location,,0.0,,,0.0
OLA100926,2024-06-22,09:12:00,CUST1379,DRV282, Sedan ,Malleshwaram,Jayanagar,,Success,,UPI,52.58,4.6,3.3,7.3
OLA100736,2024-06-24,17:14:00,CUST1311,DRV395,suv, HSR Layout ,AIRPORT (KIA),8.0,Success,,UPI,177.89,4.3,4.8,27.0
OLA100813,2024-04-04,09:45:00,CUST1281,DRV335,auto,Rajajinagar,HEBBAL,10.9,Success,,upi,111.94,5.0,4.6,29.2
OLA100060,2024-05-03,09:37:00,CUST1389,DRV468,suv,MG Road,BTM Layout,6.4,Success,,upi,139.09,3.8,4.5,23.5
OLA101190,2024-02-11,05:04:00,CUST1252,DRV376,Bike,INDIRANAGAR,KR Puram,1.8,Success,,DEBIT CARD,28.2,3.1,4.4,5.9
OLA100735,2024-06-14,18:48:00,CUST1012,DRV317,Bike,yelahanka,Banashankari,4.1,Success,,upi,46.87,4.4,4.6,14.0
OLA101357,2024-02-14,16:50:00,CUST1227,DRV342,Sedan,Domlur,jayanagar,4.1,Cancelled by Customer,Change of plans,,0.0,,,0.0
OLA100122,2024-04-10,07:45:00,CUST1043,DRV358,suv,YELAHANKA, Electronic City ,7.3,Cancelled by Customer,Wrong pickup location,,0.0,,,0.0
OLA100846,2024-06-23,04:41:00,CUST1029,DRV325,Auto,JP NAGAR,Koramangala,7.7,Success,,Ola Money,81.24,3.9,4.0,25.3
OLA100214,2024-04-07,18:21:00,CUST1225,DRV371,Sedan,Domlur,ELECTRONIC CITY,10.4,Success,,UPI,169.61,4.2,3.8,27.4
OLA101228,2024-04-20,06:16:00,CUST1070,DRV370,Bike,KR PURAM,Airport (KIA),3.3,Cancelled by Customer,Driver taking too long,,0.0,,,0.0
OLA100553,2024-04-23,10:07:00,CUST1374,DRV445,bike,Electronic City,sarjapur road,6.1,Success,,UPI,55.11,4.9,4.5,17.1
OLA100029,2024-06-25,20:34:00,CUST1018,DRV389,SUV,ELECTRONIC CITY,kr puram,7.2,Success,,ola money,148.42,4.5,3.1,20.9
OLA100825,2024-06-16,07:09:00,CUST1199,DRV428,Auto,Airport (KIA),Whitefield,4.3,Success,,upi,52.79,4.2,4.6,12.0
OLA100986,2024-03-23,12:47:00,CUST1011,DRV354,Mini,JAYANAGAR,MG Road,7.4,Success,,UPI,104.33,3.7,5.0,21.8
OLA100426,2024-03-13,09:41:00,CUST1164,DRV256,Mini,WHITEFIELD,Indiranagar,12.7,Success,,Cash,179.76,5.0,4.1,28.4
OLA100697,2024-02-22,11:52:00,CUST1003,DRV385,MINI,Banashankari,KORAMANGALA,8.4,Success,,OLA MONEY,124.04,4.6,4.8,26.6
OLA101469,2024-03-01,20:41:00,CUST1041,DRV493,Bike,Sarjapur Road,yelahanka,8.4,Success,,upi,68.68,4.3,5.0,20.0
OLA101293,2024-05-31,09:55:00,CUST1131,DRV254,Bike,JP Nagar,BTM LAYOUT,6.9,Success,, UPI ,81.73,4.1,4.2,18.0
OLA100629,2024-02-02,17:19:00,CUST1430,DRV327,SUV,Hebbal,Domlur,6.1,Success,,Cash,126.23,4.0,3.8,22.3
OLA100756,2024-03-30,12:59:00,CUST1243,DRV251,auto,Hebbal,Jayanagar,8.5,Cancelled by Customer,Price too high,,0.0,,,0.0
OLA100995,2024-06-03,08:29:00,CUST1107,DRV369,Bike,ELECTRONIC CITY,jayanagar,19.4,Cancelled by Customer,Change of plans,,0.0,,,0.0
OLA100259,2024-02-20,18:34:00,CUST1389,DRV325,Mini,Rajajinagar,KORAMANGALA,7.2,Success,,wallet,101.19,5.0,4.1,21.8
OLA100166,2024-03-24,23:30:00,CUST1269,DRV392,sedan,HSR Layout,AIRPORT (KIA),7.1,Success,,Credit Card,141.76,3.9,4.4,25.2
OLA101481,2024-01-16,07:39:00,CUST1031,DRV426,Auto,WHITEFIELD,KR PURAM,3.1,Success,, Ola Money ,52.59,4.6,5.0,10.6
OLA100757,2024-05-09,03:31:00,CUST1407,DRV244,Sedan,JP Nagar,KR Puram,3.2,Success,,UPI,64.84,4.9,4.9,15.8
OLA100891,2024-01-27,07:56:00,CUST1054,DRV256,mini,KR Puram,HSR Layout,8.2,Success,,UPI,113.2,3.6,5.0,23.5
OLA100773,2024-06-14,17:19:00,CUST1292,DRV264,Mini,Whitefield,SARJAPUR ROAD,12.3,Cancelled by Customer,Change of plans,,0.0,,,0.0
OLA101421,2024-04-22,08:27:00,CUST1443,DRV318,Bike,JP Nagar,BTM Layout,4.9,Cancelled by Customer,Driver taking too long,,0.0,,,0.0
OLA101261,2024-03-21,07:11:00,CUST1062,DRV385,Auto,Indiranagar,Whitefield,8.0,Success,,Debit Card,104.42,4.4,3.9,22.3
OLA100338,2024-02-15,17:11:00,CUST1374,DRV265, Mini ,DOMLUR,yelahanka,6.1,Success,,Debit Card,97.22,4.8,4.6,19.0
OLA100502,2024-03-16,09:02:00,CUST1355,DRV505,auto,Sarjapur Road,Marathahalli,13.5,Success,,Wallet,124.84,3.7,4.6,42.1
OLA100781,2024-02-09,09:50:00,CUST1222,DRV394,Mini,Domlur,BTM Layout,5.3,Success,,upi,75.63,4.3,4.5,21.6
OLA100955,2024-05-29,03:46:00,CUST1076,,AUTO,Whitefield, MG Road ,1.6,Driver Not Found,No drivers available in area,,0.0,,,0.0
OLA101259,2024-02-07,08:04:00,CUST1129,DRV263,PRIME,JP NAGAR,Bellandur,4.2,Success,,Cash,99.1,,,15.7
OLA100248,2024-05-06,11:15:00,CUST1255,DRV504,Mini,koramangala,Bellandur,,Success,,UPI,101.32,4.0,4.1,16.0
OLA100545,2024-01-17,08:56:00,CUST1234,DRV244,Mini,HSR Layout,Yelahanka,11.3,Success,, UPI ,168.05,3.9,3.6,36.1
OLA101287,2024-02-09,20:24:00,CUST1169,DRV425,AUTO,Marathahalli,Electronic City,1.4,Cancelled by Driver,Vehicle breakdown,,0.0,,,0.0
OLA100528,2024-01-23,16:50:00,CUST1154,,SEDAN,JP Nagar,BTM Layout,10.3,Driver Not Found,No drivers available in area,,0.0,,,0.0
OLA101036,2024-06-11,13:57:00,CUST1140,DRV376,Prime,Domlur,BTM Layout,4.6,Cancelled by Driver,Traffic/road closure,,0.0,,,0.0
OLA100073,2024-01-08,22:38:00,CUST1409,DRV322,Auto,Hebbal,sarjapur road,3.5,Success,,UPI,43.41,4.2,4.0,17.0
OLA101178,2024-01-18,07:39:00,CUST1153,DRV401,Bike,MG Road,BTM Layout,5.7,Success,,UPI,78.05,4.6,4.6,19.9
OLA100137,2024-05-02,16:51:00,CUST1069,DRV232,Auto,KR Puram,Indiranagar,1.4,Success,, Ola Money ,35.0,4.2,4.3,6.3
OLA100094,2024-01-09,17:13:00,CUST1227,DRV427,Prime,Banashankari,MG Road,11.5,Success,,UPI,274.43,5.0,4.4,28.4
OLA100294,2024-04-27,20:00:00,CUST1402,DRV519,SUV,Rajajinagar,mg road,7.9,Success,,Ola Money,169.63,4.4,4.8,24.6
OLA100415,2024-01-24,07:31:00,CUST1111,DRV375,Sedan,AIRPORT (KIA),Banashankari,6.0,Cancelled by Customer,Booked by mistake,,0.0,,,0.0
OLA100009,2024-02-05,13:05:00,CUST1386,DRV224,bike,electronic city,JAYANAGAR,4.0,Success,,Wallet,62.76,5.0,4.1,17.0
OLA100532,2024-04-17,08:43:00,CUST1166,DRV317,AUTO,Yelahanka,BTM Layout,8.9,Success,,UPI,89.14,4.4,4.9,21.9
OLA100182,2024-02-25,15:02:00,CUST1216,DRV376,Auto,JP Nagar,Indiranagar,7.7,Success,,Cash,104.64,4.9,4.1,17.1
OLA100716,2024-01-29,07:26:00,CUST1244,DRV235,Sedan,Jayanagar,ELECTRONIC CITY,10.2,Success,,upi,183.91,,,26.8
OLA100476,2024-02-08,09:01:00,CUST1173,DRV392,Auto,HSR Layout,Domlur,6.4,Success,,upi,84.37,3.4,4.1,26.3
OLA100630,2024-01-25,12:46:00,CUST1291,DRV329,Sedan,Sarjapur Road,WHITEFIELD,4.3,Success,,Debit Card,98.26,4.2,5.0,13.9
OLA100867,2024-02-19,14:15:00,CUST1371,DRV393,AUTO,indiranagar,HEBBAL,,Success,,Ola Money,117.49,3.9,4.8,48.8
OLA100036,2024-06-20,08:27:00,CUST1035,DRV369,Auto,MG Road,Yelahanka,7.3,Success,,Cash,88.61,5.0,4.8,25.6
OLA100304,2024-06-30,16:27:00,CUST1192,DRV378,Sedan,JAYANAGAR,Airport (KIA),1.5,Success,, UPI ,45.06,3.7,4.3,8.9
OLA100055,2024-04-29,12:46:00,CUST1303,DRV337,Sedan,BTM Layout,Whitefield,6.1,Success,,credit card,108.77,5.0,3.7,18.3
OLA101487,2024-01-28,07:01:00,CUST1444,DRV255,prime,indiranagar,AIRPORT (KIA),3.5,Success,,UPI,87.53,4.9,4.6,11.5
OLA100983,2024-04-15,08:46:00,CUST1127,DRV206,MINI,Koramangala,jp nagar,,Success,,UPI,62.08,5.0,3.2,12.6
OLA100568,2024-02-26,07:44:00,CUST1072,DRV316, Sedan ,JAYANAGAR,ELECTRONIC CITY,5.9,Success,,UPI,127.03,4.5,4.4,15.0
OLA100316,2024-02-12,05:02:00,CUST1152,DRV348,Sedan,Malleshwaram,JP Nagar,9.5,Cancelled by Driver,Customer not reachable,,0.0,,,0.0
OLA100776,2024-06-16,07:35:00,CUST1131,,MINI,MG ROAD,JP Nagar,4.2,Driver Not Found,No drivers available in area,,0.0,,,0.0
OLA100339,2024-03-11,11:21:00,CUST1150,DRV431,Bike,Electronic City,KR PURAM,10.8,Cancelled by Driver,Traffic/road closure,,0.0,,,0.0
OLA100655,2024-06-09,13:07:00,CUST1024,, Sedan ,Sarjapur Road,Koramangala,6.6,Driver Not Found,No drivers available in area,,0.0,,,0.0
OLA100895,2024-04-10,11:14:00,CUST1375,DRV337,Sedan,HSR LAYOUT,BTM Layout,5.5,Success,, UPI ,102.43,3.2,4.0,18.9
OLA101278,2024-06-22,18:35:00,CUST1277,DRV406,bike,KR Puram,JP Nagar,3.3,Success,,Debit Card,45.42,4.6,4.6,13.6
OLA100245,2024-06-09,18:58:00,CUST1210,DRV515,AUTO,Jayanagar,whitefield,10.2,Success,,UPI,123.5,4.4,4.2,37.4
OLA100684,2024-03-23,12:26:00,CUST1140,DRV262,auto,KR PURAM,Malleshwaram,1.7,Success,,UPI,39.44,4.5,4.7,6.7
OLA101048,2024-04-02,16:42:00,CUST1351,DRV362,SUV,JP Nagar, Bellandur ,7.4,Success,,Ola Money,154.95,4.3,4.1,19.2
OLA100514,2024-05-05,22:12:00,CUST1312,DRV401,Mini,Airport (KIA),mg road,8.3,Success,,ola money,110.62,4.8,3.7,29.5
OLA100208,2024-06-11,08:28:00,CUST1251,DRV316,Sedan,Bellandur,KR PURAM,10.5,Success,,upi,167.57,5.0,4.0,33.6
OLA100721,2024-01-18,17:46:00,CUST1111,DRV452,Sedan,jp nagar,MG ROAD,6.8,Success,, UPI ,140.06,5.0,5.0,27.6
OLA100355,2024-02-28,20:26:00,CUST1198,DRV430,Auto,Rajajinagar,Yelahanka,3.8,Success,,Credit Card,45.91,,,14.8
OLA101214,2024-02-12,11:09:00,CUST1274,DRV203,Bike,domlur,Hebbal,8.8,Success,,Debit Card,75.77,3.9,4.2,29.5
OLA101018,2024-05-12,17:11:00,CUST1243,DRV271, Sedan ,Yelahanka,Bellandur,9.1,Success,,UPI,159.31,4.4,5.0,21.8
OLA100754,2024-02-05,02:07:00,CUST1444,DRV471, Mini ,BTM Layout,BELLANDUR,10.4,Success,,Credit Card,142.96,4.6,4.2,25.8
OLA101494,2024-05-26,00:15:00,CUST1341,DRV233,SEDAN,HSR Layout,Indiranagar,3.0,Success,,Credit Card,64.67,4.0,4.6,15.3
OLA100490,2024-05-04,07:38:00,CUST1237,DRV366,SUV,KR Puram,HSR Layout,3.7,Success,,Cash,90.84,4.2,5.0,14.5
OLA101004,2024-05-22,20:41:00,CUST1178,DRV291,Mini,BANASHANKARI,Airport (KIA),1.7,Success,,Ola Money,56.82,,,10.0
OLA101355,2024-04-17,06:48:00,CUST1080,DRV308,Mini,Rajajinagar,mg road,3.0,Success,,CREDIT CARD,61.04,4.5,4.7,15.1
OLA101215,2024-03-06,09:20:00,CUST1133,DRV401,Mini,Hebbal,Airport (KIA),,Success,,Cash,84.06,5.0,4.3,18.8
OLA100313,2024-02-15,09:03:00,CUST1002,DRV431,MINI,hsr layout,domlur,4.9,Success,,Credit Card,91.83,4.6,3.9,12.8
OLA100296,2024-04-13,07:38:00,CUST1348,DRV405,Mini,yelahanka,BTM Layout,3.6,Success,, UPI ,56.08,4.3,3.7,14.2
OLA101106,2024-04-03,12:01:00,CUST1278,DRV264, Mini ,KR Puram,MG Road,,Success,,Cash,53.81,3.8,4.9,13.8
OLA101100,2024-04-03,21:42:00,CUST1366,DRV249,Sedan,Sarjapur Road,Jayanagar,6.7,Success,,Credit Card,112.57,5.0,4.4,16.6
OLA100681,2024-06-12,11:55:00,CUST1142,DRV491,SUV,HSR LAYOUT,sarjapur road,7.5,Success,,upi,155.81,2.7,4.5,22.0
OLA100560,2024-06-12,19:30:00,CUST1063,DRV347,sedan,airport (kia), BTM Layout ,7.2,Success,,Cash,116.65,4.5,3.5,25.2
OLA100195,2024-04-01,09:23:00,CUST1262,DRV454,Sedan,Airport (KIA),YELAHANKA,3.0,Success,,UPI,84.43,3.3,4.3,12.9
OLA101024,2024-01-24,17:09:00,CUST1350,DRV484,Bike, Banashankari ,KORAMANGALA,7.9,Success,,Credit Card,76.72,5.0,3.6,25.4
OLA101359,2024-01-29,14:25:00,CUST1332,DRV497,Auto,Electronic City,Indiranagar,10.0,Success,,ola money,110.54,3.9,4.3,31.0
OLA100784,2024-01-13,07:48:00,CUST1199,DRV292,Sedan,JP Nagar, Sarjapur Road ,6.2,Cancelled by Customer,Found alternate transport,,0.0,,,0.0
OLA100524,2024-06-22,11:07:00,CUST1350,DRV494,SUV,Yelahanka,Jayanagar,11.4,Success,,UPI,243.13,4.5,5.0,32.9
OLA101413,2024-05-24,17:38:00,CUST1034,,Mini,malleshwaram,sarjapur road,6.4,Driver Not Found,No drivers available in area,,0.0,,,0.0
OLA100465,2024-04-26,11:05:00,CUST1307,DRV507,Mini,JP Nagar,MARATHAHALLI,7.4,Success,,UPI,114.99,4.2,4.9,17.3
OLA101489,2024-01-05,15:11:00,CUST1178,DRV472,Bike,BANASHANKARI,Airport (KIA),7.2,Success,, UPI ,70.98,4.3,4.3,22.2
OLA101148,2024-05-05,06:35:00,CUST1247,DRV512,sedan,Airport (KIA),HEBBAL,14.9,Success,,Wallet,246.73,4.8,4.2,37.5
OLA100450,2024-04-07,14:43:00,CUST1313,DRV520,auto,Rajajinagar,BTM Layout,2.8,Success,,Cash,54.59,4.7,4.2,13.1
OLA100132,2024-05-20,21:38:00,CUST1270,DRV416,MINI,HEBBAL,btm layout,4.8,Success,,cash,76.83,4.9,3.5,18.8
OLA100692,2024-05-26,07:32:00,CUST1131,DRV381,Sedan,Domlur,KR Puram,7.8,Success,,Cash,129.78,5.0,3.6,27.9
OLA100177,2024-01-16,17:29:00,CUST1157,DRV281,Sedan,malleshwaram,Hebbal,7.0,Success,,UPI,133.71,4.8,4.5,17.7
OLA100793,2024-06-13,13:57:00,CUST1018,DRV437,Bike,airport (kia),Indiranagar,3.9,Success,,UPI,49.07,4.8,4.4,14.5
OLA100865,2024-03-07,19:10:00,CUST1165,DRV304,Mini,Koramangala,KR Puram,3.3,Success,,Cash,51.65,4.1,3.8,15.5
OLA100863,2024-04-20,08:25:00,CUST1098,DRV515,auto,INDIRANAGAR,domlur,15.8,Cancelled by Driver,Personal emergency,,0.0,,,0.0
OLA100424,2024-02-11,05:09:00,CUST1230,DRV351,Bike,JP Nagar,Banashankari,3.6,Success,,OLA MONEY,50.22,5.0,4.5,15.0
OLA100420,2024-06-25,13:38:00,CUST1079,DRV390,Auto,BTM LAYOUT,HSR Layout,2.8,Success,,Debit Card,52.4,4.7,4.2,15.2
OLA101241,2024-01-29,17:53:00,CUST1039,DRV301,Sedan,BTM LAYOUT,Koramangala,5.8,Success,,UPI,107.82,5.0,4.2,15.9
OLA100799,2024-03-28,12:38:00,CUST1377,DRV204,Sedan,Hebbal,Yelahanka,6.4,Success,,cash,119.18,4.1,4.7,20.8
OLA100499,2024-04-03,03:02:00,CUST1290,DRV447,Auto,MG Road,DOMLUR,4.8,Success,,Wallet,67.85,4.1,4.5,20.8
OLA100661,2024-03-15,03:09:00,CUST1060,DRV390,Sedan,BANASHANKARI,Hebbal,7.4,Success,,Cash,127.42,5.0,3.7,28.9
OLA100974,2024-02-08,13:11:00,CUST1375,DRV454,Mini,Jayanagar,WHITEFIELD,7.6,Cancelled by Customer,Wrong pickup location,,0.0,,,0.0
OLA100758,2024-02-24,07:42:00,CUST1358,DRV245,Mini,Koramangala,Jayanagar,2.6,Success,, Credit Card ,71.47,4.3,4.3,10.4
OLA101475,2024-04-07,10:34:00,CUST1006,DRV291,Sedan,Hebbal,JP Nagar,5.5,Success,,UPI,95.11,4.2,4.6,17.6
OLA100626,2024-02-09,07:31:00,CUST1410,DRV421,Auto,Hebbal,Electronic City,10.7,Success,,Cash,111.37,5.0,3.9,30.9
OLA100797,2024-02-11,17:30:00,CUST1340,DRV336,Mini,Airport (KIA),Sarjapur Road,3.8,Success,, Debit Card ,71.67,4.6,3.9,18.0
OLA100251,2024-02-09,14:25:00,CUST1300,DRV233,Sedan,Rajajinagar,BTM LAYOUT,3.8,Success,,Credit Card,69.94,5.0,4.2,14.2
OLA101327,2024-03-19,18:26:00,CUST1011,DRV213,Prime,Yelahanka,HSR LAYOUT,10.0,Cancelled by Customer,Price too high,,0.0,,,0.0
OLA100163,2024-06-21,06:26:00,CUST1298,DRV357,Auto,Koramangala,Malleshwaram,1.9,Success,,UPI,38.17,4.6,4.1,9.1
OLA100547,2024-01-06,19:14:00,CUST1427,DRV466,auto,Rajajinagar,Domlur,14.3,Success,,CREDIT CARD,139.68,4.0,4.5,43.6
OLA101200,2024-05-01,18:35:00,CUST1174,DRV495,Auto,Jayanagar,Electronic City,14.8,Cancelled by Customer,Price too high,,0.0,,,0.0
OLA100444,2024-01-04,10:51:00,CUST1056,DRV356,Sedan,Koramangala,Banashankari,1.8,Success,,UPI,46.47,5.0,4.7,10.3
OLA100098,2024-05-30,09:11:00,CUST1135,DRV226,mini,Rajajinagar,JP NAGAR,8.7,Success,,CASH,114.11,3.7,3.8,25.7
OLA100353,2024-05-17,14:40:00,CUST1033,DRV307,auto,Jayanagar,KR Puram,2.2,Success,,debit card,57.67,,,11.7
OLA100429,2024-04-04,18:03:00,CUST1421,DRV515, Mini ,Indiranagar,mg road,10.8,Success,,UPI,158.83,3.8,3.8,35.9
OLA101053,2024-06-24,16:15:00,CUST1407,DRV290,PRIME,Malleshwaram,MG Road,6.1,Cancelled by Customer,Driver taking too long,,0.0,,,0.0
OLA100590,2024-01-20,19:34:00,CUST1109,DRV347,mini,hebbal, Domlur ,4.1,Success,,Ola Money,72.16,5.0,5.0,11.2
OLA100507,2024-06-23,17:30:00,CUST1134,DRV274,SUV,Rajajinagar,KORAMANGALA,12.9,Cancelled by Customer,Found alternate transport,,0.0,,,0.0
OLA100331,2024-01-20,18:20:00,CUST1123,DRV369,Prime,Indiranagar,JP Nagar,6.3,Success,, Cash ,147.68,3.5,4.3,19.4
OLA101158,2024-04-30,13:07:00,CUST1117,DRV219,bike,HSR Layout,Whitefield,2.9,Cancelled by Customer,Driver taking too long,,0.0,,,0.0
OLA100844,2024-01-19,07:49:00,CUST1235,DRV332,prime,Marathahalli,Airport (KIA),2.5,Success,,UPI,84.51,5.0,4.3,13.0
OLA100577,2024-01-27,18:57:00,CUST1086,DRV233,SEDAN,Jayanagar,Banashankari,7.0,Cancelled by Customer,Found alternate transport,,0.0,,,0.0
OLA100327,2024-05-31,13:36:00,CUST1347,DRV424,Mini,bellandur,Banashankari,11.8,Cancelled by Customer,Wrong pickup location,,0.0,,,0.0
OLA100932,2024-06-16,02:21:00,CUST1215,DRV333,mini,Indiranagar,HSR LAYOUT,8.1,Cancelled by Customer,Booked by mistake,,0.0,,,0.0
OLA101000,2024-03-11,21:47:00,CUST1446,DRV515,auto,airport (kia), Jayanagar ,4.3,Cancelled by Customer,Driver taking too long,,0.0,,,0.0
OLA100350,2024-03-25,10:13:00,CUST1385,DRV516,SUV,JP Nagar, Koramangala ,8.7,Success,,Ola Money,175.04,4.7,5.0,30.3
OLA101165,2024-03-05,10:40:00,CUST1232,DRV445,BIKE,ELECTRONIC CITY,Airport (KIA),4.2,Success,,UPI,56.29,5.0,4.8,18.4
OLA100455,2024-06-15,10:54:00,CUST1198,DRV451,SEDAN, HSR Layout ,BTM LAYOUT,14.4,Success,,Wallet,223.39,5.0,5.0,34.9
OLA101151,2024-02-17,20:45:00,CUST1163,DRV237,AUTO,Airport (KIA),JAYANAGAR,11.8,Success,,Ola Money,126.53,3.5,4.7,42.3
OLA100306,2024-03-11,08:45:00,CUST1333,DRV352,Mini,Malleshwaram,btm layout,4.5,Cancelled by Customer,Price too high,,0.0,,,0.0
OLA100939,2024-06-29,18:22:00,CUST1439,DRV312,Sedan,Hebbal,BELLANDUR,9.0,Success,,UPI,164.41,4.2,4.0,25.0
OLA100407,2024-01-27,08:09:00,CUST1043,DRV399,sedan,BTM LAYOUT,Yelahanka,4.0,Success,, UPI ,84.29,4.1,4.4,12.5
OLA101360,2024-05-10,19:34:00,CUST1037,DRV323,SUV,whitefield,BANASHANKARI,9.8,Success,,DEBIT CARD,207.15,3.9,4.3,32.4
OLA100070,2024-05-05,21:30:00,CUST1178,DRV409,Sedan,MG Road,Jayanagar,2.5,Success,,DEBIT CARD,59.89,4.3,4.1,14.5
OLA100530,2024-05-01,13:10:00,CUST1343,DRV222,mini, Banashankari , Hebbal ,4.4,Success,,Cash,69.69,4.3,5.0,17.3
OLA100202,2024-01-21,10:25:00,CUST1235,DRV489,Mini,BTM Layout,YELAHANKA,6.8,Cancelled by Customer,Wrong pickup location,,0.0,,,0.0
OLA101274,2024-02-15,09:30:00,CUST1216,DRV285,Mini,Jayanagar,Whitefield,5.3,Success,,UPI,75.32,5.0,3.6,13.9
OLA100332,2024-05-26,12:54:00,CUST1255,DRV428,Sedan,airport (kia),Koramangala,12.3,Success,,upi,190.28,5.0,4.8,30.6
OLA101400,2024-03-16,18:49:00,CUST1220,DRV406,SUV,Indiranagar, KR Puram ,13.5,Success,,Credit Card,276.67,4.0,4.6,34.3
OLA100061,2024-01-12,22:35:00,CUST1149,DRV264,Auto,Airport (KIA),MG Road,6.3,Success,,UPI,91.58,3.6,4.8,20.0
OLA101118,2024-04-01,06:06:00,CUST1365,DRV448,Mini,AIRPORT (KIA),btm layout,7.4,Success,,Credit Card,114.13,4.4,4.4,29.5
OLA100525,2024-04-16,07:23:00,CUST1283,DRV284,sedan,sarjapur road,Indiranagar,5.2,Cancelled by Customer,Wrong pickup location,,0.0,,,0.0
OLA101216,2024-02-17,07:24:00,CUST1411,DRV254,AUTO,Jayanagar,btm layout,10.1,Success,, UPI ,118.59,4.3,4.3,33.5
OLA100489,2024-02-23,18:37:00,CUST1220,DRV422,SUV,YELAHANKA,SARJAPUR ROAD,5.0,Success,,Credit Card,125.82,3.4,4.4,17.4
OLA100602,2024-06-04,03:47:00,CUST1339,DRV227,Auto,BTM Layout,Hebbal,7.5,Success,,Debit Card,91.58,4.9,4.0,18.5
OLA101202,2024-02-07,16:05:00,CUST1270,DRV451,Sedan,MARATHAHALLI,Whitefield,2.7,Success,,UPI,66.28,2.6,3.9,9.2
OLA101286,2024-04-22,18:27:00,CUST1390,,Mini,JP Nagar,Domlur,14.5,Driver Not Found,No drivers available in area,,0.0,,,0.0
OLA100235,2024-06-22,18:08:00,CUST1384,DRV410,Bike,Marathahalli, Electronic City ,8.3,Success,, UPI ,85.84,4.7,3.6,28.8
OLA100472,2024-03-30,14:40:00,CUST1108,DRV205,Auto,hebbal, Marathahalli ,3.2,Success,,UPI,64.31,5.0,4.3,11.6
OLA101006,2024-05-08,20:38:00,CUST1139,DRV217,AUTO,Airport (KIA),Bellandur,5.7,Success,,Wallet,61.92,3.6,3.5,21.6
OLA101039,2024-04-20,21:50:00,CUST1098,DRV492,MINI,HEBBAL,JP Nagar,6.5,Cancelled by Customer,Wrong pickup location,,0.0,,,0.0
OLA101257,2024-02-05,18:44:00,CUST1151,DRV297,Auto,Banashankari,Sarjapur Road,2.8,Success,,UPI,53.99,5.0,4.2,12.0
OLA101465,2024-04-29,18:58:00,CUST1254,DRV257,Mini,YELAHANKA,Electronic City,7.5,Success,, UPI ,114.89,4.0,4.5,18.1
OLA100328,2024-02-03,13:31:00,CUST1057,DRV410,SEDAN,Whitefield,hebbal,1.8,Success,,Debit Card,59.85,3.5,5.0,8.7
OLA100480,2024-05-13,07:19:00,CUST1022,DRV504,Bike,YELAHANKA,Airport (KIA),4.2,Success,,UPI,66.88,4.4,5.0,15.2
OLA100881,2024-01-02,20:18:00,CUST1067,DRV406,Mini, JP Nagar ,Malleshwaram,9.6,Success,,Debit Card,121.77,3.7,5.0,32.9
OLA101280,2024-03-17,07:57:00,CUST1211,DRV395,sedan,banashankari,Koramangala,10.9,Success,,CREDIT CARD,177.04,4.4,4.2,40.5
OLA100133,2024-01-29,19:31:00,CUST1305,DRV474,Mini,Malleshwaram,Domlur,2.7,Success,,UPI,51.96,3.1,4.5,12.4
OLA100551,2024-04-05,12:10:00,CUST1273,DRV354,Mini,KORAMANGALA,RAJAJINAGAR,5.4,Success,,upi,102.33,3.6,5.0,17.9
OLA100299,2024-05-11,18:04:00,CUST1159,DRV459,Sedan,Malleshwaram,DOMLUR,4.5,Success,,UPI,78.87,2.8,4.9,16.1
OLA101370,2024-05-14,08:04:00,CUST1031,DRV337,Bike,mg road,RAJAJINAGAR,9.1,Success,,Credit Card,77.18,3.8,3.8,25.4
OLA100546,2024-02-08,19:33:00,CUST1321,DRV211,Mini,JP Nagar,Electronic City,1.7,Success,,UPI,47.92,3.3,4.8,5.7
OLA100670,2024-01-31,05:15:00,CUST1385,DRV505,SUV,Airport (KIA),jp nagar,18.9,Success,,cash,377.77,4.2,4.0,60.2
OLA100798,2024-04-12,13:59:00,CUST1379,DRV399,MINI,MG Road,Koramangala,13.7,Success,,UPI,169.48,4.5,3.6,51.3
OLA100852,2024-04-17,13:34:00,CUST1352,DRV282,Prime,rajajinagar,Banashankari,3.8,Success,,Ola Money,118.38,3.8,4.0,13.1
OLA100348,2024-01-14,18:40:00,CUST1315,DRV354,Sedan,Sarjapur Road,JP Nagar,14.9,Cancelled by Customer,Booked by mistake,,0.0,,,0.0
OLA100723,2024-01-30,17:08:00,CUST1167,DRV437,Sedan,Whitefield,MG Road,10.9,Success,,DEBIT CARD,184.05,3.6,3.9,23.7
OLA101437,2024-05-26,20:21:00,CUST1207,DRV284,Mini, Yelahanka ,HSR Layout,7.4,Success,,Ola Money,112.39,4.8,3.8,18.8
OLA101294,2024-01-26,17:32:00,CUST1185,DRV411,Auto, Rajajinagar ,Domlur,7.2,Success,,Ola Money,82.54,4.5,5.0,26.2
OLA101434,2024-04-09,11:39:00,CUST1169,DRV433,suv,KORAMANGALA,Electronic City,8.8,Cancelled by Driver,Customer not reachable,,0.0,,,0.0
OLA100225,2024-06-29,18:04:00,CUST1295,DRV252,Auto,JP Nagar,HSR Layout,8.2,Success,,Cash,91.57,3.2,3.8,31.1
OLA101142,2024-01-18,21:12:00,CUST1325,DRV517,Sedan,jp nagar,Jayanagar,5.9,Success,,UPI,126.87,4.4,5.0,15.8
OLA100738,2024-04-18,07:15:00,CUST1155,DRV346,SUV,Jayanagar,Hebbal,15.7,Success,,UPI,323.47,4.7,4.3,34.2
OLA100873,2024-03-16,12:51:00,CUST1253,DRV423, SUV ,Bellandur,JAYANAGAR,11.8,Success,,Wallet,234.9,3.8,4.9,30.0
OLA100635,2024-02-07,16:27:00,CUST1431,DRV520, Bike ,JP Nagar,JAYANAGAR,2.3,Success,,UPI,31.38,3.8,4.7,11.4
OLA100763,2024-03-16,19:31:00,CUST1348,DRV433,Mini,Hebbal,electronic city,11.2,Cancelled by Customer,Wrong pickup location,,0.0,,,0.0
OLA101305,2024-06-20,14:37:00,CUST1154,DRV307,Bike,Indiranagar,Bellandur,3.3,Success,,Ola Money,39.5,3.7,4.8,12.7
OLA100849,2024-04-30,07:13:00,CUST1163,DRV490,Mini,Domlur,bellandur,12.2,Cancelled by Customer,Found alternate transport,,0.0,,,0.0
OLA100233,2024-04-22,19:07:00,CUST1397,DRV321,Mini,Sarjapur Road,Banashankari,3.8,Success,, Debit Card ,82.63,4.3,5.0,15.2
OLA101003,2024-05-13,09:05:00,CUST1309,DRV309,Prime, Marathahalli ,electronic city,6.1,Success,,Credit Card,162.2,3.6,3.6,21.5
OLA100760,2024-06-02,05:21:00,CUST1193,DRV395,Auto,JP Nagar,rajajinagar,21.9,Success,,UPI,214.45,4.6,4.3,69.5
OLA100634,2024-06-21,11:19:00,CUST1044,DRV264, Mini ,jayanagar,MG Road,7.6,Success,,Cash,123.08,3.8,4.9,24.3
OLA101189,2024-05-31,09:26:00,CUST1259,DRV346,Mini,MARATHAHALLI,Bellandur,17.4,Success,,UPI,228.46,3.8,4.6,46.2
OLA100665,2024-04-23,18:41:00,CUST1045,DRV284,Auto,Sarjapur Road,Hebbal,8.1,Success,,Credit Card,96.63,4.7,3.8,22.0
OLA101297,2024-02-12,09:38:00,CUST1167,DRV503,Sedan,Whitefield,ELECTRONIC CITY,1.8,Cancelled by Customer,Change of plans,,0.0,,,0.0
OLA101210,2024-04-15,10:04:00,CUST1252,DRV405,SUV,Malleshwaram,Rajajinagar,3.2,Success,,debit card,91.85,4.5,4.8,16.5
OLA100362,2024-05-29,07:36:00,CUST1186,DRV361,Prime,HSR Layout,Koramangala,3.1,Cancelled by Customer,Wrong pickup location,,0.0,,,0.0
OLA101127,2024-01-24,17:58:00,CUST1448,DRV407,Bike,Electronic City,Banashankari,3.5,Success,,Wallet,51.98,3.2,4.6,9.4
OLA100352,2024-05-11,18:28:00,CUST1249,DRV222,mini,JAYANAGAR,Banashankari,2.9,Cancelled by Driver,Customer not reachable,,0.0,,,0.0
OLA101115,2024-03-28,19:02:00,CUST1195,DRV330,Mini,KR Puram,RAJAJINAGAR,6.1,Cancelled by Customer,Wrong pickup location,,0.0,,,0.0
OLA101247,2024-04-05,05:50:00,CUST1006,DRV257,SUV,marathahalli, Domlur ,8.5,Success,, UPI ,183.92,,,21.3
OLA100875,2024-01-28,16:27:00,CUST1102,DRV490,Sedan,Whitefield,Airport (KIA),2.5,Success,,upi,55.02,3.3,4.2,11.5
OLA101410,2024-02-15,19:33:00,CUST1100,DRV498,Bike,Rajajinagar,Electronic City,2.4,Success,, Ola Money ,30.91,4.7,2.9,9.0
OLA100543,2024-05-28,19:44:00,CUST1107,DRV315,Sedan,Marathahalli,JP Nagar,5.4,Success,,CASH,111.01,4.4,4.0,21.2
OLA100748,2024-06-27,11:26:00,CUST1335,DRV347,Auto,HSR Layout,Jayanagar,2.8,Success,,Wallet,48.64,5.0,5.0,11.2
OLA100526,2024-06-05,10:10:00,CUST1008,DRV449,MINI,Koramangala,Jayanagar,4.8,Success,, Credit Card ,95.58,4.8,3.6,14.6
OLA101416,2024-05-11,22:20:00,CUST1067,DRV439,Sedan,Sarjapur Road,Banashankari,3.9,Success,,cash,80.88,4.7,4.8,17.0
OLA100850,2024-05-01,08:13:00,CUST1444,DRV211,prime,RAJAJINAGAR,Marathahalli,4.3,Success,,upi,108.56,5.0,4.5,16.6
OLA100459,2024-04-11,19:49:00,CUST1423,DRV346,Sedan,Rajajinagar,Hebbal,2.8,Success,,Debit Card,72.59,4.2,4.0,9.5
OLA100942,2024-03-12,15:19:00,CUST1423,DRV243,Mini,Domlur,BELLANDUR,3.0,Cancelled by Customer,Found alternate transport,,0.0,,,0.0
OLA101478,2024-01-17,18:47:00,CUST1335,DRV200,Bike,Jayanagar,Domlur,14.3,Success,,UPI,118.69,4.3,3.4,35.9
OLA101037,2024-05-25,12:04:00,CUST1167,,Mini,Domlur,MG Road,6.5,Driver Not Found,No drivers available in area,,0.0,,,0.0
OLA100014,2024-05-16,18:08:00,CUST1337,DRV443,Bike,HSR Layout,hebbal,5.0,Success,,Debit Card,60.83,4.0,4.9,17.1
OLA101268,2024-04-23,16:23:00,CUST1073,DRV239, SUV ,BELLANDUR,HSR Layout,2.4,Success,,UPI,81.84,3.7,3.9,10.9
OLA100650,2024-01-10,17:41:00,CUST1077,DRV494,Mini,Malleshwaram, Hebbal ,2.8,Cancelled by Driver,Traffic/road closure,,0.0,,,0.0
OLA101289,2024-05-20,15:58:00,CUST1107,DRV200,Prime,HSR Layout,Indiranagar,3.9,Success,,Wallet,100.97,4.3,3.4,17.2
OLA100964,2024-04-14,16:47:00,CUST1427,DRV423,MINI,Airport (KIA),Electronic City,13.2,Success,,cash,182.2,4.7,4.9,37.1
OLA100654,2024-05-31,08:53:00,CUST1396,DRV355,Auto, Malleshwaram ,MG Road,4.9,Cancelled by Customer,Booked by mistake,,0.0,,,0.0
OLA100342,2024-06-21,18:53:00,CUST1273,DRV346,bike,rajajinagar,Koramangala,10.1,Success,,UPI,91.28,4.6,4.4,36.3
OLA101153,2024-02-09,07:15:00,CUST1318,DRV332,Bike,rajajinagar,Domlur,5.3,Cancelled by Driver,Too far from pickup,,0.0,,,0.0
OLA100280,2024-06-28,21:25:00,CUST1435,,Mini,Domlur,Yelahanka,6.2,Driver Not Found,No drivers available in area,,0.0,,,0.0
OLA100603,2024-02-01,14:15:00,CUST1439,DRV426, Sedan ,bellandur,marathahalli,5.9,Cancelled by Driver,Customer not reachable,,0.0,,,0.0
OLA101307,2024-06-30,12:20:00,CUST1384,DRV490,Bike, HSR Layout ,Koramangala,8.1,Success,,OLA MONEY,89.68,4.9,4.6,25.2
OLA100318,2024-02-13,07:45:00,CUST1333,DRV219,Sedan, Marathahalli ,SARJAPUR ROAD,6.9,Success,,debit card,130.29,4.1,3.6,24.8
OLA101321,2024-02-19,13:59:00,CUST1387,DRV379,Mini,Bellandur,KR Puram,8.1,Success,,upi,107.21,5.0,4.2,19.8
OLA101070,2024-03-04,10:43:00,CUST1287,DRV457,Sedan,kr puram,MG Road,19.1,Cancelled by Driver,Personal emergency,,0.0,,,0.0
OLA100401,2024-06-10,06:47:00,CUST1171,DRV333,Sedan,JP Nagar,Sarjapur Road,6.2,Success,, Ola Money ,129.76,,,23.1
OLA100336,2024-02-18,07:54:00,CUST1201,DRV310,Sedan,Jayanagar,Banashankari,4.2,Success,,Cash,77.03,4.7,4.4,15.2
OLA100169,2024-02-07,09:18:00,CUST1365,DRV240,Sedan,kr puram,Marathahalli,1.1,Success,,CASH,52.82,3.8,4.5,5.9
OLA100595,2024-01-17,16:54:00,CUST1211,DRV336,Bike,HSR LAYOUT,Hebbal,10.9,Success,,upi,101.01,4.7,4.5,33.5
OLA101364,2024-06-10,18:38:00,CUST1013,DRV276,Prime,YELAHANKA,Rajajinagar,11.0,Cancelled by Customer,Price too high,,0.0,,,0.0
OLA100482,2024-01-04,21:35:00,CUST1263,DRV252,Mini,Banashankari,SARJAPUR ROAD,6.6,Success,,UPI,97.15,3.8,4.4,17.9
OLA100506,2024-03-29,05:16:00,CUST1386,DRV259,mini,KR Puram,bellandur,7.3,Success,,UPI,109.59,3.7,5.0,21.5
OLA100790,2024-03-03,23:42:00,CUST1421,DRV470,Auto,Indiranagar,airport (kia),3.0,Success,,UPI,67.94,,,11.1
OLA100179,2024-03-04,17:38:00,CUST1447,DRV241,SUV,MALLESHWARAM,Banashankari,7.4,Success,,Cash,150.54,4.1,4.9,28.8
OLA101222,2024-02-22,07:40:00,,DRV215,Bike,Airport (KIA),HSR Layout,5.8,Success,,Cash,50.23,4.4,4.9,23.6
OLA101182,2024-01-10,17:17:00,CUST1356,DRV392,Sedan,MALLESHWARAM,rajajinagar,10.2,Success,,cash,170.02,4.3,4.8,25.9
OLA100366,2024-04-03,11:57:00,CUST1395,DRV501,Auto, Hebbal ,Electronic City,4.0,Success,,Credit Card,60.94,4.5,5.0,15.2
OLA101184,2024-02-15,10:09:00,CUST1292,DRV321,Auto,whitefield, Koramangala ,12.4,Success,,UPI,135.89,4.1,3.8,40.1
OLA100667,2024-01-05,08:13:00,CUST1125,DRV496,SEDAN,jp nagar,Yelahanka,8.1,Success,,CASH,140.45,4.1,4.4,18.3
OLA100320,2024-01-26,17:17:00,CUST1318,DRV510,Auto,Rajajinagar,MG Road,3.3,Success,, Cash ,56.75,4.4,4.9,15.7
OLA101319,2024-04-25,10:32:00,CUST1392,DRV473,sedan,MG ROAD,Malleshwaram,2.4,Success,,UPI,68.64,4.4,4.3,14.2
OLA100936,2024-04-19,14:07:00,CUST1224,DRV260, Bike ,banashankari,Bellandur,6.2,Success,,Cash,58.01,4.6,3.9,23.2
OLA100778,2024-03-31,16:32:00,CUST1107,DRV250,Auto,indiranagar,Marathahalli,3.8,Success,,UPI,46.5,3.9,4.3,10.9
OLA101292,2024-06-01,18:15:00,CUST1115,DRV211,Sedan,marathahalli,Banashankari,5.6,Success,,upi,121.6,4.5,4.8,18.6
OLA101015,2024-02-27,19:17:00,CUST1102,DRV290,PRIME,Marathahalli,Airport (KIA),3.4,Success,, Credit Card ,90.94,4.6,4.7,11.9
OLA100356,2024-05-29,04:54:00,CUST1037,DRV383, Bike ,MG ROAD,Yelahanka,10.8,Success,,Cash,103.41,4.1,4.2,40.3
OLA101345,2024-02-17,06:19:00,CUST1369,DRV417,Mini,Marathahalli,Domlur,8.2,Success,,Cash,111.18,5.0,4.9,22.1
OLA100285,2024-02-11,18:35:00,CUST1047,DRV373,SUV,Domlur,AIRPORT (KIA),14.6,Success,,Cash,298.94,4.3,3.5,37.9
OLA100607,2024-05-12,17:49:00,CUST1425,DRV266,bike,Rajajinagar,yelahanka,6.3,Cancelled by Customer,Driver taking too long,,0.0,,,0.0
OLA100927,2024-02-05,20:23:00,CUST1396,DRV408,SUV,Whitefield,Banashankari,12.5,Success,,Cash,245.56,4.1,3.8,30.2
OLA100521,2024-06-16,17:29:00,CUST1347,DRV474,Mini,SARJAPUR ROAD,BTM Layout,7.4,Success,,cash,124.14,4.4,4.2,28.1
OLA100611,2024-01-31,08:13:00,CUST1097,DRV336, Mini ,airport (kia),BELLANDUR,1.5,Cancelled by Customer,Price too high,,0.0,,,0.0
OLA100393,2024-02-18,13:12:00,CUST1120,DRV323,Bike,Jayanagar,marathahalli,1.7,Success,,UPI,31.28,4.6,5.0,6.8
OLA100232,2024-01-27,18:41:00,CUST1384,DRV326,Mini,Indiranagar,Airport (KIA),11.8,Cancelled by Customer,Change of plans,,0.0,,,0.0
OLA101429,2024-06-05,13:40:00,CUST1033,,Mini,KR Puram,sarjapur road,7.6,Driver Not Found,No drivers available in area,,0.0,,,0.0
OLA100937,2024-02-28,11:48:00,CUST1413,DRV474,SUV,koramangala,Marathahalli,10.5,Success,,upi,228.38,4.8,3.3,34.9
OLA100199,2024-01-13,18:26:00,CUST1070,DRV318,Mini,electronic city,Koramangala,5.8,Success,,Ola Money,85.36,5.0,5.0,24.3
OLA100862,2024-01-04,02:50:00,CUST1191,,Bike,DOMLUR,Yelahanka,1.4,Driver Not Found,No drivers available in area,,0.0,,,0.0
OLA101451,2024-03-24,19:04:00,CUST1106,DRV202,SEDAN,airport (kia),Indiranagar,7.9,Success,,Credit Card,141.25,3.9,4.9,26.2
OLA100638,2024-06-22,20:55:00,CUST1249,DRV318,Auto,MALLESHWARAM,Koramangala,1.1,Success,,Cash,36.46,4.2,4.4,10.9
OLA100136,2024-01-27,18:47:00,CUST1387,DRV370,Mini,Banashankari,SARJAPUR ROAD,9.7,Success,,Wallet,131.86,4.5,4.4,25.8
OLA100971,2024-05-06,08:55:00,CUST1070,DRV342, Auto ,MG Road,Bellandur,3.5,Success,, UPI ,67.11,4.2,4.8,12.4
OLA100647,2024-04-16,18:00:00,CUST1125,DRV442,Sedan,Malleshwaram,HSR Layout,5.9,Success,,Credit Card,100.16,4.3,4.5,16.6
OLA100194,2024-01-31,18:48:00,CUST1245,DRV324,auto,jayanagar,Rajajinagar,11.4,Success,,cash,133.65,4.2,4.2,28.0
OLA100700,2024-05-14,22:39:00,CUST1222,DRV233, Mini ,Electronic City,BTM Layout,5.0,Success,,wallet,75.75,4.3,4.4,18.5
OLA101248,2024-05-02,18:12:00,CUST1339,DRV443,sedan,Jayanagar,MG Road,3.1,Success,,upi,63.57,3.7,4.0,14.1
OLA101084,2024-01-18,18:36:00,CUST1047,DRV485,Auto,JP Nagar,HSR LAYOUT,3.4,Cancelled by Customer,Change of plans,,0.0,,,0.0
OLA100729,2024-03-23,07:25:00,CUST1334,DRV361,Mini,jayanagar,Airport (KIA),6.9,Success,,UPI,97.5,4.1,3.6,24.6
OLA100542,2024-06-07,04:23:00,CUST1089,DRV486,Auto,JP Nagar,Jayanagar,7.3,Success,,Credit Card,77.55,5.0,4.6,23.0
OLA100288,2024-01-30,09:25:00,CUST1241,DRV450,Bike,Marathahalli,Whitefield,12.8,Success,,UPI,111.06,4.7,4.4,37.4
OLA100538,2024-05-06,08:35:00,CUST1385,DRV206,Auto,Rajajinagar,Jayanagar,4.0,Success,,cash,50.98,4.4,4.2,11.4
OLA101373,2024-03-19,11:10:00,CUST1010,DRV324,Bike,electronic city,Bellandur,6.1,Cancelled by Customer,Found alternate transport,,0.0,,,0.0
OLA101273,2024-04-14,09:33:00,CUST1034,DRV318,Bike,domlur,Indiranagar,2.2,Cancelled by Customer,Wrong pickup location,,0.0,,,0.0
OLA100926,2024-06-22,09:12:00,CUST1379,DRV282,Sedan,malleshwaram, Jayanagar ,2.5,Success,,upi,52.58,4.6,3.3,7.3
OLA100019,2024-03-04,19:04:00,CUST1226,DRV481,MINI,JP NAGAR,Koramangala,5.8,Cancelled by Driver,Customer not reachable,,0.0,,,0.0
OLA100646,2024-03-15,17:48:00,CUST1259,DRV455,Auto,MG Road,hsr layout,5.6,Success,,CASH,79.21,3.3,4.1,24.0
OLA100698,2024-04-02,04:01:00,CUST1101,DRV301,Mini,BTM Layout,Hebbal,8.0,Success,,UPI,124.57,5.0,3.2,21.7
OLA100749,2024-04-25,15:13:00,CUST1095,DRV302,Mini,HSR Layout,BTM Layout,2.4,Cancelled by Driver,Personal emergency,,0.0,,,0.0
OLA101455,2024-06-04,07:53:00,CUST1330,DRV203,auto,domlur,WHITEFIELD,7.1,Success,,Cash,73.57,3.8,3.8,19.1
OLA100446,2024-04-29,17:00:00,CUST1034,DRV398,Auto,Banashankari,mg road,3.2,Cancelled by Customer,Wrong pickup location,,0.0,,,0.0
OLA101218,2024-05-10,02:00:00,CUST1110,DRV292,Bike,Jayanagar,MALLESHWARAM,2.8,Success,, Credit Card ,60.2,5.0,3.9,15.3
OLA101299,2024-06-28,10:36:00,CUST1044,,Mini, Hebbal ,BANASHANKARI,1.2,Driver Not Found,No drivers available in area,,0.0,,,0.0
OLA100911,2024-02-02,16:57:00,CUST1289,DRV350,Mini,bellandur,Electronic City,5.0,Success,,Cash,82.09,3.4,4.6,17.5
OLA101381,2024-02-20,08:05:00,CUST1323,,Sedan,Electronic City,Rajajinagar,4.7,Driver Not Found,No drivers available in area,,0.0,,,0.0
OLA100440,2024-01-13,14:16:00,CUST1043,DRV404,SUV,Electronic City,HSR LAYOUT,5.7,Success,, Cash ,132.03,4.0,4.7,20.0
OLA100827,2024-04-08,12:31:00,CUST1275,DRV473, Sedan ,JP NAGAR,BTM Layout,5.4,Success,,CREDIT CARD,102.14,3.4,3.5,19.0
OLA101251,2024-02-27,18:08:00,CUST1245,DRV514,Bike,Malleshwaram,RAJAJINAGAR,7.9,Success,,UPI,81.78,4.3,4.7,29.1
OLA100959,2024-06-03,08:50:00,CUST1214,DRV317,SUV,Electronic City,Sarjapur Road,9.9,Cancelled by Driver,Traffic/road closure,,0.0,,,0.0
OLA100768,2024-06-27,13:57:00,CUST1074,DRV307,Mini,JAYANAGAR,koramangala,3.6,Cancelled by Customer,Change of plans,,0.0,,,0.0
OLA101097,2024-01-29,18:01:00,CUST1254,DRV304,Sedan,Banashankari,MARATHAHALLI,4.6,Success,,Cash,98.06,4.9,4.8,17.2
OLA101349,2024-01-31,23:41:00,CUST1301,DRV430,Bike,WHITEFIELD,BANASHANKARI,9.4,Success,, Cash ,99.11,3.9,4.5,32.7
OLA100996,2024-03-22,11:09:00,CUST1240,DRV234,Prime,Koramangala,Yelahanka,8.2,Success,,upi,200.04,5.0,4.2,30.2
OLA101448,2024-05-30,12:23:00,CUST1407,DRV362,AUTO,Domlur,HEBBAL,28.8,Success,,Wallet,250.73,5.0,4.2,62.5
OLA100976,2024-05-03,14:11:00,CUST1449,DRV353,BIKE,HEBBAL,Malleshwaram,12.0,Success,,UPI,101.71,5.0,5.0,32.6
OLA100770,2024-05-11,16:37:00,CUST1222,DRV276,AUTO,Bellandur,BTM Layout,6.5,Success,,Wallet,68.02,4.3,5.0,21.8
OLA100417,2024-02-01,22:45:00,CUST1127,DRV397,Auto,KR Puram,BTM LAYOUT,5.9,Success,,Cash,84.33,3.7,5.0,21.1
OLA100310,2024-02-26,10:47:00,CUST1446,DRV357,SEDAN,yelahanka,bellandur,8.9,Success,, Ola Money ,147.42,5.0,4.5,22.7
OLA100487,2024-02-13,09:22:00,CUST1309,DRV494,Mini,MG Road,Rajajinagar,4.4,Cancelled by Customer,Booked by mistake,,0.0,,,0.0
OLA100354,2024-04-21,16:04:00,CUST1382,DRV278,Mini,Yelahanka, Indiranagar ,3.9,Success,,Cash,60.53,3.5,4.5,13.4
OLA101223,2024-05-22,08:01:00,CUST1359,DRV488,sedan,electronic city,BTM Layout,5.3,Success,,Debit Card,91.15,5.0,4.0,22.2
OLA100435,2024-03-08,10:37:00,CUST1127,DRV319,mini,Hebbal,whitefield,5.2,Success,, UPI ,89.31,4.1,3.7,17.3
OLA100220,2024-03-25,21:27:00,CUST1054,DRV205,Mini,BTM Layout,JP Nagar,4.8,Success,,UPI,90.21,4.3,5.0,13.8
OLA101404,2024-02-07,11:48:00,CUST1183,DRV478,Auto,Rajajinagar,Marathahalli,9.3,Success,,Credit Card,92.2,4.4,3.4,25.5
OLA101076,2024-01-05,19:12:00,CUST1106,DRV331,MINI,Banashankari,Koramangala,3.5,Cancelled by Customer,Booked by mistake,,0.0,,,0.0
OLA100719,2024-04-26,10:53:00,CUST1364,DRV352,SEDAN,HSR LAYOUT,kr puram,2.5,Cancelled by Driver,Personal emergency,,0.0,,,0.0
OLA100116,2024-06-09,13:48:00,CUST1288,DRV496,Sedan,Sarjapur Road,yelahanka,2.4,Success,, Cash ,74.53,3.8,4.5,9.6
OLA100559,2024-05-21,13:52:00,CUST1423,DRV354,Bike,Hebbal,malleshwaram,2.9,Success,, UPI ,49.18,5.0,4.3,11.5
OLA100049,2024-01-21,13:47:00,CUST1276,DRV226,prime,Banashankari, BTM Layout ,16.9,Cancelled by Customer,Wrong pickup location,,0.0,,,0.0
OLA100617,2024-01-12,22:31:00,CUST1446,DRV343, Auto ,rajajinagar,Hebbal,6.3,Success,,Cash,92.48,4.3,3.5,20.3
OLA101376,2024-03-16,08:55:00,CUST1373,DRV211, Auto ,Airport (KIA),Bellandur,3.9,Cancelled by Customer,Booked by mistake,,0.0,,,0.0
OLA101107,2024-05-21,22:05:00,CUST1443,DRV458,MINI,MALLESHWARAM,JAYANAGAR,3.7,Success,,Debit Card,59.95,4.6,4.4,10.9
OLA100262,2024-02-04,16:25:00,CUST1038,DRV503,SUV,Rajajinagar,electronic city,2.7,Success,,Credit Card,70.7,3.8,4.6,14.0
OLA100613,2024-03-01,16:58:00,CUST1127,DRV389,suv,KR Puram,Whitefield,7.2,Success,,CREDIT CARD,144.91,2.5,4.5,25.3
OLA101427,2024-05-18,09:34:00,CUST1444,DRV208,Prime,Electronic City,Indiranagar,5.5,Cancelled by Customer,Price too high,,0.0,,,0.0
OLA101496,2024-04-07,16:47:00,CUST1149,DRV252, Sedan ,Bellandur,MG Road,9.3,Success,,Cash,149.65,5.0,4.3,22.7
OLA100944,2024-03-27,20:58:00,CUST1134,DRV502,Mini,KORAMANGALA,Banashankari,4.0,Success,,Ola Money,80.77,4.6,4.0,14.7
OLA100708,2024-03-11,08:38:00,CUST1070,DRV478,Bike,Koramangala,Yelahanka,2.1,Success,,Debit Card,36.06,5.0,4.1,11.6
OLA101233,2024-01-28,13:58:00,CUST1036,DRV356,MINI,bellandur,Hebbal,15.1,Success,,UPI,205.86,3.4,3.1,53.7
OLA100886,2024-04-15,16:42:00,CUST1062,,SUV,sarjapur road,Airport (KIA),2.3,Driver Not Found,No drivers available in area,,0.0,,,0.0
OLA100196,2024-02-07,01:35:00,CUST1299,DRV496, Auto ,HEBBAL,Electronic City,8.8,Success,,Cash,91.29,4.1,5.0,23.8
OLA100323,2024-03-06,16:29:00,CUST1151,DRV335,Sedan,MG Road,Jayanagar,4.0,Cancelled by Customer,Booked by mistake,,0.0,,,0.0
OLA101174,2024-02-24,09:04:00,CUST1185,DRV519,BIKE,Sarjapur Road,KR Puram,3.7,Success,,cash,51.45,4.8,4.8,12.7
OLA100038,2024-06-16,09:28:00,CUST1226,DRV309,suv,HSR Layout,whitefield,13.4,Success,,Wallet,264.71,3.7,4.1,32.7
OLA100591,2024-01-25,15:17:00,CUST1034,DRV490,BIKE,Airport (KIA),Rajajinagar,5.1,Cancelled by Customer,Wrong pickup location,,0.0,,,0.0
OLA100699,2024-03-08,20:01:00,CUST1425,DRV270,Sedan,MG ROAD,BANASHANKARI,5.7,Success,,credit card,122.88,4.7,4.8,22.9
OLA101122,2024-04-15,18:46:00,CUST1233,DRV329,Sedan,Banashankari,Bellandur,6.4,Success,,cash,133.81,5.0,4.3,18.1
OLA101313,2024-06-15,19:52:00,CUST1117,DRV496,Mini,Marathahalli, Koramangala ,13.2,Success,,CASH,176.12,3.6,3.9,30.0
OLA100031,2024-02-15,19:01:00,CUST1091,DRV370,AUTO,Rajajinagar,BTM Layout,5.4,Cancelled by Customer,Change of plans,,0.0,,,0.0
OLA100824,2024-01-27,08:31:00,CUST1338,,bike,whitefield,koramangala,6.3,Driver Not Found,No drivers available in area,,0.0,,,0.0
OLA100314,2024-06-11,12:27:00,CUST1244,,MINI,JP Nagar, Jayanagar ,4.3,Driver Not Found,No drivers available in area,,0.0,,,0.0
OLA100848,2024-04-11,18:12:00,CUST1205,DRV368,Mini,Yelahanka,Malleshwaram,5.3,Success,,Cash,79.68,3.6,4.5,21.0
OLA100554,2024-03-24,05:41:00,CUST1099,DRV498, SUV ,MARATHAHALLI,jayanagar,4.0,Success,,UPI,87.68,4.5,4.4,15.9
OLA100872,2024-04-03,07:13:00,CUST1015,DRV367,Mini,Whitefield,HSR Layout,5.6,Success,,CASH,84.63,,,14.8
OLA101230,2024-02-22,19:25:00,CUST1041,DRV414,Bike,Malleshwaram,sarjapur road,11.3,Success,,Credit Card,84.06,5.0,4.5,45.2
OLA100173,2024-05-06,08:47:00,CUST1446,DRV348,Bike,Koramangala,Yelahanka,7.2,Success,,Wallet,75.24,5.0,4.3,17.3
OLA101498,2024-04-24,18:04:00,CUST1364,DRV335,Mini,Rajajinagar,electronic city,8.2,Success,,Cash,105.99,3.3,5.0,26.4
OLA100085,2024-06-25,08:54:00,CUST1154,DRV301,prime, Airport (KIA) ,MG Road,6.5,Success,,UPI,152.12,4.7,4.1,22.9
OLA100483,2024-01-19,09:57:00,CUST1173,DRV476,Sedan, Electronic City ,koramangala,2.9,Success,,Cash,69.72,2.5,4.2,11.3
OLA100130,2024-01-14,11:23:00,CUST1120,DRV397,PRIME,banashankari,btm layout,10.7,Cancelled by Driver,Too far from pickup,,0.0,,,0.0
OLA100636,2024-02-09,18:28:00,CUST1248,DRV441,Mini,KR Puram,Domlur,4.9,Success,,upi,76.18,4.7,3.5,14.3
OLA100556,2024-03-29,10:28:00,CUST1447,DRV487,Mini,KR Puram,Rajajinagar,5.6,Success,,CASH,100.71,3.2,3.4,19.3
OLA100806,2024-01-28,07:47:00,CUST1308,DRV261, Mini ,JAYANAGAR,BTM Layout,18.2,Cancelled by Driver,Vehicle breakdown,,0.0,,,0.0
OLA101393,2024-03-08,09:02:00,CUST1059,,Sedan,JP NAGAR, Koramangala ,3.8,Driver Not Found,No drivers available in area,,0.0,,,0.0
OLA100139,2024-03-25,08:51:00,CUST1188,DRV423,bike, KR Puram ,bellandur,7.6,Success,,debit card,70.77,3.7,4.8,20.7
OLA100456,2024-02-26,18:12:00,CUST1387,DRV304,Mini,KR Puram,Malleshwaram,10.6,Cancelled by Customer,Driver taking too long,,0.0,,,0.0
OLA100807,2024-05-19,16:19:00,CUST1371,DRV442,Prime,JAYANAGAR,Sarjapur Road,7.0,Success,,UPI,176.62,4.9,5.0,25.6
OLA100501,2024-05-16,18:30:00,CUST1232,,Bike,Sarjapur Road,Yelahanka,6.1,Driver Not Found,No drivers available in area,,0.0,,,0.0
OLA100566,2024-05-21,17:51:00,CUST1058,DRV413,Sedan,Whitefield,ELECTRONIC CITY,1.9,Cancelled by Driver,Personal emergency,,0.0,,,0.0
OLA101470,2024-05-26,20:55:00,CUST1047,DRV211,Auto,Sarjapur Road,HSR Layout,10.8,Success,,upi,124.78,3.5,5.0,28.8
OLA100146,2024-03-22,17:45:00,CUST1033,DRV481,SUV,Hebbal,HSR Layout,8.6,Cancelled by Driver,Customer not reachable,,0.0,,,0.0
OLA101221,2024-04-05,06:26:00,CUST1334,DRV211,Mini,Indiranagar,Electronic City,4.0,Success,,Debit Card,68.06,5.0,4.8,15.1
OLA101142,2024-01-18,21:12:00,CUST1325,DRV517,Sedan,jp nagar,jayanagar,5.9,Success,,UPI,126.87,4.4,5.0,15.8
OLA100740,2024-05-17,07:46:00,CUST1089,DRV331,Sedan,Hebbal,AIRPORT (KIA),5.1,Success,,credit card,94.9,4.2,5.0,16.4
OLA101108,2024-05-14,15:09:00,CUST1288,DRV471,SUV,JP Nagar,Banashankari,2.2,Success,,UPI,70.78,3.5,3.0,7.1
OLA100357,2024-04-11,19:01:00,CUST1242,DRV280,SUV,Electronic City,Rajajinagar,6.0,Cancelled by Customer,Booked by mistake,,0.0,,,0.0
OLA100803,2024-01-16,13:41:00,CUST1026,DRV355,Mini,Banashankari,Marathahalli,3.0,Success,, UPI ,76.29,4.2,5.0,15.8
OLA101022,2024-05-11,07:19:00,CUST1305,DRV468,Mini,Sarjapur Road,Electronic City,4.0,Success,,UPI,62.9,4.3,4.6,15.5
OLA100043,2024-03-07,18:53:00,CUST1326,DRV341,Auto,MALLESHWARAM,Airport (KIA),9.8,Success,,UPI,112.2,3.6,5.0,34.5
OLA100835,2024-02-24,11:03:00,CUST1112,DRV400,Mini,JP NAGAR,Whitefield,7.5,Success,, Debit Card ,122.0,3.7,4.0,26.0
OLA100786,2024-06-30,18:43:00,CUST1311,DRV414,auto,hsr layout,airport (kia),5.6,Cancelled by Customer,Price too high,,0.0,,,0.0
OLA100128,2024-06-03,07:16:00,CUST1026,DRV446,Bike,JP Nagar,MG Road,14.5,Success,,UPI,123.34,5.0,5.0,46.6
OLA101445,2024-06-27,15:30:00,CUST1287,DRV230,SUV,Electronic City,malleshwaram,7.8,Success,,CASH,155.6,4.0,4.0,27.1
OLA100780,2024-03-06,17:44:00,CUST1073,DRV474,Mini,MARATHAHALLI,Jayanagar,10.7,Success,,UPI,154.13,4.7,3.8,28.8
OLA100276,2024-01-06,14:00:00,CUST1169,DRV514,Mini,electronic city,Banashankari,7.7,Cancelled by Driver,Too far from pickup,,0.0,,,0.0
OLA101129,2024-02-26,08:14:00,CUST1225,DRV310,Mini,HEBBAL,btm layout,10.4,Cancelled by Customer,Found alternate transport,,0.0,,,0.0
OLA101250,2024-03-08,11:48:00,CUST1221,DRV221,bike,Bellandur,Koramangala,3.4,Success,,Debit Card,41.18,3.6,4.3,13.5
OLA100282,2024-06-20,16:56:00,CUST1171,DRV428,mini, Jayanagar ,marathahalli,7.8,Success,,upi,121.6,4.9,3.9,22.5
OLA101419,2024-05-07,17:10:00,CUST1095,DRV238,Mini,HSR LAYOUT, Whitefield ,7.1,Cancelled by Driver,Traffic/road closure,,0.0,,,0.0
OLA100187,2024-01-13,08:02:00,CUST1205,,mini,Jayanagar,Indiranagar,9.0,Driver Not Found,No drivers available in area,,0.0,,,0.0
OLA101128,2024-03-16,16:05:00,CUST1165,DRV315,Sedan, Indiranagar ,Marathahalli,1.7,Success,,Debit Card,55.24,3.6,4.4,9.6
OLA100005,2024-01-21,19:55:00,CUST1051,DRV394,MINI,Banashankari,HSR LAYOUT,1.8,Success,,CREDIT CARD,45.91,4.0,4.2,12.6
OLA100841,2024-02-06,18:10:00,CUST1256,DRV464,Prime,Domlur,Malleshwaram,5.8,Success,,UPI,158.91,5.0,4.2,16.0
OLA101336,2024-01-31,21:15:00,CUST1067,DRV220,Mini,BTM LAYOUT,Indiranagar,3.2,Success,,Wallet,72.14,4.8,5.0,13.0
OLA100457,2024-04-19,11:02:00,CUST1311,DRV394,Auto,BELLANDUR,domlur,9.6,Success,,cash,109.61,4.0,5.0,25.8
OLA101477,2024-02-08,15:24:00,CUST1065,DRV208,bike,Sarjapur Road,jayanagar,5.2,Success,,Debit Card,67.22,4.1,5.0,16.2
OLA100154,2024-05-03,08:51:00,CUST1350,DRV407,Mini,Whitefield,INDIRANAGAR,10.2,Success,,UPI,131.94,4.3,4.0,29.0
OLA100796,2024-02-05,10:27:00,CUST1002,DRV383,bike,Jayanagar,MG Road,8.8,Success,,OLA MONEY,73.49,4.6,4.7,28.9
OLA101099,2024-01-29,21:29:00,CUST1212,DRV474,SEDAN,Domlur,Koramangala,16.4,Success,,CREDIT CARD,253.94,3.6,4.2,34.9
OLA101465,2024-04-29,18:58:00,CUST1254,DRV257,mini,Yelahanka,Electronic City,7.5,Success,,UPI,114.89,4.0,4.5,18.1
OLA101141,2024-05-22,05:23:00,CUST1048,DRV286,Mini,Malleshwaram, Koramangala ,2.7,Success,, Cash ,44.84,4.1,4.5,16.2
OLA100694,2024-05-30,17:09:00,CUST1029,DRV321,SUV,JP NAGAR,Indiranagar,18.0,Success,,DEBIT CARD,351.66,5.0,4.9,59.4
OLA100930,2024-06-29,10:55:00,CUST1446,DRV280,PRIME,Whitefield,Sarjapur Road,4.4,Cancelled by Customer,Price too high,,0.0,,,0.0
OLA100744,2024-06-22,02:42:00,CUST1330,DRV275,Mini,KR Puram,Electronic City,6.0,Success,, UPI ,88.63,,,18.5
OLA100239,2024-03-27,14:08:00,CUST1289,DRV448,Auto,Indiranagar,Whitefield,6.5,Cancelled by Customer,Found alternate transport,,0.0,,,0.0
OLA100550,2024-02-11,08:02:00,,DRV494,MINI,Marathahalli,Bellandur,5.5,Success,,UPI,81.03,4.3,4.7,21.8
OLA100402,2024-06-04,08:36:00,CUST1332,DRV475,Mini,HEBBAL,Bellandur,3.9,Success,,upi,67.65,3.7,4.3,12.8
OLA100152,2024-05-28,07:42:00,CUST1319,DRV509,Sedan,SARJAPUR ROAD,Indiranagar,3.3,Success,,Cash,85.96,3.9,3.9,16.5
OLA100324,2024-06-22,09:47:00,CUST1059,DRV248,Bike,INDIRANAGAR,Koramangala,7.7,Success,,Cash,86.76,4.0,4.1,26.8
OLA100504,2024-02-14,20:47:00,CUST1077,DRV428,sedan,HSR Layout,Hebbal,5.1,Success,,UPI,109.88,,,20.1
OLA100597,2024-02-15,16:02:00,CUST1369,DRV448,Auto,Indiranagar, MG Road ,11.5,Success,,Ola Money,116.42,3.7,3.7,44.3
OLA100924,2024-03-01,06:56:00,CUST1089,DRV396,Auto,Rajajinagar,Whitefield,3.8,Success,,Cash,47.26,4.8,4.4,18.8
OLA100668,2024-04-16,02:33:00,CUST1162,DRV395,Mini,MG Road,Electronic City,2.6,Success,,upi,59.85,4.7,4.6,14.2
OLA100513,2024-03-23,08:49:00,CUST1037,DRV341,Auto,Bellandur,Rajajinagar,2.7,Success,,Cash,46.58,5.0,4.2,8.8
OLA101447,2024-04-25,14:17:00,CUST1152,DRV285,Mini,Yelahanka,JP Nagar,4.9,Success,,UPI,79.02,4.4,4.1,16.0
OLA100380,2024-01-02,15:07:00,CUST1266,DRV203,sedan,jayanagar,Banashankari,3.9,Success,,UPI,81.87,3.6,4.0,15.3
OLA100549,2024-02-07,10:29:00,CUST1085,DRV516,BIKE,jp nagar, Hebbal ,1.3,Success,,DEBIT CARD,28.27,4.2,3.9,10.2
OLA101109,2024-06-23,07:40:00,CUST1439,DRV516,MINI,Electronic City, Sarjapur Road ,10.5,Success,,Wallet,158.77,5.0,5.0,24.7
OLA100621,2024-05-10,19:36:00,,DRV499,Mini,Koramangala,JP Nagar,11.6,Success,,Cash,165.61,3.5,4.0,26.0
OLA100156,2024-01-25,04:24:00,CUST1442,DRV515, Sedan ,HSR Layout,BANASHANKARI,3.9,Success,,Wallet,97.61,4.9,5.0,14.3
OLA101152,2024-01-30,20:00:00,CUST1123,DRV369,Prime,BELLANDUR,BTM Layout,3.7,Cancelled by Customer,Change of plans,,0.0,,,0.0
OLA100704,2024-02-23,08:12:00,CUST1231,DRV320,Sedan,Hebbal,KR PURAM,1.4,Success,,Cash,61.26,5.0,3.8,6.9
OLA101306,2024-03-05,11:52:00,CUST1254,DRV437,auto,Bellandur, Yelahanka ,8.2,Cancelled by Customer,Wrong pickup location,,0.0,,,0.0
OLA101453,2024-02-26,12:57:00,CUST1326,DRV425,Auto,HEBBAL,KR Puram,7.7,Success,,credit card,81.09,4.7,4.2,25.1
OLA100192,2024-04-25,19:05:00,CUST1274,DRV297,mini,Bellandur,Indiranagar,6.4,Success,,Cash,111.61,3.7,4.3,19.7
OLA100962,2024-04-20,02:10:00,CUST1037,DRV267,suv,Malleshwaram,Bellandur,1.9,Success,, Credit Card ,76.33,4.0,4.8,10.2
OLA100811,2024-05-11,12:45:00,CUST1368,DRV468,MINI, BTM Layout ,yelahanka,17.6,Success,,UPI,229.85,4.0,4.7,54.0
OLA101466,2024-06-21,18:06:00,CUST1068,DRV386,SEDAN,indiranagar,sarjapur road,2.5,Success,,cash,55.65,4.2,4.4,14.6
OLA101092,2024-05-05,18:22:00,CUST1383,DRV362,SEDAN,Jayanagar,WHITEFIELD,7.9,Success,,cash,149.59,3.8,3.8,24.6
OLA101351,2024-02-25,18:56:00,CUST1169,DRV251,Mini,Sarjapur Road,BTM LAYOUT,1.7,Success,,UPI,61.44,3.9,4.5,8.3
OLA100164,2024-01-14,15:10:00,CUST1268,DRV517,Auto,Bellandur,electronic city,3.1,Success,,UPI,64.45,3.3,4.4,13.4
OLA100764,2024-01-09,15:19:00,CUST1257,DRV263,MINI,SARJAPUR ROAD, Airport (KIA) ,6.0,Success,,UPI,99.93,3.7,4.4,24.1
OLA100929,2024-02-02,18:19:00,CUST1051,DRV260,Sedan,Indiranagar,sarjapur road,5.2,Success,,UPI,97.73,4.9,5.0,17.5
OLA100691,2024-06-15,20:50:00,CUST1013,DRV432,SUV,Sarjapur Road,JAYANAGAR,7.0,Success,,Ola Money,144.24,3.8,4.7,20.6
OLA100531,2024-01-27,18:59:00,CUST1275,DRV290,MINI, Koramangala ,Malleshwaram,3.2,Success,,Cash,65.65,4.4,4.5,13.7
OLA100992,2024-01-27,12:04:00,CUST1192,DRV265,Auto,hsr layout, JP Nagar ,2.1,Success,,UPI,54.24,,,13.1
OLA101407,2024-02-12,13:14:00,CUST1000,DRV203,Auto, Malleshwaram ,Rajajinagar,6.1,Cancelled by Driver,Personal emergency,,0.0,,,0.0
OLA101486,2024-02-28,06:25:00,CUST1141,DRV246,Sedan,Rajajinagar,JP Nagar,4.6,Success,,UPI,80.68,4.0,3.9,20.6
OLA100449,2024-05-08,09:03:00,CUST1320,DRV331,Bike,Koramangala,Sarjapur Road,12.1,Success,,UPI,116.07,3.9,3.7,36.2
OLA101145,2024-06-17,14:24:00,CUST1401,DRV429,Bike, JP Nagar , Whitefield ,2.8,Success,,UPI,41.95,3.7,4.2,14.8
OLA101163,2024-02-06,20:43:00,CUST1119,DRV203,Sedan,Sarjapur Road,Indiranagar,5.1,Success,,credit card,110.81,4.7,4.7,18.9
OLA100088,2024-03-24,18:11:00,CUST1102,DRV267,Auto,Banashankari,JP Nagar,4.4,Success,,WALLET,65.25,3.9,4.8,20.5
OLA101166,2024-04-09,23:56:00,CUST1082,DRV388,Auto,Rajajinagar,HEBBAL,7.8,Success,, UPI ,81.72,4.5,4.3,22.0
OLA101005,2024-02-18,11:11:00,CUST1382,DRV205,Mini,Banashankari, JP Nagar ,3.6,Success,,Ola Money,60.45,4.5,4.5,17.0
OLA101085,2024-05-26,20:39:00,CUST1332,DRV297,AUTO,rajajinagar,Marathahalli,9.5,Cancelled by Driver,Customer not reachable,,0.0,,,0.0
OLA100777,2024-02-13,12:42:00,CUST1000,DRV327,Sedan, Malleshwaram ,HEBBAL,12.1,Success,,cash,204.17,4.0,3.9,34.0
OLA100814,2024-03-12,07:01:00,CUST1275,DRV498,Mini,bellandur,Marathahalli,3.0,Success,,upi,74.1,4.6,4.0,13.9
OLA101420,2024-05-17,19:06:00,CUST1321,DRV299,MINI,RAJAJINAGAR,HSR Layout,8.9,Success,,credit card,130.08,4.3,4.9,24.7
OLA100685,2024-04-17,14:20:00,CUST1002,,mini,WHITEFIELD, Domlur ,1.1,Driver Not Found,No drivers available in area,,0.0,,,0.0
OLA100801,2024-02-16,08:54:00,CUST1302,,Mini,ELECTRONIC CITY,RAJAJINAGAR,8.0,Driver Not Found,No drivers available in area,,0.0,,,0.0
OLA100934,2024-05-21,13:08:00,CUST1138,DRV221,Mini,AIRPORT (KIA),JP Nagar,6.3,Success,,OLA MONEY,91.06,4.1,4.1,22.0
OLA100910,2024-04-15,12:58:00,CUST1286,DRV213,PRIME,RAJAJINAGAR,Whitefield,2.6,Success,,Cash,89.68,4.1,3.8,10.5
OLA100520,2024-01-17,18:41:00,CUST1157,DRV455,suv,KR Puram,Koramangala,11.5,Success,, UPI ,223.11,4.0,4.4,26.0
OLA101025,2024-04-30,17:53:00,CUST1237,DRV324,Auto, MG Road ,rajajinagar,16.0,Success,, Ola Money ,146.86,5.0,4.8,55.0
OLA100238,2024-01-24,18:29:00,CUST1325,DRV383,Bike, JP Nagar ,Bellandur,5.7,Success,,Debit Card,55.73,4.7,4.9,19.9
OLA100343,2024-02-11,22:43:00,CUST1128,DRV274,BIKE,HEBBAL,Jayanagar,18.0,Success,,Ola Money,145.61,4.4,4.9,39.4
OLA100297,2024-03-18,09:53:00,CUST1251,DRV250,PRIME,BTM LAYOUT,Electronic City,6.5,Success,,Credit Card,154.01,3.9,4.1,17.4
OLA100201,2024-06-21,12:58:00,CUST1091,DRV254,Bike,MALLESHWARAM,Electronic City,6.7,Success,, Debit Card ,62.43,4.3,4.4,22.8
OLA100376,2024-04-06,11:06:00,CUST1008,DRV303,SUV,Malleshwaram,rajajinagar,3.5,Success,,cash,102.8,5.0,4.9,17.7
OLA101028,2024-02-05,13:02:00,CUST1108,DRV354,Sedan,YELAHANKA,Rajajinagar,6.6,Success,,DEBIT CARD,127.02,5.0,4.1,22.3
OLA100100,2024-06-24,06:45:00,CUST1227,DRV237,bike,Yelahanka,Electronic City,9.7,Success,,UPI,75.17,4.3,4.0,27.0
OLA100969,2024-02-22,14:32:00,CUST1386,DRV286,mini,INDIRANAGAR,Sarjapur Road,6.3,Success,,upi,100.44,4.4,4.9,22.2
OLA100687,2024-06-09,20:53:00,CUST1128,DRV326,Mini,BTM Layout,banashankari,9.8,Cancelled by Customer,Price too high,,0.0,,,0.0
OLA100903,2024-03-11,09:02:00,CUST1296,DRV466,Auto,Domlur,MG ROAD,4.3,Success,,UPI,62.4,4.6,3.9,14.9
OLA100648,2024-02-08,18:33:00,CUST1215,DRV316,Mini,Rajajinagar, KR Puram ,2.5,Cancelled by Driver,Traffic/road closure,,0.0,,,0.0
OLA101324,2024-04-28,06:53:00,,DRV504,SUV,MG Road,Domlur,7.2,Success,,UPI,148.67,3.4,4.7,19.9
OLA100110,2024-01-02,08:13:00,CUST1392,DRV270,AUTO, Hebbal ,banashankari,3.4,Success,,Cash,45.8,4.4,4.4,11.3
OLA100337,2024-04-25,12:37:00,CUST1258,DRV268,Prime,koramangala,JP Nagar,9.4,Success,,Ola Money,225.09,4.3,4.1,29.0
OLA100180,2024-05-26,14:10:00,CUST1167,DRV466,SEDAN,Jayanagar,Domlur,6.3,Cancelled by Driver,Personal emergency,,0.0,,,0.0
OLA100623,2024-04-26,16:17:00,CUST1304,DRV202,SEDAN,INDIRANAGAR,Airport (KIA),10.5,Success,,Cash,171.75,4.5,4.3,30.0
OLA100555,2024-05-11,11:31:00,CUST1162,DRV508,suv,Indiranagar,Bellandur,3.7,Success,,UPI,93.53,4.3,4.3,13.6
OLA100856,2024-03-19,13:55:00,CUST1063,DRV455,Auto,KR Puram,rajajinagar,10.2,Success,,Debit Card,108.91,3.9,4.6,29.1
OLA100631,2024-04-10,04:26:00,CUST1448,DRV352,Sedan,KR Puram,AIRPORT (KIA),4.9,Success,,UPI,102.31,4.7,3.8,16.6
OLA101117,2024-06-28,21:26:00,CUST1029,DRV253,Bike,Marathahalli,Hebbal,5.4,Success,, UPI ,74.54,3.9,4.7,20.3
OLA100119,2024-01-16,12:51:00,CUST1428,DRV375,Prime,WHITEFIELD,JP Nagar,12.0,Success,, Cash ,274.38,4.0,4.5,33.7
OLA100925,2024-04-05,16:53:00,CUST1015,DRV289,Sedan,KR Puram,Bellandur,4.8,Success,,cash,86.2,3.9,4.6,14.3
OLA101428,2024-06-26,18:42:00,CUST1430,DRV477,Sedan,Domlur,marathahalli,1.5,Success,,upi,51.22,4.7,4.4,11.8
OLA101064,2024-02-28,18:23:00,CUST1340,DRV216,Sedan,MG ROAD,banashankari,8.9,Success,,CASH,154.82,4.4,4.0,24.1
OLA100135,2024-05-21,01:55:00,CUST1240,DRV222,auto, Banashankari ,MARATHAHALLI,15.1,Success,,Credit Card,158.22,3.5,4.4,51.3
OLA100486,2024-06-06,08:23:00,CUST1200,DRV293, Auto ,yelahanka,Banashankari,3.7,Success,,Cash,58.2,3.9,4.0,13.1
OLA100053,2024-05-24,18:22:00,CUST1272,DRV419,Auto,whitefield,jp nagar,3.3,Success,,Cash,60.83,3.8,4.8,13.2
OLA100361,2024-03-25,10:42:00,CUST1335,DRV320,Mini,Domlur,Whitefield,8.4,Success,,UPI,134.4,3.3,4.4,26.4
OLA100260,2024-01-01,18:24:00,CUST1434,,Mini,malleshwaram,BTM LAYOUT,4.1,Driver Not Found,No drivers available in area,,0.0,,,0.0
OLA101042,2024-03-22,06:14:00,CUST1009,DRV366,Mini, Domlur ,hebbal,4.8,Success,,cash,89.64,4.3,4.5,16.3
OLA101091,2024-04-12,08:49:00,CUST1194,DRV502,Bike,Whitefield,jayanagar,9.3,Success,,UPI,86.0,4.5,4.7,25.1
OLA100330,2024-02-08,19:35:00,CUST1313,DRV227,Mini,HSR Layout,JP Nagar,5.1,Cancelled by Customer,Driver taking too long,,0.0,,,0.0
OLA100608,2024-03-07,07:37:00,CUST1423,DRV367,Auto,JAYANAGAR,Whitefield,2.0,Success,,Ola Money,43.43,3.8,4.8,11.6
OLA100298,2024-06-03,16:12:00,CUST1226,DRV308,Bike,RAJAJINAGAR,Malleshwaram,10.8,Cancelled by Customer,Change of plans,,0.0,,,0.0
OLA100860,2024-02-01,10:50:00,CUST1237,DRV411, Bike ,BELLANDUR,Koramangala,8.2,Cancelled by Customer,Price too high,,0.0,,,0.0
OLA100737,2024-02-06,20:08:00,CUST1046,DRV288,suv,JAYANAGAR,Marathahalli,8.1,Success,,UPI,176.02,3.6,4.5,22.8
OLA100755,2024-01-01,22:52:00,CUST1164,DRV208,AUTO,Indiranagar,BANASHANKARI,14.8,Success,,Debit Card,153.74,4.6,3.9,42.3
OLA100642,2024-04-16,21:31:00,CUST1155,DRV320,Mini, Indiranagar ,Koramangala,9.0,Success,,Ola Money,124.76,4.7,4.9,22.7
OLA100894,2024-01-30,05:02:00,CUST1294,DRV336,Mini,JP Nagar,MG Road,7.4,Cancelled by Driver,Personal emergency,,0.0,,,0.0
OLA101269,2024-03-15,20:24:00,CUST1307,DRV440,Prime,Sarjapur Road,btm layout,4.1,Success,,Cash,116.36,4.3,4.6,10.9
OLA101075,2024-04-18,15:48:00,CUST1213,DRV202,auto,BELLANDUR,Indiranagar,4.8,Success,,debit card,82.46,4.5,4.3,17.7
OLA100580,2024-02-04,02:47:00,CUST1027,DRV234, Sedan ,KORAMANGALA,Jayanagar,1.5,Success,,UPI,47.48,4.7,4.3,10.2
OLA100023,2024-05-25,08:38:00,CUST1020,DRV517,Mini,Sarjapur Road,Domlur,6.4,Cancelled by Driver,Customer not reachable,,0.0,,,0.0
OLA100491,2024-04-07,09:41:00,CUST1338,DRV231,MINI,Electronic City,Domlur,7.3,Success,,UPI,122.4,3.8,5.0,27.2
OLA100785,2024-05-31,07:00:00,CUST1351,DRV462,Auto,Electronic City,HSR Layout,13.4,Success,, Wallet ,133.56,4.7,4.5,49.3
OLA100843,2024-03-20,14:51:00,CUST1400,DRV244, Sedan ,KR Puram,Yelahanka,14.6,Success,,UPI,224.49,4.1,4.5,51.7
OLA100474,2024-05-02,20:51:00,CUST1018,DRV269,Sedan,KR Puram,Sarjapur Road,3.7,Success,,upi,93.68,2.8,4.8,15.1
OLA100283,2024-04-22,18:10:00,CUST1211,DRV452,Bike,Banashankari,Sarjapur Road,6.6,Cancelled by Customer,Price too high,,0.0,,,0.0
OLA100609,2024-02-27,02:01:00,CUST1285,DRV513,AUTO,whitefield,airport (kia),4.0,Success,,CASH,52.95,4.8,4.3,16.2
OLA101457,2024-02-16,20:30:00,CUST1237,DRV364,mini,Banashankari,sarjapur road,3.1,Success,,wallet,67.93,4.7,4.7,15.2
OLA101082,2024-02-20,17:45:00,CUST1132,DRV330,SUV,Koramangala,HSR Layout,12.1,Success,,UPI,236.38,4.8,4.4,35.7
OLA101254,2024-06-23,16:42:00,CUST1402,,MINI,Yelahanka,WHITEFIELD,2.3,Driver Not Found,No drivers available in area,,0.0,,,0.0
OLA101497,2024-03-04,08:11:00,CUST1390,DRV365,Sedan,jayanagar,JP Nagar,2.0,Success,,Wallet,63.09,5.0,4.6,12.1
OLA100290,2024-04-15,22:37:00,CUST1116,DRV483, Mini ,Bellandur,JP Nagar,5.3,Success,,Ola Money,85.86,3.5,5.0,15.4
OLA100645,2024-01-28,18:39:00,CUST1400,DRV252,BIKE,Indiranagar,JP Nagar,9.1,Success,,UPI,72.76,3.3,4.0,25.6
OLA101500,2024-01-22,08:43:00,CUST1359,DRV514,SUV,Domlur,MALLESHWARAM,1.4,Cancelled by Customer,Found alternate transport,,0.0,,,0.0
OLA101187,2024-06-03,17:30:00,CUST1147,DRV503, Bike ,Indiranagar,AIRPORT (KIA),13.2,Success,,UPI,99.75,5.0,3.4,41.9
OLA100468,2024-03-23,10:24:00,CUST1419,DRV234,Auto,JP Nagar, Whitefield ,4.7,Success,,cash,61.38,5.0,4.2,13.8
OLA100605,2024-03-26,17:56:00,CUST1419,DRV251,Bike,Marathahalli,JP Nagar,5.5,Success,,UPI,49.99,3.2,4.5,17.0
OLA100067,2024-01-19,05:50:00,CUST1157,DRV504,AUTO,SARJAPUR ROAD,Hebbal,4.4,Success,,UPI,63.37,4.3,3.5,16.3
OLA100452,2024-02-07,17:36:00,CUST1080,DRV362,Mini, JP Nagar ,mg road,13.8,Cancelled by Customer,Driver taking too long,,0.0,,,0.0
OLA100662,2024-03-19,20:13:00,CUST1093,DRV450,Mini,JP Nagar,banashankari,6.8,Success,,Cash,91.83,3.9,4.7,20.4
OLA101491,2024-04-21,19:05:00,CUST1180,DRV499,Mini,BTM Layout,Electronic City,4.3,Success,,Cash,83.28,3.0,5.0,21.9
OLA101330,2024-03-17,20:42:00,CUST1152,DRV251,Bike,indiranagar,YELAHANKA,8.4,Success,,upi,92.97,4.0,4.8,22.1
OLA100927,2024-02-05,20:23:00,CUST1396,DRV408,suv,whitefield,Banashankari,12.5,Success,,Cash,245.56,4.1,3.8,30.2
OLA101104,2024-06-09,19:36:00,CUST1207,DRV431,Prime,KR Puram,marathahalli,10.1,Success,, Ola Money ,233.38,4.1,4.3,34.3
OLA100144,2024-06-15,09:07:00,CUST1013,DRV295,Sedan, Bellandur ,sarjapur road,6.2,Success,, Credit Card ,105.33,,,16.6
OLA100431,2024-06-21,12:42:00,CUST1218,DRV253,Mini,hsr layout, Sarjapur Road ,8.0,Success,,cash,115.05,5.0,5.0,31.7
OLA100693,2024-05-11,21:48:00,CUST1183,DRV359,SUV,JP NAGAR,Electronic City,9.7,Success,,UPI,194.02,4.1,4.5,29.7
OLA101096,2024-06-18,09:39:00,CUST1212,DRV280,Sedan, HSR Layout ,JP Nagar,12.0,Success,, Ola Money ,211.96,3.5,4.8,27.6
OLA101181,2024-04-27,17:21:00,CUST1282,DRV216,MINI,Domlur,Koramangala,5.7,Success,,CASH,99.74,4.2,4.6,22.1
OLA100774,2024-04-10,14:34:00,CUST1401,DRV471,Sedan,Malleshwaram,Domlur,4.5,Cancelled by Customer,Wrong pickup location,,0.0,,,0.0
OLA100717,2024-05-27,21:37:00,CUST1103,, Auto ,KR Puram, Marathahalli ,1.9,Driver Not Found,No drivers available in area,,0.0,,,0.0
OLA100185,2024-01-01,18:19:00,CUST1237,DRV478,Sedan,Bellandur,BTM Layout,10.1,Success,,CREDIT CARD,163.83,5.0,3.6,35.3
OLA101180,2024-01-07,13:57:00,CUST1085,DRV226,Auto,Hebbal,Marathahalli,16.7,Success,,Debit Card,162.07,4.0,4.1,60.5
OLA101131,2024-04-03,18:16:00,CUST1220,DRV389,SEDAN,BTM Layout,Banashankari,4.4,Success,,Debit Card,92.81,4.5,4.0,13.5
OLA101342,2024-05-04,11:35:00,,DRV274,Mini,BANASHANKARI,JP Nagar,,Success,,UPI,67.74,4.2,3.9,13.3
OLA100479,2024-05-03,18:33:00,CUST1158,DRV367,Mini, MG Road ,JP Nagar,2.0,Success,,credit card,57.3,5.0,4.2,9.0
OLA100533,2024-04-30,15:03:00,CUST1223,DRV274,Mini,Domlur,KR Puram,1.0,Success,, UPI ,31.34,4.7,5.0,5.6
OLA100410,2024-04-15,08:19:00,CUST1005,DRV200,SUV, Electronic City ,Bellandur,5.3,Success,,Debit Card,119.0,3.5,4.3,16.5
OLA100676,2024-06-30,12:15:00,CUST1339,DRV364,Sedan,KR Puram,Yelahanka,4.6,Success,,Cash,79.88,4.7,3.6,12.2
OLA100561,2024-04-02,15:36:00,CUST1223,DRV332,Auto,Airport (KIA),MG Road,3.8,Success,,Cash,56.6,,,16.1
OLA100558,2024-04-06,06:26:00,CUST1327,DRV339,Sedan,jp nagar,KR Puram,3.9,Success,,Cash,90.91,5.0,3.9,14.9
OLA101490,2024-01-02,09:42:00,CUST1411,DRV302,SUV,HSR Layout,Airport (KIA),6.3,Cancelled by Customer,Found alternate transport,,0.0,,,0.0
OLA100171,2024-06-23,18:00:00,CUST1281,DRV280,Sedan,airport (kia),Malleshwaram,11.9,Success,,upi,201.12,4.5,4.1,36.1
OLA100481,2024-03-20,16:13:00,CUST1164,DRV302,Mini,MARATHAHALLI,sarjapur road,3.0,Success,, UPI ,57.57,4.3,4.3,12.1
OLA100121,2024-03-13,08:54:00,CUST1336,DRV508,Bike,YELAHANKA,WHITEFIELD,2.0,Success,,CREDIT CARD,44.48,3.9,4.5,13.0
OLA100683,2024-06-22,14:16:00,CUST1348,DRV486,BIKE,KORAMANGALA,KR Puram,9.4,Cancelled by Driver,Vehicle breakdown,,0.0,,,0.0
OLA100090,2024-05-22,10:50:00,CUST1202,DRV207,Mini,MG ROAD,Airport (KIA),8.6,Success,,credit card,120.66,3.8,4.1,28.1
OLA100222,2024-02-06,10:21:00,CUST1233,DRV305,SUV,Banashankari,Malleshwaram,,Success,, UPI ,127.73,4.5,3.6,17.4
OLA101156,2024-05-05,05:34:00,CUST1167,DRV285,BIKE,Marathahalli,Rajajinagar,6.6,Success,,Debit Card,63.14,4.9,4.2,16.8
OLA100108,2024-05-25,15:56:00,CUST1026,DRV279,mini,DOMLUR,Indiranagar,6.0,Success,,Cash,101.22,4.5,4.0,18.1
OLA100669,2024-04-14,17:03:00,CUST1314,DRV366,mini, Indiranagar ,Yelahanka,9.3,Success,,upi,129.0,4.0,4.4,27.4
OLA100473,2024-06-24,09:25:00,CUST1370,DRV491,SUV,Koramangala,jayanagar,5.9,Cancelled by Customer,Wrong pickup location,,0.0,,,0.0
OLA100159,2024-04-13,10:25:00,CUST1026,DRV491,SUV,Banashankari,Sarjapur Road,4.1,Success,,DEBIT CARD,97.46,3.8,3.1,15.4
OLA100624,2024-02-24,19:51:00,CUST1329,DRV344,sedan,Indiranagar,MG Road,7.1,Success,,UPI,130.81,4.0,5.0,25.6
OLA100267,2024-02-01,01:53:00,CUST1399,DRV313,Mini,Bellandur,Banashankari,5.4,Cancelled by Driver,Vehicle breakdown,,0.0,,,0.0
OLA101338,2024-04-04,09:26:00,CUST1193,DRV465,Auto, KR Puram ,JAYANAGAR,5.9,Success,,credit card,87.93,3.7,3.7,18.2
OLA101258,2024-03-15,16:13:00,CUST1306,DRV372, Mini ,Airport (KIA),Banashankari,13.8,Success,,Cash,174.17,4.3,4.9,43.4
OLA100590,2024-01-20,19:34:00,CUST1109,DRV347,Mini,Hebbal, Domlur ,4.1,Success,,Ola Money,72.16,,,11.2
OLA100250,2024-06-09,17:49:00,CUST1212,DRV416,auto,Whitefield,Sarjapur Road,6.3,Success,,OLA MONEY,81.53,4.9,5.0,22.2
OLA100089,2024-03-16,18:21:00,CUST1411,DRV258,Sedan,Whitefield,hsr layout,7.5,Success,,Cash,142.62,3.9,4.6,22.4
OLA101334,2024-05-15,09:08:00,CUST1207,DRV502,Sedan,Sarjapur Road,HEBBAL,4.7,Success,,upi,88.88,4.8,4.4,15.5
OLA100421,2024-01-16,05:41:00,CUST1078,,Auto,Electronic City,malleshwaram,19.4,Driver Not Found,No drivers available in area,,0.0,,,0.0
OLA100831,2024-05-28,06:53:00,CUST1304,DRV280,Mini,Banashankari,Electronic City,4.5,Success,,UPI,66.87,4.4,4.2,17.3
OLA101354,2024-06-09,18:48:00,CUST1153,DRV421,Mini,whitefield,Jayanagar,10.1,Success,,Credit Card,140.31,4.3,4.2,31.3
OLA100141,2024-04-19,07:28:00,CUST1179,,mini,BANASHANKARI,KR Puram,4.2,Driver Not Found,No drivers available in area,,0.0,,,0.0
OLA100953,2024-06-15,10:18:00,CUST1318,DRV215,mini,Indiranagar,yelahanka,16.1,Cancelled by Driver,Vehicle breakdown,,0.0,,,0.0
OLA101014,2024-06-23,16:57:00,CUST1442,DRV297, Auto ,Electronic City,Yelahanka,8.2,Success,,UPI,82.2,5.0,4.4,26.9
OLA100467,2024-03-13,16:44:00,CUST1358,DRV504,SUV,JP Nagar,hsr layout,2.7,Success,,Debit Card,92.59,2.6,4.5,9.2
OLA100463,2024-01-14,12:19:00,CUST1373,,Mini,HSR Layout,MG Road,17.1,Driver Not Found,No drivers available in area,,0.0,,,0.0
OLA100478,2024-02-25,14:11:00,CUST1057,DRV391,Auto,jayanagar,Whitefield,2.5,Success,,upi,48.31,4.6,4.4,11.1
OLA100674,2024-03-05,19:24:00,CUST1179,DRV308,suv,Malleshwaram,Hebbal,1.5,Success,,CASH,43.36,4.8,4.0,7.3
OLA100912,2024-01-14,06:17:00,CUST1424,DRV254,Sedan,MG ROAD,Yelahanka,16.0,Success,,cash,255.96,4.3,4.6,34.6
OLA100106,2024-06-21,16:01:00,CUST1311,DRV336,mini,Marathahalli,yelahanka,2.3,Success,,Credit Card,67.95,3.9,4.3,9.6
OLA101194,2024-03-22,11:55:00,CUST1323,DRV276,Sedan,Koramangala,KR Puram,4.4,Success,,UPI,100.34,4.7,5.0,18.5
OLA101374,2024-02-24,06:49:00,CUST1128,,SEDAN,indiranagar,Rajajinagar,4.5,Driver Not Found,No drivers available in area,,0.0,,,0.0
OLA101144,2024-03-20,20:06:00,CUST1178,DRV292,SUV, HSR Layout , MG Road ,12.0,Success,,Ola Money,245.93,4.6,3.8,30.0
OLA100943,2024-04-23,04:13:00,CUST1194,DRV294,AUTO,JP Nagar,Indiranagar,1.9,Success,,Ola Money,50.01,5.0,4.6,11.6
OLA100151,2024-03-29,21:33:00,CUST1145,DRV240,Mini,JP Nagar,MARATHAHALLI,5.6,Success,,UPI,80.36,3.7,4.0,18.2
OLA101331,2024-01-18,06:37:00,CUST1002,DRV254,bike,Indiranagar,malleshwaram,2.3,Success,, Ola Money ,53.09,4.9,4.4,10.0
OLA100702,2024-05-10,21:56:00,CUST1250,DRV307,AUTO, Airport (KIA) ,WHITEFIELD,8.2,Success,,UPI,85.62,4.3,5.0,22.7
OLA101472,2024-05-07,06:07:00,CUST1074,DRV403,Mini,Electronic City,HSR Layout,4.7,Success,,wallet,70.17,4.6,5.0,16.9
OLA100612,2024-02-25,23:18:00,CUST1372,,Sedan,Rajajinagar,Electronic City,6.3,Driver Not Found,No drivers available in area,,0.0,,,0.0
OLA100404,2024-02-28,09:41:00,CUST1149,DRV336,SUV,Bellandur,Marathahalli,7.8,Cancelled by Customer,Booked by mistake,,0.0,,,0.0
OLA100303,2024-06-23,00:58:00,CUST1067,DRV288,suv,koramangala,marathahalli,6.9,Cancelled by Customer,Booked by mistake,,0.0,,,0.0
OLA100614,2024-04-08,17:47:00,CUST1305,DRV331,Mini, JP Nagar ,Indiranagar,16.4,Cancelled by Driver,Personal emergency,,0.0,,,0.0
OLA100832,2024-02-16,13:08:00,CUST1383,DRV470,Auto, Hebbal ,malleshwaram,7.4,Success,,UPI,86.55,4.3,4.0,21.5
OLA101298,2024-02-08,14:31:00,CUST1047,DRV277, Prime ,koramangala, Malleshwaram ,4.2,Success,,Credit Card,104.33,4.9,4.7,12.1
OLA100125,2024-05-18,19:56:00,CUST1269,DRV219,Auto,Domlur,Electronic City,4.5,Success,,credit card,68.92,4.7,3.7,19.3
OLA101440,2024-05-04,18:18:00,CUST1422,DRV333,Mini,jayanagar,Yelahanka,3.5,Success,,Cash,72.34,4.3,4.3,12.7
OLA101195,2024-01-25,01:30:00,CUST1076,DRV338,Sedan,KORAMANGALA,malleshwaram,6.1,Success,,UPI,112.17,3.7,4.5,17.0
OLA100349,2024-05-14,08:11:00,CUST1266,DRV234,AUTO,HSR LAYOUT,KR Puram,8.0,Success,,CREDIT CARD,95.29,5.0,3.8,28.3
OLA100369,2024-04-26,19:02:00,CUST1332,DRV365,MINI,MALLESHWARAM,marathahalli,7.7,Success,,credit card,124.75,3.5,5.0,21.1
OLA100142,2024-01-15,06:40:00,CUST1207,DRV386,SUV,HSR LAYOUT, Koramangala ,3.5,Success,,UPI,82.28,4.2,3.9,9.5
OLA101172,2024-02-03,18:31:00,CUST1161,DRV512,Bike,Domlur,malleshwaram,5.5,Cancelled by Customer,Wrong pickup location,,0.0,,,0.0
OLA101198,2024-06-10,07:40:00,CUST1159,DRV516,SEDAN,MG ROAD,hsr layout,19.5,Success,,UPI,303.89,3.4,3.8,56.5
OLA100022,2024-05-29,13:58:00,CUST1436,DRV471,Mini,MALLESHWARAM,Whitefield,5.8,Success,,Cash,104.34,4.4,4.3,25.5
OLA100519,2024-01-28,16:22:00,CUST1249,DRV243,bike, KR Puram ,jayanagar,5.5,Success,,cash,52.2,3.7,4.5,17.3
OLA101061,2024-05-10,18:33:00,CUST1207,DRV444,SUV,HSR Layout,bellandur,22.0,Success,,UPI,430.32,4.0,3.6,57.9
OLA100198,2024-02-05,17:31:00,CUST1094,DRV477,Prime,INDIRANAGAR,JP NAGAR,,Cancelled by Customer,Wrong pickup location,,0.0,,,0.0
OLA100050,2024-01-11,18:15:00,CUST1102,DRV210,Auto,BTM Layout,ELECTRONIC CITY,8.1,Success,,upi,94.01,3.7,4.8,20.3
OLA101266,2024-04-24,08:06:00,CUST1433,DRV241,Sedan,KR Puram,AIRPORT (KIA),2.8,Cancelled by Driver,Traffic/road closure,,0.0,,,0.0
OLA100103,2024-04-20,06:47:00,CUST1190,DRV266,SUV,Sarjapur Road,jp nagar,3.5,Success,, Wallet ,94.85,4.4,4.2,16.1
OLA100062,2024-01-14,08:55:00,CUST1244,DRV258,bike,Bellandur,Malleshwaram,11.3,Success,, Cash ,85.02,3.5,3.9,39.1
OLA101012,2024-03-30,07:29:00,,DRV244,SUV,KR Puram,Whitefield,2.0,Success,,Cash,54.49,3.8,4.3,7.4
OLA101199,2024-05-24,22:04:00,CUST1009,DRV428,Sedan,btm layout,Jayanagar,2.8,Success,,Credit Card,82.54,3.8,4.3,12.9
OLA100563,2024-06-12,20:32:00,CUST1099,DRV293,Auto,Domlur,HSR Layout,,Cancelled by Customer,Wrong pickup location,,0.0,,,0.0
OLA101167,2024-04-12,07:40:00,CUST1180,DRV306,Bike,Rajajinagar,KR Puram,4.1,Success,,UPI,53.42,5.0,4.2,12.6
OLA101098,2024-02-06,20:02:00,CUST1276,DRV393,Auto,Malleshwaram,HSR Layout,2.8,Success,,Wallet,42.15,4.8,4.3,8.1
OLA101443,2024-05-01,18:33:00,CUST1049,,Auto,KR Puram,Yelahanka,7.7,Driver Not Found,No drivers available in area,,0.0,,,0.0
OLA100839,2024-04-10,18:08:00,CUST1359,DRV249,sedan,Malleshwaram, MG Road ,7.7,Success,,Cash,137.87,3.1,3.8,32.0
OLA100819,2024-01-28,14:52:00,CUST1173,DRV243,Mini,Airport (KIA),Domlur,7.6,Cancelled by Customer,Booked by mistake,,0.0,,,0.0
OLA101479,2024-01-25,08:29:00,CUST1060,DRV272,Mini,Rajajinagar,Banashankari,3.2,Success,,UPI,66.69,5.0,4.5,14.8
OLA101415,2024-05-19,20:29:00,CUST1005,DRV304,Bike,HSR Layout,MG Road,3.9,Success,,Cash,40.76,3.4,5.0,13.3
OLA100640,2024-05-30,20:21:00,CUST1308,DRV439,Mini,Hebbal, Rajajinagar ,2.7,Cancelled by Customer,Wrong pickup location,,0.0,,,0.0
OLA100581,2024-01-20,17:33:00,CUST1392,DRV452,Auto,JAYANAGAR,yelahanka,2.8,Success,,Ola Money,57.26,2.8,4.3,11.8
OLA101340,2024-03-15,08:07:00,CUST1147,DRV272,Mini, HSR Layout ,KR Puram,5.0,Success,,cash,93.07,4.7,4.5,12.9
OLA100027,2024-05-21,07:18:00,CUST1309,DRV307, Auto ,Jayanagar,HEBBAL,6.4,Success,,credit card,81.36,4.9,4.2,14.8
OLA101314,2024-04-20,04:04:00,CUST1410,DRV340,SUV,JP Nagar,Rajajinagar,10.4,Cancelled by Customer,Wrong pickup location,,0.0,,,0.0
OLA101390,2024-01-11,21:55:00,CUST1028,DRV466,BIKE,Banashankari,rajajinagar,9.8,Success,,Cash,85.73,3.7,4.9,26.5
OLA100766,2024-02-10,23:35:00,CUST1200,DRV372,Sedan,AIRPORT (KIA),Banashankari,3.5,Success,,Credit Card,86.73,4.8,4.3,12.0
OLA100957,2024-04-22,09:12:00,CUST1428,DRV494,MINI,BTM Layout,Banashankari,7.2,Success,,Debit Card,101.49,,,23.5
OLA100026,2024-06-05,22:51:00,CUST1334,DRV470,Mini,JP Nagar,Hebbal,11.8,Success,,Ola Money,172.75,4.0,4.7,27.0
OLA100406,2024-02-12,11:06:00,CUST1032,,SUV,Koramangala,RAJAJINAGAR,4.6,Driver Not Found,No drivers available in area,,0.0,,,0.0
OLA100078,2024-01-12,09:30:00,CUST1361,DRV395, Sedan ,ELECTRONIC CITY,Malleshwaram,4.4,Success,,upi,105.54,4.6,4.8,12.4
OLA100249,2024-06-23,07:30:00,CUST1394,DRV237,Mini,Whitefield,Koramangala,11.1,Success,,CASH,144.97,4.5,4.8,42.1
OLA100386,2024-01-09,18:32:00,CUST1264,DRV318,SUV,INDIRANAGAR,Bellandur,6.7,Success,,DEBIT CARD,142.78,,,27.9
OLA101209,2024-02-03,13:59:00,CUST1034,DRV271,Mini,Malleshwaram,HSR LAYOUT,13.6,Success,,UPI,192.8,4.7,4.5,36.4
OLA100112,2024-05-27,12:25:00,CUST1363,DRV413,Mini,Bellandur,koramangala,3.6,Success,,Credit Card,83.59,5.0,4.9,11.7
OLA101220,2024-06-07,04:00:00,CUST1140,DRV200,Sedan,BELLANDUR,Domlur,8.7,Success,,Wallet,165.64,3.9,4.3,28.4
OLA100495,2024-04-07,12:13:00,CUST1339,DRV288,sedan,JAYANAGAR,Sarjapur Road,6.3,Cancelled by Driver,Personal emergency,,0.0,,,0.0
OLA100970,2024-03-13,21:36:00,CUST1218,DRV427,SUV,KR Puram,Hebbal,6.1,Success,,OLA MONEY,152.34,5.0,4.5,14.6
OLA101157,2024-04-11,19:56:00,CUST1103,,SUV,Airport (KIA),JAYANAGAR,4.6,Driver Not Found,No drivers available in area,,0.0,,,0.0
OLA100273,2024-01-15,18:30:00,CUST1271,DRV383,AUTO,btm layout,HSR Layout,9.8,Success,,Ola Money,96.4,4.6,4.9,34.0
OLA101424,2024-01-04,10:00:00,CUST1192,DRV476,Mini,hsr layout,Jayanagar,9.4,Success,,Cash,125.12,3.9,4.0,23.1
OLA100588,2024-01-06,17:37:00,CUST1011,DRV362,Sedan,Bellandur,Yelahanka,11.6,Cancelled by Customer,Change of plans,,0.0,,,0.0
OLA100241,2024-02-10,19:56:00,CUST1140,DRV247,Auto,Marathahalli,Whitefield,11.3,Cancelled by Driver,Customer not reachable,,0.0,,,0.0
OLA100906,2024-03-13,18:32:00,CUST1340,DRV487,Mini,Whitefield,hebbal,4.1,Success,,upi,64.38,4.4,3.3,17.7
OLA100311,2024-05-29,15:39:00,CUST1036,DRV441, Bike ,malleshwaram,MG Road,18.7,Success,,OLA MONEY,153.22,3.9,4.2,52.9
OLA100985,2024-01-19,13:45:00,CUST1390,DRV412,Mini,jp nagar,Electronic City,1.9,Success,,Ola Money,38.77,3.6,5.0,11.8
OLA100054,2024-04-02,16:53:00,CUST1235,DRV278,Sedan,MALLESHWARAM,Marathahalli,5.2,Cancelled by Driver,Personal emergency,,0.0,,,0.0
OLA100859,2024-05-19,06:28:00,CUST1257,DRV497,Bike,Hebbal,KR Puram,2.8,Success,, Ola Money ,38.16,4.8,4.5,9.2
OLA100242,2024-01-14,11:19:00,CUST1371,DRV319, Sedan , Whitefield ,Electronic City,5.8,Success,,credit card,96.23,3.3,4.8,20.9
OLA100395,2024-05-27,19:31:00,CUST1093,DRV461,Mini,BTM LAYOUT,Domlur,6.3,Success,,upi,88.15,4.2,4.7,23.4
OLA101049,2024-02-10,20:11:00,CUST1204,DRV347,Mini, Yelahanka ,Airport (KIA),11.3,Success,,Cash,158.99,,,40.5
OLA101329,2024-01-13,09:53:00,CUST1389,DRV481,AUTO,whitefield,sarjapur road,12.7,Cancelled by Customer,Price too high,,0.0,,,0.0
OLA101432,2024-05-18,07:39:00,CUST1294,DRV423,SUV,ELECTRONIC CITY,HSR Layout,9.5,Success,,DEBIT CARD,195.6,3.2,4.2,29.4
OLA100054,2024-04-02,16:53:00,CUST1235,DRV278,Sedan,MALLESHWARAM,MARATHAHALLI,5.2,Cancelled by Driver,Personal emergency,,0.0,,,0.0
OLA101391,2024-06-24,12:20:00,CUST1381,DRV308,Mini,hsr layout,BTM Layout,14.6,Success,,CASH,183.22,,,51.4
OLA100618,2024-04-21,20:20:00,CUST1377,DRV451,Auto,Electronic City,Sarjapur Road,3.8,Success,,UPI,70.99,4.1,4.1,10.1
OLA100286,2024-01-14,06:13:00,CUST1097,DRV409,Auto,JP NAGAR,Marathahalli,4.6,Success,,Cash,71.62,3.4,3.3,18.6
OLA101159,2024-04-21,16:28:00,CUST1378,DRV273,Sedan,Indiranagar,JP Nagar,2.2,Success,,cash,68.8,4.9,4.5,10.2
OLA101426,2024-01-19,22:08:00,CUST1167,DRV490,sedan,KR Puram,Indiranagar,5.5,Success,,Credit Card,108.73,3.5,4.4,15.4
OLA101296,2024-03-26,20:07:00,CUST1157,DRV320,Sedan,Airport (KIA),BELLANDUR,18.9,Success,,Credit Card,297.25,3.9,4.5,41.7
OLA100279,2024-06-26,20:39:00,CUST1402,DRV382,Mini,SARJAPUR ROAD,HSR Layout,4.9,Success,,upi,80.25,4.4,4.7,16.4
OLA101385,2024-03-08,18:52:00,CUST1305,DRV261,prime,RAJAJINAGAR,Koramangala,6.5,Success,,upi,171.47,4.4,4.0,22.3
OLA100586,2024-03-28,11:27:00,CUST1176,DRV382,SEDAN,indiranagar, Marathahalli ,7.1,Success,,upi,121.83,4.1,4.3,23.7
OLA100765,2024-03-26,07:45:00,CUST1107,DRV315, Auto ,indiranagar,Jayanagar,3.2,Success,, Ola Money ,66.3,4.5,4.6,15.5
OLA100274,2024-01-15,18:14:00,CUST1294,DRV398,Sedan,HSR Layout,Jayanagar,14.3,Success,,cash,222.3,,,34.4
OLA100379,2024-05-27,06:08:00,CUST1130,DRV444,Auto,Whitefield,YELAHANKA,15.1,Success,,Debit Card,153.75,4.0,3.9,44.0
OLA100307,2024-04-13,17:43:00,CUST1071,DRV213,Auto,Hebbal,Marathahalli,13.4,Success,,WALLET,149.41,4.9,5.0,33.9
OLA100063,2024-03-18,06:15:00,CUST1060,DRV485,AUTO,Domlur,BTM LAYOUT,8.3,Success,,CASH,104.67,4.6,4.4,20.0
OLA100261,2024-02-06,17:05:00,CUST1022,DRV318,Bike,Malleshwaram,Rajajinagar,3.9,Success,,UPI,59.43,5.0,4.2,9.9
OLA101320,2024-04-09,18:34:00,,DRV209,Bike, Domlur ,Whitefield,12.0,Success,,CREDIT CARD,116.76,3.8,4.4,36.7
OLA100503,2024-06-08,02:31:00,CUST1042,DRV264,SUV,Marathahalli,Hebbal,5.3,Success,,UPI,114.38,,,12.7
OLA100820,2024-03-25,13:15:00,CUST1028,DRV478,auto,JP Nagar,MG Road,5.3,Success,,ola money,58.04,4.0,4.3,15.0
OLA101226,2024-01-13,09:05:00,CUST1306,DRV388,sedan,AIRPORT (KIA),SARJAPUR ROAD,4.5,Success,,UPI,82.92,3.7,4.5,16.9
OLA100253,2024-05-13,13:52:00,CUST1369,DRV332,MINI,ELECTRONIC CITY,Hebbal,13.8,Success,,Cash,188.79,4.0,4.3,31.1
OLA100715,2024-04-08,09:14:00,CUST1149,DRV468,mini,indiranagar,Bellandur,6.3,Success,,upi,99.86,4.2,3.9,17.1
OLA101317,2024-03-07,07:18:00,CUST1343,DRV331, Sedan ,RAJAJINAGAR,jayanagar,6.9,Success,,wallet,133.47,4.0,4.2,18.2
OLA100215,2024-04-11,21:18:00,CUST1376,DRV451,PRIME,btm layout,Banashankari,3.5,Cancelled by Customer,Found alternate transport,,0.0,,,0.0
OLA100876,2024-06-14,21:33:00,CUST1180,DRV403,MINI,HSR Layout,Banashankari,10.8,Success,,UPI,146.68,4.0,4.2,33.5
OLA101249,2024-06-19,07:32:00,CUST1074,DRV234,Sedan,Whitefield,Domlur,6.6,Success,,Ola Money,112.34,4.6,3.0,22.4
OLA101418,2024-03-11,09:03:00,CUST1121,DRV431,mini,Marathahalli,MG Road,2.7,Success,, Debit Card ,56.65,4.1,4.2,12.7
OLA101467,2024-06-24,19:33:00,CUST1257,DRV459,Bike,KR Puram,Banashankari,5.1,Success,,Credit Card,66.11,5.0,5.0,18.2
OLA100326,2024-03-10,19:44:00,CUST1435,DRV444,Auto,HSR Layout, MG Road ,11.9,Success,,UPI,114.18,4.8,3.0,29.6
OLA100069,2024-01-06,23:43:00,CUST1420,DRV337,SUV,HSR Layout,malleshwaram,6.3,Success,, Cash ,143.97,3.7,4.7,25.2
OLA100896,2024-05-08,20:39:00,CUST1244,DRV356, Bike ,BTM Layout,HSR LAYOUT,4.6,Success,, UPI ,52.05,5.0,3.7,20.8
OLA101346,2024-01-25,11:39:00,CUST1100,DRV325, Sedan ,yelahanka,bellandur,13.9,Success,,WALLET,223.74,4.3,4.1,40.2
OLA100397,2024-03-24,10:55:00,CUST1132,DRV295,SUV,btm layout,Hebbal,8.4,Success,,UPI,180.34,3.8,4.4,26.8
OLA101078,2024-04-30,21:02:00,CUST1399,DRV399,Auto,Airport (KIA),BTM Layout,9.6,Success,,CREDIT CARD,100.2,3.8,4.0,27.4
OLA100065,2024-02-10,00:28:00,CUST1352,DRV504,SEDAN,Indiranagar,Marathahalli,10.6,Success,,UPI,172.04,4.7,3.8,23.6
OLA100855,2024-06-27,14:10:00,CUST1307,DRV393,Mini,Jayanagar, BTM Layout ,3.2,Success,,UPI,79.35,3.9,4.4,17.4
OLA101147,2024-04-10,18:41:00,CUST1102,DRV344,SEDAN,KR PURAM,Jayanagar,4.8,Success,,CASH,90.99,4.9,3.7,16.4
OLA100364,2024-06-04,06:17:00,CUST1439,DRV271,Bike,Jayanagar,Hebbal,3.1,Success,,Ola Money,55.61,4.9,4.3,14.0
OLA100129,2024-04-25,20:09:00,CUST1425,DRV423,MINI,BTM Layout,Airport (KIA),5.1,Cancelled by Driver,Personal emergency,,0.0,,,0.0
OLA100761,2024-05-31,20:47:00,CUST1059,DRV493, Sedan ,Yelahanka,Rajajinagar,4.1,Success,,Ola Money,89.71,4.9,5.0,18.3
OLA100441,2024-05-14,08:04:00,CUST1136,DRV420,SEDAN, Sarjapur Road ,WHITEFIELD,12.3,Success,,UPI,190.58,4.3,5.0,35.1
OLA101468,2024-04-01,08:40:00,CUST1273,, Bike ,INDIRANAGAR,BTM Layout,4.5,Driver Not Found,No drivers available in area,,0.0,,,0.0
OLA101044,2024-02-13,17:16:00,CUST1206,DRV216,Auto,Sarjapur Road,Whitefield,4.9,Success,,Wallet,73.14,4.2,4.7,16.1
OLA101325,2024-06-08,18:50:00,CUST1427,DRV362,Mini,jp nagar,rajajinagar,12.0,Cancelled by Customer,Change of plans,,0.0,,,0.0
OLA100564,2024-03-18,08:44:00,CUST1352,DRV385,MINI,Sarjapur Road,Banashankari,4.9,Success,,Cash,93.6,4.8,4.4,15.9
OLA100703,2024-05-12,12:20:00,CUST1364,DRV391,SUV,Airport (KIA),Malleshwaram,6.2,Success,,Credit Card,140.81,4.6,4.1,20.6
OLA100243,2024-01-03,00:21:00,CUST1418,DRV261,Prime,Rajajinagar,electronic city,6.6,Success,,upi,161.33,3.7,4.9,27.4
OLA100830,2024-02-23,19:03:00,CUST1382,DRV270,MINI,ELECTRONIC CITY,Rajajinagar,3.0,Success,,UPI,69.99,3.8,3.8,9.8
OLA101394,2024-02-19,10:15:00,CUST1244,DRV481,auto,malleshwaram,Electronic City,3.5,Success,,UPI,55.22,3.7,3.8,13.5
OLA100360,2024-05-25,19:54:00,CUST1384,DRV481,Sedan, JP Nagar , Whitefield ,9.5,Success,,cash,156.72,4.5,4.3,35.8
OLA100370,2024-04-03,15:57:00,CUST1427,DRV239,SUV, Bellandur ,BTM Layout,2.6,Success,,cash,77.29,3.9,4.8,10.1
OLA101240,2024-06-16,17:16:00,CUST1299,DRV260,Auto,AIRPORT (KIA),HSR Layout,4.4,Success,, UPI ,77.27,3.7,3.7,16.8
OLA100795,2024-06-17,08:30:00,CUST1202,DRV391,Mini,RAJAJINAGAR,HSR Layout,8.7,Success,,Cash,126.79,3.7,3.6,22.3
OLA101031,2024-04-12,12:03:00,CUST1155,DRV417, Mini ,MG Road,Airport (KIA),2.5,Cancelled by Customer,Wrong pickup location,,0.0,,,0.0
OLA101146,2024-04-13,04:03:00,CUST1245,DRV502,Mini,malleshwaram,Whitefield,12.3,Success,,CASH,170.21,4.5,4.3,34.5
OLA101087,2024-01-03,08:27:00,CUST1077,DRV332,BIKE,SARJAPUR ROAD,Yelahanka,3.8,Success,, Ola Money ,53.77,4.1,4.6,17.9
OLA101188,2024-05-18,15:12:00,CUST1358,DRV263,auto,Whitefield,BTM Layout,7.5,Success,,CREDIT CARD,80.61,4.6,4.1,17.1
OLA100537,2024-05-26,20:26:00,CUST1022,DRV220,PRIME, Malleshwaram ,Indiranagar,5.4,Success,,UPI,135.77,4.3,5.0,17.2
OLA101008,2024-01-27,03:01:00,CUST1313,DRV278,Auto,HSR LAYOUT,Electronic City,5.0,Cancelled by Customer,Change of plans,,0.0,,,0.0
OLA101270,2024-04-02,11:31:00,CUST1223,DRV428,bike,Whitefield,KR Puram,2.1,Success,,cash,35.25,5.0,4.9,13.4
OLA101253,2024-03-18,19:38:00,CUST1167,DRV357, Bike ,Airport (KIA),JP Nagar,20.5,Success,,cash,152.63,4.3,5.0,46.9
OLA100319,2024-01-13,17:26:00,CUST1227,DRV394,Mini,Marathahalli, Malleshwaram ,7.7,Success,,CASH,120.76,4.7,3.5,18.8
OLA101173,2024-01-25,18:05:00,CUST1010,DRV204,Bike,Indiranagar,Banashankari,10.6,Success,,UPI,104.18,4.6,4.6,24.0
OLA100973,2024-02-18,19:42:00,CUST1428,DRV520,Mini,Koramangala,Marathahalli,7.0,Success,,UPI,96.11,4.7,4.9,19.5
OLA100057,2024-05-22,00:12:00,CUST1043,DRV323,Auto,Airport (KIA),SARJAPUR ROAD,2.9,Success,,Debit Card,60.94,4.6,4.3,11.4
OLA100358,2024-06-11,07:43:00,CUST1407,DRV391,Prime,Koramangala,Sarjapur Road,2.3,Success,,cash,87.24,3.3,5.0,12.9
OLA100511,2024-06-07,06:38:00,CUST1336,DRV311,prime,mg road,Electronic City,12.2,Success,,Credit Card,261.59,5.0,4.3,38.0
OLA101140,2024-02-21,08:41:00,CUST1324,DRV241,Sedan,MG Road,jp nagar,4.6,Cancelled by Customer,Change of plans,,0.0,,,0.0
OLA101300,2024-01-22,22:39:00,CUST1000,DRV298,Auto,Bellandur,Malleshwaram,18.4,Success,,Debit Card,165.43,4.4,4.5,46.6
OLA100011,2024-01-01,21:56:00,CUST1368,DRV334,PRIME, HSR Layout ,JP Nagar,6.9,Cancelled by Customer,Booked by mistake,,0.0,,,0.0
OLA101347,2024-01-05,17:06:00,CUST1289,DRV270,mini,Indiranagar, BTM Layout ,6.7,Success,,WALLET,102.71,4.9,4.9,16.8
OLA100183,2024-02-04,18:46:00,CUST1330,DRV415,SEDAN,Bellandur, Airport (KIA) ,5.1,Cancelled by Driver,Personal emergency,,0.0,,,0.0
OLA101365,2024-06-14,09:18:00,CUST1133,DRV281,MINI,Electronic City,Domlur,10.4,Success,,upi,145.6,3.9,4.5,31.3
OLA100628,2024-04-28,17:41:00,CUST1351,DRV279,Bike,MALLESHWARAM,JP Nagar,5.5,Success,,UPI,50.52,4.0,3.0,24.1
OLA101244,2024-06-11,14:26:00,CUST1242,DRV217,Mini,JP Nagar,Rajajinagar,21.1,Success,,CASH,249.11,3.9,4.3,47.8
OLA100947,2024-06-06,08:17:00,CUST1337,DRV328,auto,Domlur,koramangala,2.8,Success,,upi,41.13,3.7,4.0,11.1
OLA100138,2024-05-11,11:52:00,CUST1278,DRV442,Mini,jayanagar,Yelahanka,5.7,Cancelled by Customer,Wrong pickup location,,0.0,,,0.0
OLA100866,2024-01-21,15:01:00,CUST1380,DRV266,PRIME,Banashankari, HSR Layout ,4.5,Cancelled by Driver,Too far from pickup,,0.0,,,0.0
OLA100908,2024-05-28,07:49:00,CUST1102,DRV328, Mini ,JP Nagar,jayanagar,2.3,Success,,CASH,49.33,3.9,3.9,11.1
OLA101114,2024-06-09,15:14:00,CUST1338,DRV424,Mini,MG ROAD,sarjapur road,1.5,Success,,Ola Money,53.79,4.4,4.4,12.6
OLA101280,2024-03-17,07:57:00,CUST1211,DRV395,Sedan,banashankari,Koramangala,10.9,Success,,CREDIT CARD,177.04,4.4,4.2,40.5
OLA100701,2024-03-03,20:48:00,CUST1315,DRV500,Mini,JP Nagar,Hebbal,8.0,Success,,OLA MONEY,126.69,4.8,4.7,32.4
OLA100718,2024-04-24,05:25:00,CUST1309,DRV326,suv,Sarjapur Road,airport (kia),5.7,Success,,Ola Money,131.41,3.4,4.9,15.8
OLA101229,2024-01-11,10:58:00,CUST1440,DRV520,mini,YELAHANKA, Sarjapur Road ,16.4,Success,,Wallet,214.38,4.2,4.4,38.3
OLA101073,2024-05-26,17:20:00,CUST1080,DRV298,Auto,HSR LAYOUT,Jayanagar,12.0,Success,,Credit Card,129.3,5.0,3.7,30.8
OLA100126,2024-02-12,17:02:00,CUST1210,DRV386,AUTO,BTM Layout, Airport (KIA) ,8.4,Success,,UPI,100.52,3.4,5.0,20.8
OLA100870,2024-02-16,09:57:00,CUST1091,, Auto ,INDIRANAGAR,Electronic City,3.7,Driver Not Found,No drivers available in area,,0.0,,,0.0
OLA100879,2024-06-14,12:48:00,CUST1222,DRV362,Bike,jayanagar,BTM Layout,8.1,Success,,UPI,65.09,4.2,3.6,29.7
OLA101071,2024-01-02,09:32:00,CUST1240,DRV453,mini,Whitefield,KR Puram,13.0,Success,,Credit Card,178.19,4.3,3.8,30.0
OLA100257,2024-04-05,07:43:00,CUST1026,DRV291,mini,malleshwaram,Indiranagar,3.5,Success,,Ola Money,82.12,4.3,4.7,12.3
OLA101177,2024-04-02,20:37:00,CUST1292,DRV293,sedan,koramangala,Malleshwaram,7.6,Success,,Ola Money,149.8,5.0,5.0,22.9
OLA100840,2024-01-10,09:09:00,CUST1349,DRV437,mini,WHITEFIELD,marathahalli,4.3,Cancelled by Customer,Wrong pickup location,,0.0,,,0.0
OLA101170,2024-06-08,11:12:00,CUST1111,DRV372,SUV, HSR Layout ,RAJAJINAGAR,10.9,Success,,UPI,239.31,3.8,4.0,23.1
OLA100092,2024-03-18,16:07:00,CUST1071,DRV223,Bike,Hebbal,Malleshwaram,2.6,Success,, UPI ,34.08,4.6,4.3,10.4
OLA101271,2024-02-13,08:37:00,CUST1330,DRV464,suv,jayanagar,Indiranagar,3.6,Success,,Ola Money,109.17,4.4,4.5,10.1
OLA100017,2024-05-26,15:15:00,CUST1401,DRV442,Bike,JAYANAGAR,MG Road,7.4,Success,,Credit Card,62.31,4.9,4.3,23.4
OLA101155,2024-03-05,15:40:00,CUST1354,DRV402,Mini,KR PURAM,ELECTRONIC CITY,5.3,Success,,Ola Money,93.19,4.5,5.0,14.5
OLA101072,2024-02-16,08:06:00,CUST1390,DRV318,Mini,Malleshwaram,hebbal,3.8,Success,,Credit Card,66.4,3.7,5.0,15.5
OLA100158,2024-06-01,19:41:00,CUST1344,DRV440,Mini, Koramangala ,Electronic City,4.0,Cancelled by Driver,Too far from pickup,,0.0,,,0.0
OLA100884,2024-02-18,17:51:00,CUST1188,DRV475,Prime,Indiranagar,Hebbal,4.3,Success,,UPI,127.5,3.7,4.5,17.6
OLA100991,2024-05-23,18:34:00,CUST1255,DRV360,prime,BTM Layout,Banashankari,6.4,Success,,credit card,156.84,4.4,3.9,21.3
OLA100972,2024-03-26,09:40:00,CUST1376,DRV462,Auto,Whitefield,Banashankari,7.9,Success,,CASH,104.97,3.9,5.0,30.7
OLA100659,2024-04-18,23:44:00,CUST1250,DRV413,Bike,Electronic City,JP NAGAR,1.6,Success,, Ola Money ,28.41,3.4,4.3,11.1
OLA100383,2024-02-28,12:44:00,CUST1082,DRV251,Mini,Bellandur,Yelahanka,19.0,Success,,Cash,248.03,5.0,3.8,43.6
OLA101412,2024-01-05,14:05:00,CUST1381,,AUTO,Airport (KIA),Bellandur,3.4,Driver Not Found,No drivers available in area,,0.0,,,0.0
OLA101369,2024-02-23,08:38:00,CUST1438,DRV514,SUV,Domlur,banashankari,16.6,Success,,Ola Money,337.4,4.1,4.6,43.1
OLA100091,2024-04-05,06:14:00,CUST1241,DRV212, SUV ,JP Nagar,Yelahanka,9.4,Success,,Ola Money,211.66,4.7,3.5,36.8
OLA100675,2024-02-01,19:46:00,CUST1284,DRV343,BIKE,JAYANAGAR,JP Nagar,4.1,Success,,UPI,68.32,4.3,3.9,13.0
OLA100430,2024-02-29,14:12:00,CUST1098,DRV469,Auto,SARJAPUR ROAD,hsr layout,4.3,Success,,Cash,66.15,5.0,4.7,15.7
OLA100103,2024-04-20,06:47:00,CUST1190,DRV266,suv,sarjapur road,jp nagar,3.5,Success,,wallet,94.85,4.4,4.2,16.1
OLA101079,2024-03-11,14:28:00,CUST1145,DRV256, Sedan ,WHITEFIELD, Banashankari ,1.9,Success,,Cash,70.92,4.3,4.5,11.1
OLA101264,2024-02-22,14:01:00,CUST1082,DRV246,SUV, Domlur ,Marathahalli,9.5,Success,,UPI,210.29,4.1,3.5,31.0
OLA100458,2024-04-25,12:56:00,CUST1021,DRV325,SUV,BELLANDUR,Indiranagar,3.9,Success,,UPI,101.93,,,11.0
OLA101013,2024-01-06,18:50:00,CUST1005,DRV311,auto, KR Puram ,Whitefield,2.7,Cancelled by Driver,Too far from pickup,,0.0,,,0.0
OLA100615,2024-03-31,23:42:00,CUST1410,DRV506,auto,Indiranagar,Koramangala,12.3,Success,, UPI ,121.01,4.8,3.9,37.6
OLA100914,2024-03-18,16:46:00,CUST1003,DRV448,AUTO,Jayanagar,MG Road,6.9,Success,,upi,72.21,4.7,5.0,18.8
OLA101134,2024-01-06,14:35:00,CUST1332,DRV229,bike,AIRPORT (KIA),Electronic City,5.4,Success,,UPI,49.31,4.4,4.0,14.0
OLA100485,2024-04-29,15:05:00,CUST1416,DRV439,Mini,Hebbal,Airport (KIA),6.1,Cancelled by Driver,Customer not reachable,,0.0,,,0.0
OLA100044,2024-03-22,20:05:00,CUST1070,DRV277,Mini,electronic city,BTM Layout,23.0,Success,,UPI,269.93,4.5,4.8,58.4
OLA100423,2024-05-18,17:12:00,CUST1290,DRV295,suv,yelahanka,AIRPORT (KIA),6.2,Cancelled by Customer,Price too high,,0.0,,,0.0
OLA100594,2024-05-24,18:03:00,CUST1267,DRV302, Sedan ,ELECTRONIC CITY,MARATHAHALLI,5.3,Success,,UPI,93.71,,,18.9
OLA100039,2024-03-01,17:14:00,CUST1412,DRV301,Mini,Indiranagar,MARATHAHALLI,6.4,Success,,Ola Money,114.92,4.0,4.4,18.1
OLA101137,2024-01-14,17:22:00,CUST1300,DRV261,auto,Whitefield,MG Road,8.2,Success,,Credit Card,96.49,4.7,4.8,20.9
OLA100589,2024-06-25,17:21:00,CUST1254,DRV457,Bike,Yelahanka,HSR Layout,5.8,Success,,ola money,68.24,3.8,4.1,19.4
OLA100810,2024-02-12,12:32:00,CUST1196,DRV487,Auto,Bellandur,Marathahalli,8.4,Success,, UPI ,88.41,3.9,4.5,24.9
OLA100680,2024-05-06,21:02:00,CUST1143,,Bike,DOMLUR,Jayanagar,2.6,Driver Not Found,No drivers available in area,,0.0,,,0.0
OLA100454,2024-03-09,16:39:00,CUST1118,DRV505,mini,Koramangala, Bellandur ,3.4,Success,,Cash,54.78,4.0,4.5,17.3
OLA100818,2024-04-08,02:52:00,CUST1006,DRV222,MINI,WHITEFIELD,HEBBAL,28.7,Success,,Wallet,334.98,4.4,3.8,102.5
OLA101308,2024-03-26,07:56:00,CUST1071,DRV322,SUV,Airport (KIA),Marathahalli,3.4,Success,, Credit Card ,103.42,4.2,4.8,15.2
OLA100161,2024-01-12,03:45:00,CUST1170,DRV442,SUV, Electronic City ,jp nagar,4.1,Cancelled by Driver,Too far from pickup,,0.0,,,0.0
OLA101295,2024-01-17,18:59:00,CUST1029,,Sedan,rajajinagar,Electronic City,4.1,Driver Not Found,No drivers available in area,,0.0,,,0.0
OLA101103,2024-04-08,16:50:00,CUST1101,DRV293,Mini,indiranagar, Marathahalli ,9.9,Success,,UPI,128.76,5.0,4.9,27.7
OLA100475,2024-05-13,09:46:00,CUST1347,DRV361,suv,Koramangala,btm layout,9.4,Success,, UPI ,201.52,4.1,4.5,25.1
OLA100097,2024-02-03,14:51:00,CUST1089,DRV256,Auto,Koramangala,HSR Layout,6.4,Cancelled by Customer,Driver taking too long,,0.0,,,0.0
OLA100750,2024-04-22,16:39:00,CUST1055,DRV285,Mini,Whitefield,Rajajinagar,2.4,Success,,Cash,45.14,4.6,4.3,11.2
OLA100789,2024-05-11,17:43:00,CUST1272,DRV263,Sedan,Domlur,Jayanagar,16.5,Success,,Debit Card,273.33,4.2,4.1,41.6
OLA101123,2024-06-11,08:50:00,CUST1082,DRV307,SUV,jp nagar,Yelahanka,7.4,Success,,cash,170.42,4.3,4.5,18.4
OLA100227,2024-06-06,15:43:00,CUST1068,DRV360,MINI,Hebbal,MG Road,6.8,Success,, UPI ,95.29,3.9,3.7,20.7
OLA100451,2024-02-03,08:08:00,CUST1297,DRV477,auto,jayanagar,Electronic City,15.8,Success,,wallet,150.67,4.1,3.6,40.2
OLA100877,2024-02-07,18:07:00,CUST1004,DRV363,auto,Yelahanka,JAYANAGAR,2.7,Cancelled by Customer,Driver taking too long,,0.0,,,0.0
OLA101463,2024-02-26,07:25:00,CUST1148,DRV326,bike,Sarjapur Road,Yelahanka,2.8,Success,,Credit Card,39.63,5.0,5.0,12.4
OLA100382,2024-02-15,10:35:00,CUST1247,DRV329,prime,sarjapur road,Banashankari,7.0,Success,,UPI,178.23,3.4,4.6,28.3
OLA100816,2024-05-06,07:11:00,CUST1417,DRV290,Mini,Airport (KIA),HSR Layout,4.2,Success,,Cash,80.63,5.0,4.8,15.5
OLA101244,2024-06-11,14:26:00,CUST1242,DRV217,Mini,JP Nagar,rajajinagar,21.1,Success,,CASH,249.11,3.9,4.3,47.8
OLA101056,2024-01-11,10:45:00,CUST1261,DRV425,Sedan,mg road,Electronic City,5.3,Success,,UPI,93.58,5.0,5.0,17.3
OLA100649,2024-06-23,10:01:00,CUST1226,DRV274,Auto, Malleshwaram ,Whitefield,4.0,Success,,UPI,49.54,5.0,4.7,10.5
OLA100322,2024-03-25,08:00:00,CUST1343,DRV245,Bike,sarjapur road,Airport (KIA),4.1,Success,,UPI,44.07,5.0,5.0,16.1
OLA100652,2024-06-15,12:22:00,CUST1415,DRV407,Auto,hebbal,Whitefield,3.5,Success,, UPI ,44.11,3.5,4.3,13.9
OLA101495,2024-06-02,19:59:00,CUST1202,DRV510, SUV ,airport (kia),BTM Layout,10.8,Success,,DEBIT CARD,228.84,4.7,4.7,30.8
OLA100949,2024-03-21,21:28:00,CUST1092,DRV332,Auto,Marathahalli,hebbal,10.7,Success,,CREDIT CARD,126.67,3.6,4.2,26.8
OLA100443,2024-02-21,17:09:00,CUST1387,DRV243,Mini,INDIRANAGAR,Marathahalli,8.5,Cancelled by Driver,Too far from pickup,,0.0,,,0.0
OLA100583,2024-04-27,03:11:00,CUST1285,DRV355,Bike,HSR Layout,malleshwaram,17.7,Success,,Cash,134.12,4.0,4.3,51.9
OLA100751,2024-01-26,00:17:00,CUST1384,DRV203,Auto,Indiranagar,electronic city,5.6,Cancelled by Customer,Found alternate transport,,0.0,,,0.0
OLA101303,2024-03-01,18:54:00,CUST1158,DRV367,Mini,KR Puram,Electronic City,6.6,Success,,UPI,108.7,4.7,4.1,28.3
OLA101011,2024-03-09,06:28:00,CUST1022,DRV341, SUV ,MALLESHWARAM,Rajajinagar,13.4,Success,,UPI,261.39,4.8,4.5,29.1
OLA100874,2024-01-27,15:49:00,CUST1300,DRV359,MINI,JAYANAGAR, Malleshwaram ,10.1,Success,,UPI,139.1,5.0,3.9,26.6
OLA100714,2024-05-25,21:40:00,CUST1155,DRV247,Mini,JP Nagar,HSR Layout,7.5,Success,,UPI,98.46,4.3,3.7,21.2
OLA100372,2024-01-31,17:26:00,CUST1415,DRV369,auto, Airport (KIA) ,Malleshwaram,3.4,Success,,UPI,56.57,5.0,4.7,12.0
OLA100398,2024-06-28,18:23:00,CUST1437,DRV405,Mini,HSR Layout,Domlur,6.7,Success,,UPI,92.63,4.3,4.8,21.6
OLA101265,2024-06-05,07:11:00,CUST1112,DRV343,Mini,BTM Layout,Yelahanka,4.1,Cancelled by Customer,Found alternate transport,,0.0,,,0.0
OLA100189,2024-01-16,14:37:00,,,Auto, Rajajinagar ,Sarjapur Road,6.5,Driver Not Found,No drivers available in area,,0.0,,,0.0
OLA100922,2024-06-17,14:08:00,CUST1357,DRV365,SUV,Sarjapur Road,Banashankari,3.4,Cancelled by Customer,Change of plans,,0.0,,,0.0
OLA101377,2024-05-11,15:52:00,CUST1271,DRV458,Bike,Koramangala,Marathahalli,3.7,Success,,UPI,59.12,3.4,4.1,13.6
OLA101402,2024-02-28,13:14:00,CUST1166,DRV508,Bike,BTM Layout,JP Nagar,7.8,Cancelled by Driver,Vehicle breakdown,,0.0,,,0.0
OLA101358,2024-02-20,11:24:00,CUST1395,DRV474,Sedan,whitefield,domlur,10.0,Success,,CREDIT CARD,158.46,3.6,4.4,23.0
OLA100123,2024-06-24,20:05:00,CUST1330,,SUV,koramangala,bellandur,6.0,Driver Not Found,No drivers available in area,,0.0,,,0.0
OLA100010,2024-05-15,08:35:00,CUST1440,DRV205,Auto,MG Road,Sarjapur Road,6.0,Success,,UPI,85.53,4.8,3.8,19.6
OLA101298,2024-02-08,14:31:00,CUST1047,DRV277,Prime,Koramangala,Malleshwaram,4.2,Success,,Credit Card,104.33,4.9,4.7,12.1
OLA100165,2024-04-22,09:09:00,CUST1211,DRV304,Sedan,Domlur,airport (kia),7.1,Success,,UPI,140.58,3.8,3.8,25.4
OLA100805,2024-06-20,01:35:00,CUST1394,DRV266,sedan,Banashankari,Domlur,8.8,Success,,Cash,154.07,5.0,4.9,22.7
OLA101126,2024-03-23,01:12:00,CUST1297,DRV358,Bike,JP Nagar,HEBBAL,10.9,Success,,UPI,103.1,4.0,3.9,33.9
OLA100232,2024-01-27,18:41:00,CUST1384,DRV326,Mini,Indiranagar,Airport (KIA),11.8,Cancelled by Customer,Change of plans,,0.0,,,0.0
OLA100374,2024-05-24,16:56:00,CUST1368,DRV345,bike,Jayanagar,Airport (KIA),6.2,Success,,Cash,70.4,4.2,3.6,18.4
OLA100572,2024-02-19,21:10:00,CUST1386,DRV475,Mini,MG Road,BTM Layout,8.5,Cancelled by Customer,Found alternate transport,,0.0,,,0.0
OLA101367,2024-03-03,11:40:00,CUST1174,DRV245,Sedan,Malleshwaram,Marathahalli,5.6,Success,,UPI,109.3,4.6,5.0,16.4
OLA100727,2024-02-21,06:26:00,,DRV207,Sedan, Jayanagar ,Whitefield,11.6,Cancelled by Driver,Customer not reachable,,0.0,,,0.0
OLA100272,2024-05-02,14:31:00,CUST1176,DRV489,SUV,bellandur,Marathahalli,16.8,Success,,Debit Card,322.79,4.7,5.0,55.2
OLA101281,2024-02-07,12:37:00,CUST1404,DRV271,Auto,Hebbal,Rajajinagar,6.0,Success,,cash,70.33,4.2,4.9,21.6
OLA100240,2024-01-05,07:54:00,CUST1080,DRV425,SEDAN,rajajinagar,Jayanagar,8.5,Cancelled by Driver,Too far from pickup,,0.0,,,0.0
OLA100935,2024-02-28,02:03:00,CUST1013,DRV300,SUV,Bellandur,Koramangala,10.9,Success,,Cash,227.77,3.3,5.0,28.9
OLA100077,2024-04-06,12:20:00,CUST1445,DRV296,Prime,BTM Layout,Domlur,2.1,Cancelled by Customer,Found alternate transport,,0.0,,,0.0
OLA100224,2024-04-13,16:11:00,CUST1327,DRV421,Sedan,Domlur,Jayanagar,7.1,Success,,UPI,127.89,4.9,3.9,26.9
OLA100663,2024-03-27,18:30:00,CUST1427,DRV510,Mini,ELECTRONIC CITY,jp nagar,4.1,Success,,Credit Card,79.19,,,11.9
OLA100643,2024-05-08,03:04:00,CUST1172,DRV420,mini,BTM Layout,MG Road,3.7,Success,,Debit Card,72.56,3.6,3.7,13.7
OLA100982,2024-06-16,04:13:00,CUST1185,DRV474,MINI,HSR LAYOUT,SARJAPUR ROAD,2.0,Success,,UPI,48.87,5.0,4.3,8.4
OLA100461,2024-02-21,19:05:00,CUST1128,DRV365,Auto,HSR Layout,MG ROAD,3.0,Success,,CREDIT CARD,41.74,5.0,4.2,9.2
OLA100312,2024-02-05,23:21:00,CUST1209,DRV491,BIKE,KR Puram,Electronic City,6.8,Success,,Credit Card,65.29,3.9,4.2,19.0
OLA101043,2024-05-18,11:59:00,CUST1285,DRV206,Sedan,Yelahanka,Bellandur,8.2,Success,,Cash,154.48,3.7,3.6,21.4
OLA100414,2024-05-05,08:01:00,CUST1077,DRV225,Prime,koramangala,JAYANAGAR,3.5,Success,, UPI ,114.17,3.4,4.5,15.3
OLA101030,2024-01-04,07:08:00,CUST1294,,sedan,KR Puram,Koramangala,4.4,Driver Not Found,No drivers available in area,,0.0,,,0.0
OLA101179,2024-06-03,22:31:00,CUST1008,DRV518,BIKE,Rajajinagar,HSR Layout,5.0,Success,,ola money,55.96,3.5,4.6,19.8
OLA100281,2024-02-26,16:06:00,CUST1254,DRV272,Sedan,Whitefield,Marathahalli,8.7,Success,, Debit Card ,147.2,4.4,4.5,27.2
OLA100500,2024-03-12,12:05:00,CUST1267,DRV512,Mini,Airport (KIA),Whitefield,9.5,Success,, Ola Money ,140.02,5.0,3.9,27.5
OLA100329,2024-05-24,08:42:00,CUST1447,DRV373,SUV,domlur, MG Road ,4.4,Success,,Credit Card,107.19,4.5,3.6,16.7
OLA100001,2024-06-12,06:47:00,CUST1140,DRV325,Mini,MG Road,sarjapur road,8.2,Success,,cash,107.81,4.2,3.8,30.0
OLA100573,2024-04-03,17:11:00,CUST1225,DRV254,Mini,Banashankari,Rajajinagar,5.0,Success,,UPI,82.72,4.7,4.2,19.2
OLA100933,2024-06-18,20:03:00,CUST1120,DRV452,MINI,Sarjapur Road,indiranagar,4.8,Success,,Ola Money,78.18,3.2,5.0,18.5
OLA100610,2024-03-07,07:23:00,CUST1087,DRV490,Mini,Malleshwaram,Rajajinagar,5.1,Cancelled by Driver,Personal emergency,,0.0,,,0.0
OLA100742,2024-03-19,16:37:00,CUST1036,DRV409,Bike,MG Road,Rajajinagar,1.5,Success,,Debit Card,51.96,4.0,4.8,10.9
OLA101186,2024-01-24,00:50:00,CUST1351,DRV319,MINI,whitefield,Rajajinagar,6.5,Success,,Wallet,96.11,4.6,3.9,19.0
OLA100340,2024-03-17,19:35:00,CUST1440,DRV360,Auto,JP Nagar,JAYANAGAR,11.5,Success,,credit card,113.03,3.7,4.5,35.3
OLA101207,2024-05-30,07:01:00,CUST1063,DRV226,bike, JP Nagar ,Airport (KIA),1.9,Success,,Credit Card,37.46,4.6,4.5,9.4
OLA100494,2024-01-14,00:35:00,CUST1420,DRV383,mini,Hebbal, Koramangala ,,Success,,Cash,167.26,4.0,5.0,37.6
OLA101200,2024-05-01,18:35:00,CUST1174,DRV495,AUTO,JAYANAGAR,Electronic City,14.8,Cancelled by Customer,Price too high,,0.0,,,0.0
OLA100782,2024-06-12,06:58:00,CUST1170,DRV339,Mini,BTM Layout,Hebbal,14.2,Success,,UPI,171.5,4.6,5.0,31.3
OLA101121,2024-04-27,15:33:00,CUST1019,DRV404,Bike,Rajajinagar,koramangala,4.5,Success,, UPI ,48.48,3.9,3.4,14.0
OLA100928,2024-02-23,15:30:00,CUST1256,DRV380,SEDAN,JP Nagar,electronic city,7.7,Success,,Cash,146.85,4.5,4.0,24.5
OLA100056,2024-03-27,02:54:00,CUST1166,DRV293,Sedan, Banashankari ,Marathahalli,5.9,Cancelled by Driver,Too far from pickup,,0.0,,,0.0
OLA100351,2024-03-03,21:43:00,CUST1164,DRV395,bike,MG ROAD,Rajajinagar,5.1,Success,,Debit Card,53.3,4.2,4.4,21.8
OLA100941,2024-05-21,08:23:00,CUST1371,DRV272,Mini,BTM Layout,Airport (KIA),3.6,Success,,UPI,74.1,2.6,4.2,16.0
OLA100772,2024-06-13,17:32:00,CUST1115,DRV211,SUV, Sarjapur Road ,Airport (KIA),5.0,Success,,Cash,113.21,,,13.4
OLA100040,2024-05-27,08:44:00,CUST1196,DRV453,sedan,Electronic City,Koramangala,4.7,Cancelled by Customer,Change of plans,,0.0,,,0.0
OLA100523,2024-01-28,07:38:00,CUST1409,DRV515,Mini,jayanagar,KR Puram,3.2,Cancelled by Customer,Wrong pickup location,,0.0,,,0.0
OLA101396,2024-02-16,20:45:00,CUST1231,DRV330,suv,hsr layout,Rajajinagar,5.3,Success,,Debit Card,133.09,4.2,4.2,17.7
OLA100305,2024-06-18,21:53:00,CUST1191,DRV487,Auto,Domlur,hebbal,16.4,Success,,Credit Card,155.15,4.7,4.2,60.0
OLA100216,2024-04-03,07:36:00,CUST1102,DRV503,PRIME, HSR Layout ,Sarjapur Road,2.0,Success,,Debit Card,55.81,4.7,5.0,7.1
OLA100539,2024-03-19,07:29:00,CUST1439,DRV492,Auto,Koramangala,Airport (KIA),1.3,Success,,ola money,39.31,4.0,4.1,5.9
OLA101335,2024-06-03,13:07:00,CUST1207,DRV502,Mini,marathahalli,Electronic City,7.7,Cancelled by Customer,Price too high,,0.0,,,0.0
OLA101113,2024-02-01,18:37:00,CUST1344,DRV277,Mini,Electronic City,Hebbal,16.6,Success,,UPI,220.42,4.8,4.0,54.6
OLA100102,2024-04-26,11:46:00,CUST1048,DRV360,SEDAN, Marathahalli , Bellandur ,9.7,Success,,UPI,179.41,4.5,4.1,26.2
OLA101379,2024-02-25,08:48:00,CUST1421,DRV381,Mini,Malleshwaram,Marathahalli,5.8,Cancelled by Driver,Vehicle breakdown,,0.0,,,0.0
OLA100269,2024-03-25,07:29:00,CUST1025,DRV286,Bike, Rajajinagar ,Bellandur,,Success,,ola money,55.68,,,14.9
OLA101063,2024-06-04,18:50:00,CUST1061,DRV300, Sedan ,KR Puram,DOMLUR,5.2,Cancelled by Driver,Traffic/road closure,,0.0,,,0.0
OLA100153,2024-06-15,08:36:00,CUST1213,,Auto, Airport (KIA) ,Sarjapur Road,15.5,Driver Not Found,No drivers available in area,,0.0,,,0.0
OLA100080,2024-03-27,16:25:00,CUST1332,DRV241,Bike,JP Nagar,Bellandur,5.8,Success,,Cash,78.42,4.1,3.8,16.4
OLA101348,2024-05-20,12:08:00,CUST1113,DRV309,Mini,MG Road,Indiranagar,12.1,Cancelled by Driver,Personal emergency,,0.0,,,0.0
OLA100845,2024-03-14,11:54:00,CUST1317,DRV266,Sedan,malleshwaram,Yelahanka,7.2,Success,,ola money,127.01,3.4,4.0,20.8
OLA100390,2024-04-27,20:55:00,CUST1014,,Mini,Whitefield,rajajinagar,7.5,Driver Not Found,No drivers available in area,,0.0,,,0.0
OLA100346,2024-05-30,14:38:00,CUST1100,DRV299,Mini,HSR LAYOUT,Whitefield,7.3,Success,, Cash ,100.91,3.8,4.9,21.6
OLA100175,2024-03-27,18:36:00,CUST1345,DRV298,Mini,Bellandur,KR Puram,1.6,Success,,UPI,48.06,4.1,3.6,6.6
OLA101439,2024-05-09,06:45:00,CUST1200,DRV389,sedan,AIRPORT (KIA),JP NAGAR,4.4,Success,,Credit Card,84.49,5.0,4.1,12.8
OLA101322,2024-06-12,13:37:00,CUST1382,DRV234,PRIME,btm layout,Malleshwaram,4.4,Success,,Ola Money,119.72,5.0,4.5,15.9
OLA100025,2024-01-26,06:13:00,CUST1259,DRV335,Mini,Banashankari,whitefield,3.5,Success,,Credit Card,79.88,4.0,4.7,17.4
OLA100162,2024-02-11,11:39:00,CUST1378,DRV353,SUV,malleshwaram,JP Nagar,9.5,Success,,UPI,201.97,4.4,4.8,32.6
OLA101315,2024-06-12,18:49:00,CUST1307,DRV226,Sedan,Sarjapur Road,jayanagar,7.5,Success,,Ola Money,136.02,3.8,4.9,22.7
OLA100695,2024-03-28,08:30:00,CUST1355,DRV439, SUV ,YELAHANKA,Domlur,10.8,Success,,UPI,226.38,4.4,4.6,33.2
OLA100120,2024-06-05,07:23:00,CUST1144,DRV398,Sedan,yelahanka,Indiranagar,2.9,Success,,credit card,79.28,4.2,5.0,11.8
OLA101083,2024-05-15,05:32:00,CUST1191,DRV208,SUV,Indiranagar,JP NAGAR,2.2,Success,,UPI,80.79,5.0,3.9,8.9
OLA100263,2024-03-24,09:17:00,CUST1119,DRV238, Bike ,Electronic City,Domlur,4.2,Success,, UPI ,43.47,4.7,5.0,14.3
OLA100571,2024-05-28,10:10:00,CUST1437,DRV456,AUTO, Domlur ,BTM Layout,4.8,Success,,cash,68.55,4.1,5.0,16.4
OLA101284,2024-05-02,05:21:00,CUST1099,DRV358,Bike,HSR Layout,Koramangala,11.4,Success,,UPI,113.16,4.7,3.8,28.1
OLA101193,2024-04-14,12:29:00,CUST1166,DRV406,Sedan,KR Puram,Airport (KIA),7.6,Success,,OLA MONEY,125.98,2.7,4.1,27.2
OLA100082,2024-03-17,20:02:00,CUST1166,DRV228,Mini,Banashankari,KR Puram,4.4,Success,,UPI,67.77,5.0,4.4,16.9
OLA101275,2024-04-28,14:23:00,CUST1370,DRV291,Mini,hsr layout,Marathahalli,2.9,Success,,Debit Card,70.51,4.4,4.0,12.2
OLA100739,2024-04-30,12:32:00,CUST1312,DRV421,AUTO,Airport (KIA),Koramangala,11.3,Success,,upi,128.26,5.0,4.8,42.8
OLA101371,2024-03-07,16:16:00,CUST1438,DRV290,SUV,AIRPORT (KIA),malleshwaram,,Success,,upi,151.21,5.0,4.1,24.0
OLA101246,2024-03-08,13:50:00,CUST1336,DRV294,SUV,mg road,Sarjapur Road,11.4,Success,,Cash,221.39,3.4,4.4,37.3
OLA101483,2024-06-06,10:57:00,CUST1207,DRV454,suv,KR Puram,Banashankari,8.8,Cancelled by Customer,Price too high,,0.0,,,0.0
OLA100411,2024-03-17,00:27:00,CUST1408,DRV349,SUV,Koramangala,Sarjapur Road,2.7,Success,,UPI,74.81,3.2,4.8,10.6
OLA100114,2024-03-27,08:49:00,CUST1086,DRV239,suv,MG Road,JP Nagar,3.6,Cancelled by Driver,Too far from pickup,,0.0,,,0.0
OLA101304,2024-04-24,07:46:00,CUST1037,DRV344,Auto,Yelahanka,Domlur,7.4,Success,, Credit Card ,81.38,4.8,3.7,26.3
OLA100436,2024-05-03,07:52:00,CUST1353,DRV495, Bike , MG Road ,Yelahanka,10.4,Cancelled by Customer,Found alternate transport,,0.0,,,0.0
OLA100084,2024-04-29,20:43:00,CUST1279,,Mini,Banashankari,Domlur,,Driver Not Found,No drivers available in area,,0.0,,,0.0
OLA100093,2024-06-27,21:26:00,CUST1300,DRV279,Bike,MG ROAD,Malleshwaram,5.2,Cancelled by Driver,Too far from pickup,,0.0,,,0.0
OLA100302,2024-01-24,09:24:00,CUST1025,DRV283,bike,jayanagar,Marathahalli,5.9,Success,,UPI,69.82,4.2,4.4,20.7
OLA100020,2024-02-12,11:30:00,CUST1109,DRV405,Bike,HSR Layout,Rajajinagar,10.9,Success,,UPI,80.46,4.5,5.0,27.8
OLA100186,2024-01-29,03:42:00,CUST1214,DRV514,AUTO,Koramangala,Marathahalli,7.2,Success,,Credit Card,78.78,3.2,5.0,29.0
OLA100228,2024-04-08,12:31:00,CUST1325,DRV475,Auto,HSR Layout,Sarjapur Road,3.2,Success,,credit card,45.61,3.5,4.7,16.4
OLA101234,2024-01-08,09:13:00,CUST1095,DRV236,Mini,KR Puram,MG Road,7.7,Success,,UPI,112.36,4.2,4.0,25.7
OLA100334,2024-06-07,15:45:00,CUST1336,DRV386,auto,MG Road,Electronic City,12.2,Success,,wallet,135.38,4.5,4.6,39.1
OLA101256,2024-02-18,10:19:00,CUST1098,DRV371,SUV,Rajajinagar,marathahalli,2.0,Success,,Ola Money,58.92,5.0,4.2,11.0
OLA100509,2024-03-09,18:16:00,CUST1335,DRV499,sedan,BTM Layout, Domlur ,3.1,Success,,UPI,81.51,4.0,4.1,14.7
OLA100315,2024-03-23,18:33:00,CUST1097,DRV209,auto,BTM LAYOUT,Marathahalli,5.9,Success,,Cash,83.01,5.0,3.9,22.2
OLA101159,2024-04-21,16:28:00,CUST1378,DRV273,Sedan,Indiranagar,JP NAGAR,2.2,Success,, Cash ,68.8,4.9,4.5,10.2
OLA100791,2024-01-20,10:08:00,CUST1263,DRV380,Prime,Rajajinagar,MALLESHWARAM,6.1,Success,,UPI,148.37,4.8,4.5,26.2
OLA101408,2024-01-17,23:07:00,CUST1426,DRV398,SUV,Whitefield,MG Road,3.0,Cancelled by Customer,Booked by mistake,,0.0,,,0.0
OLA100552,2024-05-19,22:21:00,CUST1331,DRV351,Sedan,Hebbal,DOMLUR,5.7,Cancelled by Customer,Wrong pickup location,,0.0,,,0.0
OLA100672,2024-02-02,09:26:00,CUST1228,DRV242,Bike,Malleshwaram,Jayanagar,13.6,Success,,UPI,120.09,3.9,4.5,34.9
OLA101263,2024-06-03,15:17:00,CUST1282,DRV381, Bike ,electronic city,KORAMANGALA,5.2,Success,,Debit Card,62.81,4.9,4.3,21.6
OLA101162,2024-02-06,14:20:00,CUST1029,DRV257,Auto,Rajajinagar,jp nagar,5.8,Success,,UPI,77.43,4.6,4.7,24.7
OLA101050,2024-04-17,11:40:00,CUST1014,DRV516,Mini,DOMLUR,malleshwaram,7.9,Success,,UPI,131.87,4.6,4.5,24.5
OLA101353,2024-02-15,08:13:00,CUST1101,DRV267,Mini,Indiranagar,airport (kia),7.8,Success,,UPI,107.57,4.2,3.9,31.3
OLA101205,2024-03-04,18:27:00,CUST1358,DRV205,Mini,Jayanagar,ELECTRONIC CITY,19.8,Success,,UPI,241.68,4.9,4.2,48.5
OLA100341,2024-06-30,16:11:00,CUST1257,DRV477,Auto,Yelahanka,MG Road,3.9,Success,,credit card,69.02,4.2,4.5,16.6
OLA101086,2024-06-15,09:11:00,CUST1331,DRV494,Sedan,Malleshwaram,RAJAJINAGAR,8.7,Success,,Cash,163.48,3.9,5.0,29.3
OLA100308,2024-02-18,10:45:00,CUST1113,DRV473,Auto,Airport (KIA),Banashankari,7.5,Cancelled by Customer,Wrong pickup location,,0.0,,,0.0
OLA100923,2024-01-12,02:46:00,CUST1081,DRV318,Mini,MG Road,Malleshwaram,12.6,Success,,debit card,181.63,,,34.3
OLA101183,2024-05-05,09:05:00,CUST1230,DRV243, Bike ,Yelahanka,JP Nagar,4.0,Success,,UPI,65.87,4.5,5.0,18.7
OLA100018,2024-06-21,17:41:00,CUST1050,DRV231,sedan,Yelahanka,MG ROAD,4.6,Success,,UPI,86.86,4.8,5.0,15.9
OLA100068,2024-05-18,13:05:00,CUST1306,DRV220,Bike,Yelahanka,Marathahalli,7.5,Success,, Cash ,60.78,4.0,4.9,23.6
OLA101343,2024-04-13,01:36:00,CUST1054,DRV323,Bike,Marathahalli,BTM Layout,4.6,Success,,Debit Card,65.33,4.5,3.8,16.4
OLA101318,2024-06-26,14:04:00,CUST1039,DRV279,bike,koramangala,MARATHAHALLI,2.1,Success,,UPI,29.58,4.1,4.7,8.0
OLA100722,2024-04-25,07:13:00,CUST1259,DRV222,sedan, Whitefield ,Airport (KIA),2.5,Success,,upi,61.43,4.8,5.0,9.4
OLA100113,2024-04-02,06:54:00,CUST1054,DRV324,Sedan,Bellandur,jp nagar,19.3,Cancelled by Customer,Wrong pickup location,,0.0,,,0.0
OLA101401,2024-04-27,18:57:00,CUST1015,,Mini,Jayanagar,Yelahanka,8.4,Driver Not Found,No drivers available in area,,0.0,,,0.0
OLA100726,2024-06-17,20:24:00,CUST1353,DRV357,Sedan,Domlur,KORAMANGALA,5.2,Success,, Ola Money ,89.26,4.3,4.2,18.5
OLA100517,2024-05-18,08:24:00,CUST1352,DRV446,mini,JP Nagar,banashankari,7.5,Success,,credit card,107.5,4.6,3.8,32.0
OLA101482,2024-05-15,16:57:00,CUST1054,DRV375,Sedan,HSR Layout,Koramangala,5.2,Success,,upi,94.46,4.3,5.0,17.7
OLA101127,2024-01-24,17:58:00,CUST1448,DRV407,Bike,Electronic City,Banashankari,3.5,Success,,Wallet,51.98,3.2,4.6,9.4
OLA100416,2024-01-21,19:09:00,CUST1028,DRV336,AUTO,Whitefield,Sarjapur Road,8.6,Success,,Debit Card,97.9,5.0,4.3,24.2
OLA100264,2024-04-01,21:13:00,CUST1231,DRV357,Sedan,MG Road,Whitefield,10.5,Success,,UPI,166.73,3.9,4.2,27.5
OLA101411,2024-04-22,12:18:00,CUST1200,DRV283,Mini,KR Puram,ELECTRONIC CITY,6.5,Success,,UPI,108.28,4.4,3.9,19.2
OLA100847,2024-02-27,11:29:00,CUST1342,DRV247,Sedan,KR Puram,SARJAPUR ROAD,4.0,Success,,OLA MONEY,98.0,4.0,4.6,18.9
OLA100292,2024-02-12,22:51:00,CUST1098,DRV264,MINI,Whitefield, KR Puram ,5.2,Cancelled by Customer,Driver taking too long,,0.0,,,0.0
OLA101288,2024-06-06,11:25:00,CUST1112,DRV221,Mini,Koramangala,HSR Layout,4.9,Success,,UPI,74.73,5.0,4.9,19.3
OLA100252,2024-03-20,17:42:00,CUST1379,,mini,Electronic City,Koramangala,4.5,Driver Not Found,No drivers available in area,,0.0,,,0.0
OLA100606,2024-06-26,02:03:00,CUST1328,DRV294,Auto,Electronic City,Koramangala,6.0,Success,,UPI,75.02,3.8,4.3,18.6
OLA101372,2024-06-14,05:17:00,CUST1124,DRV279,auto,Electronic City,Rajajinagar,6.2,Success,,Credit Card,83.17,4.1,4.3,23.7
OLA101026,2024-06-21,18:27:00,CUST1305,,SUV,BANASHANKARI,Malleshwaram,8.5,Driver Not Found,No drivers available in area,,0.0,,,0.0
OLA100381,2024-05-17,12:23:00,CUST1313,DRV341,Prime,Bellandur,JAYANAGAR,6.2,Cancelled by Customer,Found alternate transport,,0.0,,,0.0
OLA101339,2024-06-18,08:31:00,CUST1140,DRV423,Mini,Koramangala,KR Puram,2.0,Success,,Cash,50.91,,,6.3
OLA100968,2024-01-31,09:31:00,CUST1224,DRV314,Bike,Hebbal,MARATHAHALLI,2.5,Success,,UPI,59.66,4.4,4.5,10.8
OLA100368,2024-04-01,03:48:00,CUST1249,DRV318,mini,Banashankari, BTM Layout ,6.5,Success,,Cash,87.78,4.6,4.3,16.9
OLA100403,2024-06-06,09:40:00,CUST1074,DRV285,auto,Yelahanka,kr puram,2.6,Success,,UPI,54.74,4.7,3.9,7.6
OLA100679,2024-02-19,12:14:00,CUST1380,DRV210,AUTO,Banashankari,jayanagar,4.6,Success,,UPI,54.5,3.4,4.4,18.7
OLA101383,2024-04-09,06:32:00,CUST1439,DRV408,Auto,MALLESHWARAM,koramangala,5.9,Success,, UPI ,62.52,4.2,4.7,20.0
OLA101027,2024-01-07,08:38:00,CUST1091,DRV320,Sedan,YELAHANKA,JP Nagar,2.5,Success,,Credit Card,74.7,4.4,4.1,12.7
OLA101120,2024-01-31,21:15:00,CUST1184,DRV497,Auto,Domlur,Rajajinagar,4.1,Success,,Cash,72.26,4.5,4.3,19.1
OLA100900,2024-06-30,09:33:00,CUST1396,DRV505,Sedan,MARATHAHALLI,jp nagar,4.5,Success,,Credit Card,99.85,4.6,4.6,15.7
OLA100536,2024-05-31,13:29:00,CUST1142,DRV207,AUTO,BTM Layout,Marathahalli,9.6,Success,,UPI,101.62,4.2,4.0,24.4
OLA100952,2024-03-24,15:53:00,CUST1421,DRV412,MINI,rajajinagar,hebbal,4.6,Success,,Cash,69.89,,,13.5
OLA100980,2024-02-26,10:52:00,CUST1023,DRV357,Sedan,btm layout,Domlur,11.9,Success,, Wallet ,207.87,4.4,4.7,27.4
OLA100497,2024-02-04,06:41:00,CUST1412,DRV412,Bike,DOMLUR,rajajinagar,3.9,Success,,Cash,57.1,4.9,4.3,16.7
OLA101397,2024-05-26,18:55:00,CUST1399,DRV351,Bike,DOMLUR,KR Puram,6.5,Success,,Cash,56.69,,,26.2
OLA100460,2024-04-25,06:32:00,CUST1057,DRV292,Auto, JP Nagar ,Electronic City,5.5,Success,,ola money,70.79,5.0,4.7,22.7
OLA101309,2024-03-28,18:23:00,CUST1172,DRV201,Mini,Malleshwaram,Jayanagar,5.6,Success,, Cash ,82.93,4.1,4.2,18.8
OLA100212,2024-05-26,14:43:00,CUST1194,DRV286,Mini,hebbal,Marathahalli,4.8,Success,,Cash,82.59,5.0,4.1,16.5
OLA100938,2024-03-30,16:56:00,CUST1125,DRV349,Mini,BELLANDUR,malleshwaram,5.7,Success,,UPI,97.43,3.9,4.1,25.6
OLA100174,2024-05-19,14:56:00,CUST1068,DRV458,SEDAN,Jayanagar,MG Road,10.6,Success,,UPI,173.32,3.1,3.9,29.8
OLA101312,2024-01-17,13:56:00,CUST1213,DRV437,bike,Domlur,Sarjapur Road,8.7,Success,,UPI,74.13,4.1,3.3,24.6
OLA100193,2024-05-02,08:58:00,CUST1170,, Prime ,Koramangala,BTM Layout,6.2,Driver Not Found,No drivers available in area,,0.0,,,0.0
OLA100143,2024-06-14,10:24:00,CUST1290,DRV216,suv, KR Puram ,Banashankari,4.2,Success,,Cash,101.76,3.6,4.3,14.9
OLA101217,2024-05-31,19:23:00,CUST1237,DRV227,auto,BTM Layout,Domlur,6.7,Cancelled by Customer,Driver taking too long,,0.0,,,0.0
OLA101337,2024-05-27,00:13:00,CUST1367,DRV256, Bike ,koramangala,KR Puram,3.5,Success,,DEBIT CARD,39.21,4.9,4.5,16.8
OLA100230,2024-02-12,06:01:00,CUST1407,DRV312,Mini,marathahalli,BTM LAYOUT,3.4,Success,,debit card,68.53,4.7,4.7,14.8
OLA100570,2024-01-25,18:58:00,CUST1308,DRV305,SUV,Jayanagar,hsr layout,4.5,Success,,UPI,116.12,4.2,3.9,20.0
OLA100759,2024-06-19,13:57:00,CUST1343,DRV263,Auto,JP Nagar,Airport (KIA),7.8,Success,,Debit Card,80.11,4.2,4.2,23.1
OLA101242,2024-03-18,07:21:00,CUST1443,DRV498,Bike,BTM Layout, Airport (KIA) ,7.2,Cancelled by Driver,Vehicle breakdown,,0.0,,,0.0
OLA100598,2024-06-20,17:05:00,CUST1203,DRV271,Mini,Sarjapur Road,Malleshwaram,4.0,Success,,Ola Money,86.99,4.8,4.1,15.8
OLA100762,2024-04-18,09:23:00,CUST1408,DRV264,SUV,domlur,Sarjapur Road,2.0,Success,,UPI,57.66,3.2,4.9,9.5
OLA100155,2024-03-22,18:55:00,CUST1176,DRV404,Mini, Banashankari ,JP Nagar,14.3,Success,,UPI,189.15,4.6,4.2,38.6
OLA100885,2024-06-25,16:51:00,CUST1194,DRV338,AUTO,Electronic City,domlur,15.7,Success,,Ola Money,154.42,3.2,4.4,37.8
OLA101206,2024-02-07,12:24:00,CUST1284,DRV280,SUV,yelahanka,mg road,9.2,Success,,upi,208.71,5.0,5.0,32.2
OLA101019,2024-04-01,19:00:00,CUST1081,DRV415,SEDAN,Yelahanka, MG Road ,5.7,Success,,Debit Card,100.41,3.9,4.2,22.1
OLA100075,2024-03-03,12:09:00,CUST1196,DRV297,Bike,malleshwaram,ELECTRONIC CITY,4.4,Success,,Ola Money,67.32,3.9,4.9,13.6
OLA100809,2024-06-02,08:08:00,CUST1148,DRV223,Prime,Indiranagar,BTM Layout,7.6,Success,,Wallet,189.22,3.0,5.0,23.8
OLA100415,2024-01-24,07:31:00,CUST1111,DRV375, Sedan , Airport (KIA) ,Banashankari,6.0,Cancelled by Customer,Booked by mistake,,0.0,,,0.0
OLA101231,2024-02-12,18:43:00,CUST1363,DRV371,Sedan,Yelahanka,BELLANDUR,5.9,Success,,CASH,114.05,4.8,4.4,17.4
OLA100931,2024-05-08,09:39:00,CUST1029,DRV479,Auto,MG ROAD,Domlur,4.0,Cancelled by Driver,Too far from pickup,,0.0,,,0.0
OLA100641,2024-06-16,18:50:00,CUST1241,DRV282, Auto ,HEBBAL,Whitefield,11.6,Success,,upi,127.81,4.6,4.4,39.1
OLA100234,2024-02-22,18:36:00,,DRV472,Mini,JP Nagar,HSR Layout,4.0,Success,,OLA MONEY,68.71,5.0,4.6,14.5
OLA100021,2024-06-27,21:50:00,CUST1284,DRV449,Mini,hebbal,jayanagar,5.9,Success,,UPI,108.96,5.0,4.2,20.3
OLA101493,2024-01-06,18:16:00,CUST1299,DRV320,SUV, JP Nagar ,Whitefield,5.3,Success,,credit card,135.02,5.0,3.8,17.7
OLA100030,2024-04-01,08:15:00,CUST1341,DRV252,SEDAN,JP NAGAR,Rajajinagar,7.5,Success,,UPI,149.22,4.1,4.0,18.0
OLA100804,2024-01-01,05:47:00,CUST1164,DRV308,Mini,Marathahalli,MG Road,4.1,Success,,UPI,73.03,,,13.9
OLA100883,2024-02-01,19:39:00,CUST1052,DRV214,Mini,Koramangala,hsr layout,8.6,Success,,UPI,112.75,3.8,4.1,23.3
OLA101055,2024-04-16,21:56:00,CUST1366,DRV475, Mini , Domlur ,jp nagar,15.1,Success,, Debit Card ,202.54,4.0,3.8,33.0
OLA100291,2024-05-01,09:25:00,CUST1437,DRV217,suv,Malleshwaram,Domlur,5.7,Success,,UPI,137.93,5.0,4.5,23.9
OLA100915,2024-01-27,13:53:00,CUST1258,, Sedan ,MG Road,Yelahanka,4.2,Driver Not Found,No drivers available in area,,0.0,,,0.0
OLA101277,2024-04-28,08:11:00,CUST1363,DRV256,Auto,hsr layout,Indiranagar,2.5,Success,, Debit Card ,37.01,3.3,3.8,13.1
OLA101094,2024-02-28,23:05:00,CUST1333,DRV399,Bike,koramangala,Hebbal,6.7,Cancelled by Driver,Vehicle breakdown,,0.0,,,0.0
OLA101112,2024-03-03,11:10:00,CUST1330,DRV414, Sedan ,Jayanagar,MARATHAHALLI,,Success,,Ola Money,96.03,4.6,3.9,11.3
OLA100115,2024-03-30,18:52:00,CUST1330,DRV275,Mini, Electronic City , Hebbal ,19.7,Success,,UPI,237.62,3.8,4.3,47.2
OLA101116,2024-05-04,18:14:00,CUST1267,DRV252,Mini,Domlur,Banashankari,4.5,Cancelled by Customer,Found alternate transport,,0.0,,,0.0
OLA100466,2024-06-16,10:09:00,CUST1437,DRV216,Auto,Domlur,Hebbal,5.3,Success,,upi,67.33,,,24.2
OLA100890,2024-04-03,11:28:00,CUST1444,DRV517,SUV,Bellandur,Jayanagar,9.4,Success,,Cash,186.26,4.5,4.6,28.1
OLA100168,2024-02-23,17:31:00,CUST1162,DRV445,Sedan,Marathahalli,YELAHANKA,9.5,Success,,Debit Card,151.66,4.6,5.0,32.3
OLA100408,2024-04-01,19:20:00,CUST1442,DRV443,sedan,JP Nagar,MARATHAHALLI,3.7,Success,,Cash,83.26,4.6,5.0,12.3
OLA100321,2024-06-04,08:16:00,CUST1425,DRV467,prime,BANASHANKARI,KR Puram,15.5,Success,,ola money,333.86,4.0,3.6,40.5
OLA101480,2024-01-07,08:04:00,CUST1380,DRV279,mini,Airport (KIA),INDIRANAGAR,7.7,Success,,cash,112.37,3.0,3.9,26.2
OLA100898,2024-01-01,13:15:00,CUST1241,DRV256,mini, Koramangala ,DOMLUR,5.7,Success,,Debit Card,98.1,5.0,5.0,21.2
OLA101102,2024-05-12,15:56:00,CUST1136,DRV267,SEDAN,banashankari,Electronic City,8.3,Cancelled by Driver,Vehicle breakdown,,0.0,,,0.0
OLA100705,2024-02-04,18:18:00,CUST1227,DRV465,SEDAN,Sarjapur Road,Indiranagar,3.0,Success,,cash,70.96,4.9,4.7,12.3
OLA100921,2024-02-05,09:48:00,CUST1337,DRV355,Bike,whitefield,MALLESHWARAM,5.7,Success,,ola money,60.5,4.2,4.6,18.0
OLA100567,2024-03-30,09:23:00,CUST1071,DRV426,Bike,Domlur,MALLESHWARAM,3.5,Success,, Debit Card ,58.91,3.6,4.1,9.7
OLA100599,2024-03-05,13:05:00,CUST1121,DRV507,Mini, Yelahanka ,banashankari,10.0,Success,,Ola Money,149.97,4.7,4.7,27.0
OLA100258,2024-03-24,06:29:00,CUST1004,DRV388,Mini,Sarjapur Road,Hebbal,7.6,Success,,Wallet,120.79,4.4,4.6,27.5
OLA100256,2024-04-03,11:09:00,CUST1091,DRV218,SUV,Rajajinagar,BTM Layout,14.5,Success,,UPI,285.65,3.7,4.3,34.6
OLA100728,2024-02-12,04:32:00,CUST1055,DRV367,Sedan,Jayanagar,BTM LAYOUT,4.8,Success,,UPI,110.23,4.3,4.3,15.4
OLA100706,2024-05-07,09:24:00,CUST1012,DRV291,Sedan,Marathahalli,WHITEFIELD,9.1,Success,, Credit Card ,153.17,3.5,4.4,23.4
OLA100988,2024-04-25,08:01:00,CUST1203,DRV318,SEDAN,Airport (KIA), Domlur ,16.1,Success,,UPI,243.67,4.3,4.2,54.0
OLA100498,2024-02-27,08:38:00,CUST1003,DRV495,Sedan,BTM Layout,jp nagar,8.1,Cancelled by Driver,Traffic/road closure,,0.0,,,0.0
OLA100899,2024-01-25,06:51:00,CUST1376,DRV371,Sedan,banashankari,SARJAPUR ROAD,4.3,Success,,UPI,82.92,3.4,3.0,13.3
OLA100131,2024-02-07,07:18:00,CUST1424,DRV441,Auto,Electronic City,Malleshwaram,8.9,Success,,Debit Card,99.66,5.0,4.2,31.5
OLA101221,2024-04-05,06:26:00,CUST1334,DRV211,Mini, Indiranagar ,Electronic City,4.0,Success,, Debit Card ,68.06,5.0,4.8,15.1
OLA100101,2024-06-01,14:29:00,CUST1258,DRV509, Sedan ,MG Road,Sarjapur Road,6.3,Success,,UPI,124.83,3.9,4.2,18.9
OLA100172,2024-01-23,16:14:00,CUST1273,DRV219,Bike,HSR Layout, KR Puram ,8.6,Success,,cash,93.07,4.5,4.2,24.7
OLA100492,2024-05-16,09:39:00,CUST1295,DRV428,Mini,Yelahanka,Hebbal,4.1,Cancelled by Driver,Too far from pickup,,0.0,,,0.0
OLA101441,2024-01-29,20:38:00,CUST1247,DRV284,Mini,Malleshwaram,Yelahanka,3.3,Success,,UPI,68.76,5.0,4.7,17.7
OLA100111,2024-02-28,13:53:00,CUST1342,DRV381,Mini,indiranagar,KR Puram,6.4,Cancelled by Driver,Too far from pickup,,0.0,,,0.0
OLA101225,2024-02-18,08:28:00,CUST1414,DRV200,PRIME,Indiranagar,Domlur,9.5,Success,,UPI,230.06,,,23.1
OLA101021,2024-03-17,03:59:00,CUST1449,DRV319,auto,malleshwaram,MG Road,4.1,Success,,UPI,60.43,3.5,4.1,12.2
OLA101227,2024-06-12,10:11:00,CUST1297,DRV405,Sedan,Banashankari,Hebbal,4.0,Success,,Cash,75.43,4.5,3.9,13.9
OLA100713,2024-03-25,15:51:00,,DRV511,SUV,Bellandur,Rajajinagar,4.4,Success,,UPI,100.33,3.7,3.9,13.5
OLA100828,2024-02-26,17:15:00,CUST1185,,Mini,KORAMANGALA,BELLANDUR,4.4,Driver Not Found,No drivers available in area,,0.0,,,0.0
OLA101020,2024-04-22,18:29:00,CUST1303,DRV494,Auto,Bellandur,Malleshwaram,17.9,Success,,Credit Card,183.22,3.8,4.5,50.3
OLA101161,2024-01-17,08:40:00,CUST1099,DRV371,Auto, KR Puram , Koramangala ,5.3,Success,,cash,83.54,3.2,4.0,20.0
OLA100961,2024-02-20,20:56:00,CUST1232,DRV207,MINI,Rajajinagar,marathahalli,15.5,Success,,OLA MONEY,208.47,4.7,5.0,40.4
OLA100660,2024-01-31,17:29:00,CUST1242,DRV216,Auto,JP Nagar,BANASHANKARI,4.6,Success,,UPI,79.45,4.7,4.4,11.9
OLA101403,2024-03-13,19:57:00,CUST1176,DRV408,bike,mg road,HSR Layout,7.5,Success,,DEBIT CARD,87.07,5.0,5.0,20.9
OLA100271,2024-04-08,07:12:00,CUST1329,DRV469,Mini,JP Nagar,koramangala,9.1,Cancelled by Customer,Booked by mistake,,0.0,,,0.0
OLA100064,2024-04-19,09:39:00,CUST1030,DRV512,Prime,MG ROAD,BTM Layout,10.1,Success,,cash,235.77,4.6,5.0,35.1
OLA100394,2024-01-21,17:42:00,CUST1252,DRV514,Mini,JP NAGAR,Indiranagar,2.8,Success,,OLA MONEY,71.24,4.3,4.8,14.9
OLA101095,2024-02-06,19:11:00,CUST1289,DRV204,mini,ELECTRONIC CITY,HSR LAYOUT,19.9,Success,,Ola Money,254.75,4.5,4.6,70.1
OLA100893,2024-04-18,08:12:00,CUST1206,DRV290,SUV,Malleshwaram,Airport (KIA),18.7,Success,,upi,367.16,4.5,3.8,63.5
OLA101296,2024-03-26,20:07:00,CUST1157,DRV320,SEDAN,Airport (KIA),BELLANDUR,18.9,Success,,Credit Card,297.25,3.9,4.5,41.7
OLA100544,2024-05-14,19:30:00,CUST1363,DRV472,AUTO,JP NAGAR,Hebbal,4.9,Success,,WALLET,67.76,3.8,4.4,16.9
OLA100779,2024-05-21,08:22:00,CUST1142,DRV265,Auto,rajajinagar,whitefield,4.0,Success,,Cash,63.5,3.0,5.0,11.8
OLA101185,2024-05-29,16:55:00,CUST1235,DRV369,Auto,MG Road,Electronic City,7.5,Success,,UPI,76.68,4.4,4.4,22.1
OLA101301,2024-03-13,07:29:00,CUST1310,DRV333,Mini,MALLESHWARAM, MG Road ,3.9,Success,,upi,72.79,4.4,4.2,15.0
OLA100170,2024-03-10,07:39:00,CUST1379,DRV500,Mini,INDIRANAGAR,JP Nagar,6.4,Success,,CASH,92.17,4.4,4.3,23.8
OLA100037,2024-02-19,12:24:00,CUST1346,DRV289,suv,Hebbal, Rajajinagar ,9.7,Success,,Cash,206.04,3.8,5.0,31.0
OLA100244,2024-04-04,19:08:00,CUST1195,DRV268, Auto ,Electronic City,Whitefield,5.9,Success,,Credit Card,78.12,4.7,4.2,17.7
OLA100083,2024-01-21,16:24:00,CUST1317,DRV323,Sedan,sarjapur road,Electronic City,3.1,Success,,Ola Money,65.37,4.6,4.3,13.6
OLA101285,2024-02-25,16:23:00,CUST1012,DRV429, Sedan ,DOMLUR,KR Puram,9.5,Success,,cash,158.41,4.4,4.6,31.4
OLA100946,2024-04-29,18:59:00,CUST1121,DRV267,Bike,marathahalli,Hebbal,5.7,Success,,Cash,51.77,4.1,4.7,17.4
OLA100861,2024-03-13,08:42:00,CUST1135,DRV357,BIKE,Rajajinagar,BTM Layout,40.0,Cancelled by Driver,Vehicle breakdown,,0.0,,,0.0
OLA100373,2024-02-02,15:10:00,CUST1068,DRV462, Mini ,SARJAPUR ROAD,Electronic City,3.7,Success,,CASH,57.38,4.2,4.3,18.6
OLA101047,2024-01-29,15:11:00,CUST1442,DRV281,Auto,Bellandur,SARJAPUR ROAD,4.8,Success,,UPI,65.66,4.0,3.7,17.7
OLA101362,2024-03-23,12:43:00,CUST1141,DRV372,mini,Koramangala,Indiranagar,4.1,Success,,UPI,83.36,4.8,4.8,14.5
OLA101333,2024-06-23,13:26:00,CUST1002,DRV467,Bike,sarjapur road, Jayanagar ,5.9,Success,, Cash ,65.18,3.3,4.2,20.4
OLA101171,2024-05-25,17:17:00,CUST1381,DRV488,Auto,bellandur,Domlur,16.8,Success,,Ola Money,172.86,4.4,3.9,47.2
OLA100752,2024-06-03,13:48:00,CUST1136,DRV448,SEDAN,yelahanka,KR Puram,7.4,Success,,UPI,128.7,4.2,4.0,23.4
OLA100508,2024-06-22,09:33:00,CUST1349,DRV221,Mini,JP Nagar, Banashankari ,5.6,Success,,UPI,105.29,5.0,4.4,18.0
OLA101245,2024-05-09,20:58:00,CUST1448,DRV270,Mini,HSR Layout,Whitefield,10.5,Success,,UPI,147.61,2.9,4.2,34.0
OLA101038,2024-01-21,10:40:00,CUST1383,DRV354,Sedan,Koramangala,Jayanagar,4.5,Success,,Debit Card,106.51,,,17.2
OLA101235,2024-04-09,10:19:00,CUST1219,DRV517,SUV,Airport (KIA),Domlur,5.9,Success,, UPI ,122.46,4.9,4.3,23.1
OLA100585,2024-03-31,18:18:00,CUST1164,DRV231,Mini,indiranagar,HSR LAYOUT,16.1,Success,,Ola Money,217.21,4.5,4.2,36.2
OLA100512,2024-02-17,20:44:00,CUST1094,DRV329,MINI,Whitefield,Airport (KIA),12.3,Success,,Debit Card,177.98,3.8,4.6,38.2
OLA100178,2024-02-04,13:29:00,CUST1382,DRV510,Sedan,jp nagar,Airport (KIA),8.5,Cancelled by Customer,Driver taking too long,,0.0,,,0.0
OLA100277,2024-01-16,02:37:00,CUST1360,DRV272,Auto,malleshwaram,Banashankari,6.8,Success,,UPI,98.22,4.3,4.8,17.5
OLA100880,2024-04-25,07:20:00,CUST1302,DRV396,Mini,Koramangala,YELAHANKA,12.1,Cancelled by Customer,Price too high,,0.0,,,0.0
OLA100548,2024-05-20,12:19:00,CUST1290,DRV267,Bike,HEBBAL,HSR Layout,14.9,Success,,ola money,128.08,4.8,4.0,42.3
OLA100720,2024-04-27,11:42:00,CUST1093,DRV491,mini,INDIRANAGAR,Marathahalli,3.7,Success,,credit card,82.27,4.4,4.4,12.5
OLA100477,2024-03-21,17:17:00,CUST1211,,Sedan,BTM Layout,Bellandur,9.7,Driver Not Found,No drivers available in area,,0.0,,,0.0
OLA100226,2024-06-12,09:24:00,CUST1312,DRV400,SUV,Banashankari,Bellandur,4.0,Success,,UPI,112.37,4.3,4.2,14.4
OLA100633,2024-06-17,21:38:00,CUST1371,,Sedan,DOMLUR, Banashankari ,14.9,Driver Not Found,No drivers available in area,,0.0,,,0.0
OLA100217,2024-06-26,05:54:00,CUST1407,DRV409,AUTO,electronic city,yelahanka,1.3,Success,,upi,32.66,4.4,4.4,9.5
OLA101054,2024-03-03,12:04:00,CUST1003,DRV216,Auto,Rajajinagar,JP Nagar,,Cancelled by Customer,Change of plans,,0.0,,,0.0
OLA100838,2024-05-24,04:50:00,CUST1247,DRV223,Mini,WHITEFIELD,Yelahanka,15.2,Success,,upi,182.45,4.6,4.6,45.9
OLA100181,2024-01-15,12:32:00,CUST1212,DRV433,SUV,jp nagar,KR Puram,4.5,Success,,UPI,116.18,3.8,5.0,18.3
OLA100919,2024-01-03,15:02:00,CUST1330,DRV517,Sedan,Banashankari,Electronic City,5.3,Success,,UPI,103.24,4.3,5.0,22.4
OLA100746,2024-04-19,08:19:00,CUST1256,DRV472,AUTO,Bellandur, Domlur ,,Success,,UPI,102.64,4.8,4.6,25.8
OLA100902,2024-03-11,19:43:00,CUST1278,DRV430,Prime,malleshwaram,hsr layout,6.8,Success,, Cash ,158.96,4.6,4.4,17.8
OLA101464,2024-01-30,07:28:00,CUST1309,DRV498,Sedan,HSR Layout, Domlur ,15.3,Success,,Ola Money,234.43,4.5,3.8,52.4
OLA100678,2024-06-20,12:07:00,CUST1180,DRV392,Bike,banashankari,Rajajinagar,3.3,Success,,Cash,40.12,3.5,5.0,9.2
OLA100639,2024-05-01,07:39:00,CUST1330,DRV377,SEDAN,Rajajinagar,Koramangala,6.1,Success,,Cash,105.24,4.3,4.7,19.5
OLA100045,2024-04-17,11:49:00,CUST1299,DRV210,Bike,Sarjapur Road,BELLANDUR,2.6,Cancelled by Driver,Too far from pickup,,0.0,,,0.0
OLA100265,2024-03-24,07:45:00,CUST1127,,sedan,Indiranagar,Yelahanka,7.2,Driver Not Found,No drivers available in area,,0.0,,,0.0
OLA101089,2024-02-02,14:04:00,CUST1167,DRV361,Bike, Jayanagar ,BTM Layout,8.0,Success,,UPI,72.09,3.7,4.4,29.6
OLA101484,2024-01-17,10:37:00,CUST1346,DRV378,Sedan,rajajinagar,HSR Layout,5.6,Success,,Debit Card,121.77,4.6,4.6,14.1
OLA101239,2024-01-25,01:08:00,CUST1303,DRV214,Bike, KR Puram ,Whitefield,3.7,Success,,OLA MONEY,52.26,3.4,4.3,12.3
OLA101499,2024-02-13,06:26:00,CUST1028,DRV281,Auto,Koramangala,Hebbal,4.3,Cancelled by Driver,Traffic/road closure,,0.0,,,0.0
OLA100897,2024-01-04,17:27:00,CUST1171,DRV210,Mini, Marathahalli ,whitefield,8.9,Success,,Cash,118.02,4.9,4.2,33.6
OLA100851,2024-04-25,19:33:00,CUST1109,DRV332,Mini,INDIRANAGAR,MG ROAD,4.2,Success,,upi,88.05,4.6,4.1,11.8
OLA100095,2024-03-11,08:07:00,CUST1434,DRV432,Mini, Jayanagar ,Koramangala,9.1,Success,,UPI,116.62,4.1,4.3,23.9
OLA100176,2024-03-23,20:00:00,CUST1133,DRV396,Mini, Marathahalli ,BANASHANKARI,6.1,Success,,Credit Card,91.16,4.8,3.3,26.1
OLA100399,2024-03-01,14:54:00,CUST1195,DRV300,Mini,Electronic City,Malleshwaram,13.4,Success,, Ola Money ,186.57,4.6,3.1,40.1
OLA101197,2024-05-02,16:09:00,CUST1120,,Bike,Jayanagar,KR Puram,2.0,Driver Not Found,No drivers available in area,,0.0,,,0.0
OLA100333,2024-06-03,21:40:00,CUST1155,DRV460,SUV, KR Puram ,yelahanka,4.8,Success,,Cash,112.3,4.1,4.8,18.4
OLA101057,2024-02-13,10:42:00,CUST1173,DRV272,Bike, Airport (KIA) ,jayanagar,1.8,Success,,Credit Card,33.74,4.2,3.8,8.6
OLA100032,2024-04-07,19:54:00,,DRV313,Mini,kr puram,Banashankari,7.7,Cancelled by Customer,Driver taking too long,,0.0,,,0.0
OLA100745,2024-01-24,16:58:00,CUST1196,DRV403,Auto,Whitefield,JP Nagar,2.5,Cancelled by Customer,Driver taking too long,,0.0,,,0.0
OLA101260,2024-05-20,15:17:00,CUST1261,DRV490,Sedan,Marathahalli, Indiranagar ,6.7,Success,,cash,138.25,5.0,4.4,18.8
OLA100375,2024-02-06,18:52:00,CUST1392,DRV293,Auto,MALLESHWARAM,Marathahalli,7.1,Success,,UPI,76.83,4.2,5.0,19.4
OLA101422,2024-05-19,17:20:00,CUST1209,DRV214,Sedan,SARJAPUR ROAD,KR PURAM,2.9,Success,,Credit Card,84.39,2.4,4.2,11.5
OLA100409,2024-04-26,16:40:00,CUST1449,DRV488,sedan,JP Nagar,Hebbal,10.6,Success,,UPI,190.67,3.4,3.9,32.6
OLA100686,2024-02-27,22:27:00,CUST1038,DRV327,Mini,Yelahanka,Hebbal,2.9,Success,,UPI,48.79,3.6,5.0,14.1
OLA100419,2024-06-19,08:07:00,CUST1120,DRV422,SEDAN, HSR Layout ,Hebbal,13.9,Success,,CASH,227.14,4.2,5.0,46.8
OLA101414,2024-02-20,08:14:00,CUST1045,DRV267,Prime,Yelahanka,BELLANDUR,5.2,Success,,upi,140.45,4.1,4.6,21.4
OLA100145,2024-06-26,20:31:00,CUST1102,DRV262,Mini,Whitefield,AIRPORT (KIA),5.6,Success,,Wallet,81.78,4.2,4.0,17.4
OLA100266,2024-01-08,21:54:00,CUST1231,DRV484,Auto,btm layout,MG ROAD,7.4,Cancelled by Customer,Driver taking too long,,0.0,,,0.0
OLA100987,2024-04-14,14:30:00,CUST1145,DRV473,SUV,Bellandur,Koramangala,9.2,Success,,Credit Card,210.39,4.6,4.6,24.2
OLA100015,2024-06-25,08:19:00,CUST1204,DRV391,Sedan,Malleshwaram,KR PURAM,7.5,Success,,UPI,123.63,,,25.3
OLA101119,2024-05-23,16:36:00,CUST1192,DRV510,suv,Bellandur,indiranagar,3.0,Success,,Cash,87.05,5.0,3.7,13.9
OLA100529,2024-01-25,16:55:00,CUST1389,DRV476,suv,KR Puram,jayanagar,5.6,Success,,wallet,124.09,4.2,4.4,17.6
OLA100392,2024-03-14,06:43:00,CUST1383,DRV375,mini,HSR LAYOUT,malleshwaram,10.6,Success,,Debit Card,141.02,3.8,3.7,27.5
OLA100854,2024-06-21,11:33:00,CUST1369,DRV201,PRIME,electronic city,Airport (KIA),2.7,Success,,UPI,88.17,4.3,3.9,15.2
OLA100730,2024-02-25,11:49:00,CUST1306,DRV455,prime, MG Road ,Sarjapur Road,4.5,Cancelled by Driver,Traffic/road closure,,0.0,,,0.0
OLA100802,2024-02-07,12:39:00,CUST1102,DRV246,Bike,Bellandur,kr puram,2.1,Success,,CASH,43.35,4.8,4.7,7.3
OLA100079,2024-04-22,06:58:00,CUST1233,DRV207,Auto, Rajajinagar ,Electronic City,3.2,Cancelled by Customer,Booked by mistake,,0.0,,,0.0
OLA100604,2024-03-17,08:56:00,CUST1082,DRV424,Auto,RAJAJINAGAR,INDIRANAGAR,3.8,Success,,CREDIT CARD,53.62,4.2,4.5,12.8
OLA100388,2024-03-11,08:12:00,CUST1232,DRV406,SUV,Marathahalli,HSR Layout,4.9,Success,,Wallet,115.41,5.0,4.5,19.2
OLA100184,2024-01-21,17:42:00,CUST1447,DRV476,Mini,BANASHANKARI,mg road,3.1,Success,,UPI,54.45,4.8,3.9,13.7
OLA101474,2024-01-09,12:46:00,CUST1175,DRV470,Auto,BTM Layout,JAYANAGAR,5.3,Success,, UPI ,85.16,4.9,3.8,18.9
OLA101405,2024-02-25,01:30:00,CUST1414,DRV418,Mini,Electronic City,BTM Layout,19.0,Success,,UPI,248.22,4.4,4.2,57.7
OLA100836,2024-02-12,05:23:00,CUST1331,DRV417,Mini,MG Road,Electronic City,5.9,Success,,upi,82.23,4.8,4.1,14.0
OLA100191,2024-06-30,07:29:00,CUST1029,DRV487,SEDAN, Rajajinagar ,SARJAPUR ROAD,17.0,Success,,UPI,268.9,5.0,4.5,51.3
OLA100365,2024-06-10,03:37:00,CUST1296,DRV407,auto,JAYANAGAR,INDIRANAGAR,5.4,Success,,DEBIT CARD,74.75,4.4,3.7,15.0
OLA100869,2024-05-05,18:26:00,CUST1037,DRV449,Prime,Whitefield,BTM LAYOUT,5.4,Success,,Debit Card,143.62,4.4,5.0,21.9
OLA101160,2024-02-09,10:16:00,CUST1089,DRV379,Sedan,Indiranagar,Rajajinagar,2.1,Cancelled by Driver,Traffic/road closure,,0.0,,,0.0
OLA100246,2024-04-19,09:08:00,CUST1126,DRV341,AUTO,BTM LAYOUT,Sarjapur Road,4.5,Success,,upi,69.03,4.1,3.9,19.9
OLA100882,2024-03-18,08:48:00,CUST1177,DRV404,Mini,Yelahanka,MALLESHWARAM,10.5,Success,,Ola Money,148.87,4.2,4.3,27.4
OLA100275,2024-06-29,17:36:00,CUST1288,DRV272,SUV,JAYANAGAR,malleshwaram,12.1,Success,, Credit Card ,249.06,3.8,4.6,41.5
OLA100148,2024-01-23,05:25:00,CUST1367,,suv,RAJAJINAGAR,Domlur,1.3,Driver Not Found,No drivers available in area,,0.0,,,0.0
OLA101130,2024-04-22,11:35:00,CUST1290,DRV298,Sedan,Malleshwaram,DOMLUR,5.5,Success,,UPI,103.99,4.1,3.9,15.1
OLA100295,2024-01-28,15:06:00,CUST1402,DRV346, Bike ,Banashankari,KR Puram,5.7,Success,,UPI,57.12,5.0,4.6,18.0
OLA100325,2024-06-08,08:46:00,CUST1047,,BIKE,HSR Layout,MG ROAD,5.9,Driver Not Found,No drivers available in area,,0.0,,,0.0
OLA100771,2024-06-16,18:49:00,CUST1354,DRV245,AUTO,Bellandur,Marathahalli,11.4,Success,,upi,125.17,3.9,4.6,40.4
OLA100800,2024-03-04,09:07:00,CUST1442,DRV334,PRIME,BTM LAYOUT,KR Puram,,Success,,Cash,120.95,4.5,4.6,16.4
OLA100540,2024-06-09,12:40:00,CUST1000,DRV236,Sedan,Yelahanka,jp nagar,2.3,Success,,Cash,48.18,4.3,4.0,14.0
OLA100677,2024-01-03,17:26:00,CUST1284,DRV450,Auto,jp nagar,Whitefield,17.9,Success,,DEBIT CARD,181.82,5.0,4.5,58.5
OLA101135,2024-01-08,17:31:00,CUST1220,DRV268,Prime,Jayanagar,Airport (KIA),2.2,Success,,DEBIT CARD,68.29,3.6,4.5,9.3
OLA100901,2024-02-06,10:01:00,CUST1125,DRV495,Auto,Rajajinagar,Banashankari,8.0,Success,,UPI,85.19,3.2,4.2,19.8
OLA100769,2024-06-22,18:54:00,CUST1075,DRV392,Prime,Rajajinagar,HSR Layout,13.9,Success,,upi,320.78,4.9,5.0,29.4
OLA100006,2024-06-04,16:34:00,CUST1373,DRV325,Mini,Bellandur,Marathahalli,3.7,Success,,Ola Money,85.39,5.0,4.3,14.7
OLA100975,2024-02-24,00:04:00,CUST1251,DRV485, SUV ,HSR Layout, Indiranagar ,6.6,Success,,credit card,146.34,3.8,4.0,22.5
OLA101169,2024-06-07,10:29:00,CUST1280,DRV409,Sedan,Hebbal,JAYANAGAR,2.3,Success,,ola money,58.98,3.5,4.5,10.1
OLA100104,2024-04-18,19:46:00,CUST1026,DRV347,SUV,Banashankari,MG Road,,Success,,UPI,154.74,4.0,4.5,18.3
OLA100211,2024-03-24,19:00:00,CUST1149,, Sedan ,whitefield,Sarjapur Road,3.2,Driver Not Found,No drivers available in area,,0.0,,,0.0
OLA101471,2024-03-18,08:17:00,CUST1334,DRV461,MINI,DOMLUR,JAYANAGAR,12.1,Success,,Credit Card,175.45,3.9,3.7,25.3
OLA100042,2024-05-23,15:48:00,CUST1226,DRV513,Bike, Malleshwaram ,Rajajinagar,5.4,Success,,cash,72.32,3.8,4.2,17.1
OLA101387,2024-01-07,15:48:00,CUST1208,DRV299,Mini,HSR Layout, BTM Layout ,2.7,Success,,upi,62.9,3.9,5.0,13.2
OLA100378,2024-05-13,12:55:00,CUST1022,DRV471,SEDAN,AIRPORT (KIA),BELLANDUR,8.5,Cancelled by Customer,Wrong pickup location,,0.0,,,0.0
OLA101279,2024-05-14,20:10:00,CUST1257,,Mini,Indiranagar, BTM Layout ,4.6,Driver Not Found,No drivers available in area,,0.0,,,0.0
OLA100147,2024-04-02,13:07:00,CUST1102,DRV271,mini,Airport (KIA),koramangala,5.0,Success,,UPI,80.83,2.9,4.1,20.1
OLA101111,2024-01-20,08:35:00,CUST1342,DRV359,Mini,Domlur,Whitefield,5.6,Success,, Debit Card ,78.38,3.3,3.5,23.7
OLA101456,2024-05-05,07:45:00,CUST1283,DRV437,SEDAN,JP NAGAR,HSR Layout,4.1,Success,,UPI,95.41,4.2,4.3,14.8
OLA101090,2024-03-31,02:56:00,CUST1225,DRV263,bike,Bellandur,koramangala,3.5,Success,,Cash,49.32,3.6,4.2,11.7
OLA100206,2024-01-20,09:36:00,CUST1123,DRV490, Bike ,bellandur,Sarjapur Road,4.8,Success,,Credit Card,53.75,4.1,4.3,22.4
OLA101069,2024-01-01,08:26:00,CUST1307,DRV338, Sedan , HSR Layout , Banashankari ,3.5,Success,,Ola Money,79.22,3.8,3.9,10.5
OLA100028,2024-03-11,04:21:00,CUST1394,DRV266,Auto,Marathahalli,HSR Layout,9.0,Success,,UPI,109.24,4.1,3.7,24.6
OLA101105,2024-03-27,23:11:00,CUST1130,DRV374,BIKE,Airport (KIA), Sarjapur Road ,3.2,Success,,UPI,47.89,4.9,5.0,13.0
OLA101462,2024-03-03,18:54:00,CUST1276,DRV304, Sedan ,Hebbal,Marathahalli,9.9,Success,,Ola Money,166.14,4.4,4.2,28.4
OLA101138,2024-02-15,19:01:00,CUST1332,DRV453,Auto,Yelahanka,Whitefield,3.1,Success,,Debit Card,42.62,,,12.8
OLA100205,2024-06-24,20:57:00,CUST1278,DRV488,Auto,HSR Layout,Banashankari,1.0,Success,,Debit Card,23.47,5.0,3.4,9.9
OLA100671,2024-04-14,05:01:00,CUST1208,DRV319,Bike,koramangala,HEBBAL,2.0,Success,,Credit Card,43.62,3.9,5.0,12.8
OLA100625,2024-04-12,06:54:00,CUST1106,,Sedan,bellandur,Hebbal,2.4,Driver Not Found,No drivers available in area,,0.0,,,0.0
OLA100412,2024-06-14,11:24:00,CUST1112,DRV334,Mini,BTM Layout,JP Nagar,9.5,Cancelled by Driver,Too far from pickup,,0.0,,,0.0
OLA100741,2024-02-20,07:12:00,CUST1002,DRV206,BIKE,banashankari,malleshwaram,2.4,Success,, Cash ,41.54,4.7,3.6,12.6
OLA101033,2024-03-07,08:52:00,CUST1314,DRV432,SEDAN,KR Puram, Hebbal ,6.8,Cancelled by Customer,Found alternate transport,,0.0,,,0.0
OLA100074,2024-01-31,16:09:00,CUST1255,,SUV,Marathahalli,KR Puram,15.3,Driver Not Found,No drivers available in area,,0.0,,,0.0
OLA101425,2024-06-17,10:49:00,CUST1171,DRV476, Prime ,MG ROAD,Hebbal,4.9,Success,,Ola Money,125.15,4.2,4.5,21.4
OLA101143,2024-02-15,20:45:00,CUST1433,DRV290,SUV,KR PURAM,Koramangala,2.2,Cancelled by Driver,Vehicle breakdown,,0.0,,,0.0
OLA100999,2024-01-27,18:17:00,CUST1091,DRV334,suv,Electronic City,JP NAGAR,4.1,Success,,Cash,106.42,4.7,4.3,17.5
OLA100207,2024-05-08,18:22:00,CUST1027,DRV250,Sedan,WHITEFIELD, Banashankari ,8.3,Success,,UPI,149.36,3.6,5.0,26.7
OLA100868,2024-01-29,12:38:00,CUST1062,DRV254,Mini,Marathahalli,hsr layout,9.1,Success,,Cash,117.88,5.0,4.1,30.7
