Booking ID,Booking Date,Booking Time,Customer ID,Driver ID,Vehicle Type,Pickup Location,Drop Location,Ride Distance (km),Booking Status,Cancellation Reason,Payment Method,Booking Value (INR),Driver Rating,Customer Rating,Ride Duration (min),Booking Day,Booking Month,Booking Week,Is Weekend,Booking Hour,Is Cancelled,Revenue per KM,Validation Flag
OLA100001,2024-06-12,06:47:00,CUST1140,DRV325,Mini,MG Road,Sarjapur Road,8.2,Success,Not Applicable,Cash,107.81,4.2,3.8,30.0,Wednesday,June,24,No,6,No,13.15,OK
OLA100002,2024-01-07,15:45:00,CUST1332,DRV479,Sedan,KR Puram,Domlur,7.3,Cancelled by Customer,Driver taking too long,Not Applicable,0.0,,,0.0,Sunday,January,1,Yes,15,Yes,0.0,OK
OLA100003,2024-06-27,12:17:00,CUST1079,DRV310,Prime,Yelahanka,MG Road,14.7,Success,Not Applicable,Debit Card,311.78,4.8,4.1,35.2,Thursday,June,26,No,12,No,21.21,OK
OLA100004,2024-04-27,14:59:00,CUST1193,DRV240,SUV,Domlur,Banashankari,4.3,Success,Not Applicable,UPI,109.72,4.4,3.4,17.2,Saturday,April,17,Yes,14,No,25.52,OK
OLA100005,2024-01-21,19:55:00,CUST1051,DRV394,Mini,Banashankari,HSR Layout,1.8,Success,Not Applicable,Credit Card,45.91,4.0,4.2,12.6,Sunday,January,3,Yes,19,No,25.51,OK
OLA100006,2024-06-04,16:34:00,CUST1373,DRV325,Mini,Bellandur,Marathahalli,3.7,Success,Not Applicable,Ola Money,85.39,5.0,4.3,14.7,Tuesday,June,23,No,16,No,23.08,OK
OLA100007,2024-01-15,08:02:00,CUST1412,DRV361,Sedan,Whitefield,BTM Layout,6.3,Success,Not Applicable,Cash,130.59,3.4,4.5,16.8,Monday,January,3,No,8,No,20.73,OK
OLA100008,2024-06-13,12:16:00,CUST1071,DRV326,Auto,JP Nagar,Marathahalli,4.3,Success,Not Applicable,Wallet,71.81,3.9,4.3,14.0,Thursday,June,24,No,12,No,16.7,OK
OLA100009,2024-02-05,13:05:00,CUST1386,DRV224,Bike,Electronic City,Jayanagar,4.0,Success,Not Applicable,Wallet,62.76,5.0,4.1,17.0,Monday,February,6,No,13,No,15.69,OK
OLA100010,2024-05-15,08:35:00,CUST1440,DRV205,Auto,MG Road,Sarjapur Road,6.0,Success,Not Applicable,UPI,85.53,4.8,3.8,19.6,Wednesday,May,20,No,8,No,14.26,OK
OLA100011,2024-01-01,21:56:00,CUST1368,DRV334,Prime,HSR Layout,JP Nagar,6.9,Cancelled by Customer,Booked by mistake,Not Applicable,0.0,,,0.0,Monday,January,1,No,21,Yes,0.0,OK
OLA100012,2024-06-12,13:12:00,CUST1078,DRV391,Auto,JP Nagar,Malleshwaram,1.5,Success,Not Applicable,UPI,54.55,4.7,4.5,6.3,Wednesday,June,24,No,13,No,36.37,OK
OLA100013,2024-03-19,08:15:00,CUST1449,Not Assigned,Bike,Whitefield,Malleshwaram,5.6,Driver Not Found,No drivers available in area,Not Applicable,0.0,,,0.0,Tuesday,March,12,No,8,Yes,0.0,OK
OLA100014,2024-05-16,18:08:00,CUST1337,DRV443,Bike,HSR Layout,Hebbal,5.0,Success,Not Applicable,Debit Card,60.83,4.0,4.9,17.1,Thursday,May,20,No,18,No,12.17,OK
OLA100015,2024-06-25,08:19:00,CUST1204,DRV391,Sedan,Malleshwaram,KR Puram,7.5,Success,Not Applicable,UPI,123.63,,,25.3,Tuesday,June,26,No,8,No,16.48,OK
OLA100016,2024-02-26,00:45:00,CUST1323,DRV230,Mini,Indiranagar,Banashankari,10.2,Success,Not Applicable,UPI,129.33,3.8,4.2,25.6,Monday,February,9,No,0,No,12.68,OK
OLA100017,2024-05-26,15:15:00,CUST1401,DRV442,Bike,Jayanagar,MG Road,7.4,Success,Not Applicable,Credit Card,62.31,4.9,4.3,23.4,Sunday,May,21,Yes,15,No,8.42,OK
OLA100018,2024-06-21,17:41:00,CUST1050,DRV231,Sedan,Yelahanka,MG Road,4.6,Success,Not Applicable,UPI,86.86,4.8,5.0,15.9,Friday,June,25,No,17,No,18.88,OK
OLA100019,2024-03-04,19:04:00,CUST1226,DRV481,Mini,JP Nagar,Koramangala,5.8,Cancelled by Driver,Customer not reachable,Not Applicable,0.0,,,0.0,Monday,March,10,No,19,Yes,0.0,OK
OLA100020,2024-02-12,11:30:00,CUST1109,DRV405,Bike,HSR Layout,Rajajinagar,10.9,Success,Not Applicable,UPI,80.46,4.5,5.0,27.8,Monday,February,7,No,11,No,7.38,OK
OLA100021,2024-06-27,21:50:00,CUST1284,DRV449,Mini,Hebbal,Jayanagar,5.9,Success,Not Applicable,UPI,108.96,5.0,4.2,20.3,Thursday,June,26,No,21,No,18.47,OK
OLA100022,2024-05-29,13:58:00,CUST1436,DRV471,Mini,Malleshwaram,Whitefield,5.8,Success,Not Applicable,Cash,104.34,4.4,4.3,25.5,Wednesday,May,22,No,13,No,17.99,OK
OLA100023,2024-05-25,08:38:00,CUST1020,DRV517,Mini,Sarjapur Road,Domlur,6.4,Cancelled by Driver,Customer not reachable,Not Applicable,0.0,,,0.0,Saturday,May,21,Yes,8,Yes,0.0,OK
OLA100024,2024-06-20,17:15:00,CUST1135,DRV402,Mini,Hebbal,Airport (KIA),1.5,Success,Not Applicable,Wallet,40.99,5.0,4.1,9.5,Thursday,June,25,No,17,No,27.33,OK
OLA100025,2024-01-26,06:13:00,CUST1259,DRV335,Mini,Banashankari,Whitefield,3.5,Success,Not Applicable,Credit Card,79.88,4.0,4.7,17.4,Friday,January,4,No,6,No,22.82,OK
OLA100026,2024-06-05,22:51:00,CUST1334,DRV470,Mini,JP Nagar,Hebbal,11.8,Success,Not Applicable,Ola Money,172.75,4.0,4.7,27.0,Wednesday,June,23,No,22,No,14.64,OK
OLA100027,2024-05-21,07:18:00,CUST1309,DRV307,Auto,Jayanagar,Hebbal,6.4,Success,Not Applicable,Credit Card,81.36,4.9,4.2,14.8,Tuesday,May,21,No,7,No,12.71,OK
OLA100028,2024-03-11,04:21:00,CUST1394,DRV266,Auto,Marathahalli,HSR Layout,9.0,Success,Not Applicable,UPI,109.24,4.1,3.7,24.6,Monday,March,11,No,4,No,12.14,OK
OLA100029,2024-06-25,20:34:00,CUST1018,DRV389,SUV,Electronic City,KR Puram,7.2,Success,Not Applicable,Ola Money,148.42,4.5,3.1,20.9,Tuesday,June,26,No,20,No,20.61,OK
OLA100030,2024-04-01,08:15:00,CUST1341,DRV252,Sedan,JP Nagar,Rajajinagar,7.5,Success,Not Applicable,UPI,149.22,4.1,4.0,18.0,Monday,April,14,No,8,No,19.9,OK
OLA100031,2024-02-15,19:01:00,CUST1091,DRV370,Auto,Rajajinagar,BTM Layout,5.4,Cancelled by Customer,Change of plans,Not Applicable,0.0,,,0.0,Thursday,February,7,No,19,Yes,0.0,OK
OLA100033,2024-02-27,02:12:00,CUST1204,DRV368,Mini,Whitefield,Hebbal,7.1,Success,Not Applicable,UPI,103.63,4.3,4.4,22.5,Tuesday,February,9,No,2,No,14.6,OK
OLA100034,2024-01-08,07:16:00,CUST1091,DRV497,Prime,Marathahalli,Indiranagar,1.9,Success,Not Applicable,Credit Card,56.25,4.3,5.0,7.9,Monday,January,2,No,7,No,29.61,OK
OLA100035,2024-05-10,07:57:00,CUST1295,DRV297,Mini,Rajajinagar,Koramangala,5.3,Cancelled by Customer,Wrong pickup location,Not Applicable,0.0,,,0.0,Friday,May,19,No,7,Yes,0.0,OK
OLA100036,2024-06-20,08:27:00,CUST1035,DRV369,Auto,MG Road,Yelahanka,7.3,Success,Not Applicable,Cash,88.61,5.0,4.8,25.6,Thursday,June,25,No,8,No,12.14,OK
OLA100037,2024-02-19,12:24:00,CUST1346,DRV289,SUV,Hebbal,Rajajinagar,9.7,Success,Not Applicable,Cash,206.04,3.8,5.0,31.0,Monday,February,8,No,12,No,21.24,OK
OLA100038,2024-06-16,09:28:00,CUST1226,DRV309,SUV,HSR Layout,Whitefield,13.4,Success,Not Applicable,Wallet,264.71,3.7,4.1,32.7,Sunday,June,24,Yes,9,No,19.75,OK
OLA100039,2024-03-01,17:14:00,CUST1412,DRV301,Mini,Indiranagar,Marathahalli,6.4,Success,Not Applicable,Ola Money,114.92,4.0,4.4,18.1,Friday,March,9,No,17,No,17.96,OK
OLA100040,2024-05-27,08:44:00,CUST1196,DRV453,Sedan,Electronic City,Koramangala,4.7,Cancelled by Customer,Change of plans,Not Applicable,0.0,,,0.0,Monday,May,22,No,8,Yes,0.0,OK
OLA100041,2024-04-18,08:51:00,CUST1356,DRV465,Sedan,JP Nagar,BTM Layout,2.9,Success,Not Applicable,Cash,83.12,4.6,4.7,13.5,Thursday,April,16,No,8,No,28.66,OK
OLA100042,2024-05-23,15:48:00,CUST1226,DRV513,Bike,Malleshwaram,Rajajinagar,5.4,Success,Not Applicable,Cash,72.32,3.8,4.2,17.1,Thursday,May,21,No,15,No,13.39,OK
OLA100043,2024-03-07,18:53:00,CUST1326,DRV341,Auto,Malleshwaram,Airport (KIA),9.8,Success,Not Applicable,UPI,112.2,3.6,5.0,34.5,Thursday,March,10,No,18,No,11.45,OK
OLA100044,2024-03-22,20:05:00,CUST1070,DRV277,Mini,Electronic City,BTM Layout,23.0,Success,Not Applicable,UPI,269.93,4.5,4.8,58.4,Friday,March,12,No,20,No,11.74,OK
OLA100045,2024-04-17,11:49:00,CUST1299,DRV210,Bike,Sarjapur Road,Bellandur,2.6,Cancelled by Driver,Too far from pickup,Not Applicable,0.0,,,0.0,Wednesday,April,16,No,11,Yes,0.0,OK
OLA100046,2024-04-09,19:53:00,CUST1214,DRV475,Auto,JP Nagar,BTM Layout,2.4,Success,Not Applicable,Credit Card,48.85,,,10.1,Tuesday,April,15,No,19,No,20.35,OK
OLA100047,2024-04-13,17:53:00,CUST1239,DRV265,Prime,JP Nagar,Koramangala,3.8,Success,Not Applicable,Cash,118.21,4.4,4.5,10.9,Saturday,April,15,Yes,17,No,31.11,OK
OLA100048,2024-04-28,07:16:00,CUST1194,DRV367,Mini,Yelahanka,Banashankari,10.0,Success,Not Applicable,UPI,147.84,4.5,4.0,28.0,Sunday,April,17,Yes,7,No,14.78,OK
OLA100049,2024-01-21,13:47:00,CUST1276,DRV226,Prime,Banashankari,BTM Layout,16.9,Cancelled by Customer,Wrong pickup location,Not Applicable,0.0,,,0.0,Sunday,January,3,Yes,13,Yes,0.0,OK
OLA100050,2024-01-11,18:15:00,CUST1102,DRV210,Auto,BTM Layout,Electronic City,8.1,Success,Not Applicable,UPI,94.01,3.7,4.8,20.3,Thursday,January,2,No,18,No,11.61,OK
OLA100051,2024-04-04,07:38:00,CUST1382,DRV258,Auto,HSR Layout,Yelahanka,6.0,Success,Not Applicable,Wallet,112.64,3.8,4.6,37.7,Thursday,April,14,No,7,No,18.77,OK
OLA100052,2024-04-11,21:12:00,CUST1038,DRV503,Auto,BTM Layout,MG Road,10.5,Success,Not Applicable,Debit Card,119.92,4.2,4.0,29.7,Thursday,April,15,No,21,No,11.42,OK
OLA100053,2024-05-24,18:22:00,CUST1272,DRV419,Auto,Whitefield,JP Nagar,3.3,Success,Not Applicable,Cash,60.83,3.8,4.8,13.2,Friday,May,21,No,18,No,18.43,OK
OLA100054,2024-04-02,16:53:00,CUST1235,DRV278,Sedan,Malleshwaram,Marathahalli,5.2,Cancelled by Driver,Personal emergency,Not Applicable,0.0,,,0.0,Tuesday,April,14,No,16,Yes,0.0,OK
OLA100055,2024-04-29,12:46:00,CUST1303,DRV337,Sedan,BTM Layout,Whitefield,6.1,Success,Not Applicable,Credit Card,108.77,5.0,3.7,18.3,Monday,April,18,No,12,No,17.83,OK
OLA100056,2024-03-27,02:54:00,CUST1166,DRV293,Sedan,Banashankari,Marathahalli,5.9,Cancelled by Driver,Too far from pickup,Not Applicable,0.0,,,0.0,Wednesday,March,13,No,2,Yes,0.0,OK
OLA100057,2024-05-22,00:12:00,CUST1043,DRV323,Auto,Airport (KIA),Sarjapur Road,2.9,Success,Not Applicable,Debit Card,60.94,4.6,4.3,11.4,Wednesday,May,21,No,0,No,21.01,OK
OLA100058,2024-01-24,09:25:00,CUST1354,DRV324,Sedan,Sarjapur Road,Banashankari,9.4,Success,Not Applicable,UPI,160.8,3.8,3.6,30.0,Wednesday,January,4,No,9,No,17.11,OK
OLA100059,2024-06-28,12:19:00,CUST1128,DRV318,Mini,Jayanagar,Banashankari,4.5,Success,Not Applicable,UPI,68.09,4.8,4.8,12.5,Friday,June,26,No,12,No,15.13,OK
OLA100060,2024-05-03,09:37:00,CUST1389,DRV468,SUV,MG Road,BTM Layout,6.4,Success,Not Applicable,UPI,139.09,3.8,4.5,23.5,Friday,May,18,No,9,No,21.73,OK
OLA100061,2024-01-12,22:35:00,CUST1149,DRV264,Auto,Airport (KIA),MG Road,6.3,Success,Not Applicable,UPI,91.58,3.6,4.8,20.0,Friday,January,2,No,22,No,14.54,OK
OLA100062,2024-01-14,08:55:00,CUST1244,DRV258,Bike,Bellandur,Malleshwaram,11.3,Success,Not Applicable,Cash,85.02,3.5,3.9,39.1,Sunday,January,2,Yes,8,No,7.52,OK
OLA100063,2024-03-18,06:15:00,CUST1060,DRV485,Auto,Domlur,BTM Layout,8.3,Success,Not Applicable,Cash,104.67,4.6,4.4,20.0,Monday,March,12,No,6,No,12.61,OK
OLA100064,2024-04-19,09:39:00,CUST1030,DRV512,Prime,MG Road,BTM Layout,10.1,Success,Not Applicable,Cash,235.77,4.6,5.0,35.1,Friday,April,16,No,9,No,23.34,OK
OLA100065,2024-02-10,00:28:00,CUST1352,DRV504,Sedan,Indiranagar,Marathahalli,10.6,Success,Not Applicable,UPI,172.04,4.7,3.8,23.6,Saturday,February,6,Yes,0,No,16.23,OK
OLA100066,2024-03-08,18:40:00,CUST1301,DRV301,Sedan,JP Nagar,BTM Layout,2.1,Cancelled by Driver,Customer not reachable,Not Applicable,0.0,,,0.0,Friday,March,10,No,18,Yes,0.0,OK
OLA100067,2024-01-19,05:50:00,CUST1157,DRV504,Auto,Sarjapur Road,Hebbal,4.4,Success,Not Applicable,UPI,63.37,4.3,3.5,16.3,Friday,January,3,No,5,No,14.4,OK
OLA100068,2024-05-18,13:05:00,CUST1306,DRV220,Bike,Yelahanka,Marathahalli,7.5,Success,Not Applicable,Cash,60.78,4.0,4.9,23.6,Saturday,May,20,Yes,13,No,8.1,OK
OLA100069,2024-01-06,23:43:00,CUST1420,DRV337,SUV,HSR Layout,Malleshwaram,6.3,Success,Not Applicable,Cash,143.97,3.7,4.7,25.2,Saturday,January,1,Yes,23,No,22.85,OK
OLA100070,2024-05-05,21:30:00,CUST1178,DRV409,Sedan,MG Road,Jayanagar,2.5,Success,Not Applicable,Debit Card,59.89,4.3,4.1,14.5,Sunday,May,18,Yes,21,No,23.96,OK
OLA100071,2024-05-20,03:05:00,CUST1161,DRV329,Sedan,Bellandur,JP Nagar,5.8,Success,Not Applicable,UPI,309.95,4.7,4.4,43.2,Monday,May,21,No,3,No,53.44,OK
OLA100072,2024-05-12,10:48:00,CUST1255,DRV520,Sedan,Indiranagar,BTM Layout,7.9,Success,Not Applicable,Cash,133.61,3.9,4.8,28.8,Sunday,May,19,Yes,10,No,16.91,OK
OLA100073,2024-01-08,22:38:00,CUST1409,DRV322,Auto,Hebbal,Sarjapur Road,3.5,Success,Not Applicable,UPI,43.41,4.2,4.0,17.0,Monday,January,2,No,22,No,12.4,OK
OLA100074,2024-01-31,16:09:00,CUST1255,Not Assigned,SUV,Marathahalli,KR Puram,15.3,Driver Not Found,No drivers available in area,Not Applicable,0.0,,,0.0,Wednesday,January,5,No,16,Yes,0.0,OK
OLA100075,2024-03-03,12:09:00,CUST1196,DRV297,Bike,Malleshwaram,Electronic City,4.4,Success,Not Applicable,Ola Money,67.32,3.9,4.9,13.6,Sunday,March,9,Yes,12,No,15.3,OK
OLA100076,2024-05-09,08:00:00,CUST1144,DRV352,Bike,Sarjapur Road,Airport (KIA),12.5,Success,Not Applicable,Debit Card,115.96,5.0,4.9,34.3,Thursday,May,19,No,8,No,9.28,OK
OLA100077,2024-04-06,12:20:00,CUST1445,DRV296,Prime,BTM Layout,Domlur,2.1,Cancelled by Customer,Found alternate transport,Not Applicable,0.0,,,0.0,Saturday,April,14,Yes,12,Yes,0.0,OK
OLA100078,2024-01-12,09:30:00,CUST1361,DRV395,Sedan,Electronic City,Malleshwaram,4.4,Success,Not Applicable,UPI,105.54,4.6,4.8,12.4,Friday,January,2,No,9,No,23.99,OK
OLA100079,2024-04-22,06:58:00,CUST1233,DRV207,Auto,Rajajinagar,Electronic City,3.2,Cancelled by Customer,Booked by mistake,Not Applicable,0.0,,,0.0,Monday,April,17,No,6,Yes,0.0,OK
OLA100080,2024-03-27,16:25:00,CUST1332,DRV241,Bike,JP Nagar,Bellandur,5.8,Success,Not Applicable,Cash,78.42,4.1,3.8,16.4,Wednesday,March,13,No,16,No,13.52,OK
OLA100081,2024-06-07,05:40:00,CUST1350,DRV347,Prime,Whitefield,KR Puram,15.1,Success,Not Applicable,UPI,346.35,3.4,4.3,35.1,Friday,June,23,No,5,No,22.94,OK
OLA100082,2024-03-17,20:02:00,CUST1166,DRV228,Mini,Banashankari,KR Puram,4.4,Success,Not Applicable,UPI,67.77,5.0,4.4,16.9,Sunday,March,11,Yes,20,No,15.4,OK
OLA100083,2024-01-21,16:24:00,CUST1317,DRV323,Sedan,Sarjapur Road,Electronic City,3.1,Success,Not Applicable,Ola Money,65.37,4.6,4.3,13.6,Sunday,January,3,Yes,16,No,21.09,OK
OLA100084,2024-04-29,20:43:00,CUST1279,Not Assigned,Mini,Banashankari,Domlur,6.3,Driver Not Found,No drivers available in area,Not Applicable,0.0,,,0.0,Monday,April,18,No,20,Yes,0.0,OK
OLA100085,2024-06-25,08:54:00,CUST1154,DRV301,Prime,Airport (KIA),MG Road,6.5,Success,Not Applicable,UPI,152.12,4.7,4.1,22.9,Tuesday,June,26,No,8,No,23.4,OK
OLA100086,2024-06-17,11:00:00,CUST1289,DRV225,Bike,Airport (KIA),Hebbal,19.0,Success,Not Applicable,UPI,152.27,4.2,4.7,42.3,Monday,June,25,No,11,No,8.01,OK
OLA100087,2024-03-05,17:46:00,CUST1392,DRV270,Auto,Indiranagar,Yelahanka,7.2,Success,Not Applicable,Ola Money,96.26,3.9,4.8,21.5,Tuesday,March,10,No,17,No,13.37,OK
OLA100088,2024-03-24,18:11:00,CUST1102,DRV267,Auto,Banashankari,JP Nagar,4.4,Success,Not Applicable,Wallet,65.25,3.9,4.8,20.5,Sunday,March,12,Yes,18,No,14.83,OK
OLA100089,2024-03-16,18:21:00,CUST1411,DRV258,Sedan,Whitefield,HSR Layout,7.5,Success,Not Applicable,Cash,142.62,3.9,4.6,22.4,Saturday,March,11,Yes,18,No,19.02,OK
OLA100090,2024-05-22,10:50:00,CUST1202,DRV207,Mini,MG Road,Airport (KIA),8.6,Success,Not Applicable,Credit Card,120.66,3.8,4.1,28.1,Wednesday,May,21,No,10,No,14.03,OK
OLA100091,2024-04-05,06:14:00,CUST1241,DRV212,SUV,JP Nagar,Yelahanka,9.4,Success,Not Applicable,Ola Money,211.66,4.7,3.5,36.8,Friday,April,14,No,6,No,22.52,OK
OLA100092,2024-03-18,16:07:00,CUST1071,DRV223,Bike,Hebbal,Malleshwaram,2.6,Success,Not Applicable,UPI,34.08,4.6,4.3,10.4,Monday,March,12,No,16,No,13.11,OK
OLA100093,2024-06-27,21:26:00,CUST1300,DRV279,Bike,MG Road,Malleshwaram,5.2,Cancelled by Driver,Too far from pickup,Not Applicable,0.0,,,0.0,Thursday,June,26,No,21,Yes,0.0,OK
OLA100094,2024-01-09,17:13:00,CUST1227,DRV427,Prime,Banashankari,MG Road,11.5,Success,Not Applicable,UPI,274.43,5.0,4.4,28.4,Tuesday,January,2,No,17,No,23.86,OK
OLA100095,2024-03-11,08:07:00,CUST1434,DRV432,Mini,Jayanagar,Koramangala,9.1,Success,Not Applicable,UPI,116.62,4.1,4.3,23.9,Monday,March,11,No,8,No,12.82,OK
OLA100096,2024-05-21,08:13:00,CUST1416,Not Assigned,Sedan,Electronic City,Koramangala,4.0,Driver Not Found,No drivers available in area,Not Applicable,0.0,,,0.0,Tuesday,May,21,No,8,Yes,0.0,OK
OLA100097,2024-02-03,14:51:00,CUST1089,DRV256,Auto,Koramangala,HSR Layout,6.4,Cancelled by Customer,Driver taking too long,Not Applicable,0.0,,,0.0,Saturday,February,5,Yes,14,Yes,0.0,OK
OLA100098,2024-05-30,09:11:00,CUST1135,DRV226,Mini,Rajajinagar,JP Nagar,8.7,Success,Not Applicable,Cash,114.11,3.7,3.8,25.7,Thursday,May,22,No,9,No,13.12,OK
OLA100099,2024-04-25,13:39:00,CUST1022,DRV466,Sedan,Koramangala,Whitefield,11.8,Cancelled by Customer,Found alternate transport,Not Applicable,0.0,,,0.0,Thursday,April,17,No,13,Yes,0.0,OK
OLA100100,2024-06-24,06:45:00,CUST1227,DRV237,Bike,Yelahanka,Electronic City,9.7,Success,Not Applicable,UPI,75.17,4.3,4.0,27.0,Monday,June,26,No,6,No,7.75,OK
OLA100101,2024-06-01,14:29:00,CUST1258,DRV509,Sedan,MG Road,Sarjapur Road,6.3,Success,Not Applicable,UPI,124.83,3.9,4.2,18.9,Saturday,June,22,Yes,14,No,19.81,OK
OLA100102,2024-04-26,11:46:00,CUST1048,DRV360,Sedan,Marathahalli,Bellandur,9.7,Success,Not Applicable,UPI,179.41,4.5,4.1,26.2,Friday,April,17,No,11,No,18.5,OK
OLA100103,2024-04-20,06:47:00,CUST1190,DRV266,SUV,Sarjapur Road,JP Nagar,3.5,Success,Not Applicable,Wallet,94.85,4.4,4.2,16.1,Saturday,April,16,Yes,6,No,27.1,OK
OLA100104,2024-04-18,19:46:00,CUST1026,DRV347,SUV,Banashankari,MG Road,6.6,Success,Not Applicable,UPI,154.74,4.0,4.5,18.3,Thursday,April,16,No,19,No,23.45,OK
OLA100105,2024-05-22,10:48:00,CUST1142,DRV493,Mini,Rajajinagar,Sarjapur Road,2.2,Cancelled by Customer,Price too high,Not Applicable,0.0,,,0.0,Wednesday,May,21,No,10,Yes,0.0,OK
OLA100106,2024-06-21,16:01:00,CUST1311,DRV336,Mini,Marathahalli,Yelahanka,2.3,Success,Not Applicable,Credit Card,67.95,3.9,4.3,9.6,Friday,June,25,No,16,No,29.54,OK
OLA100107,2024-01-18,07:40:00,CUST1015,DRV246,Auto,Jayanagar,Rajajinagar,7.3,Success,Not Applicable,Debit Card,85.99,5.0,4.2,25.2,Thursday,January,3,No,7,No,11.78,OK
OLA100108,2024-05-25,15:56:00,CUST1026,DRV279,Mini,Domlur,Indiranagar,6.0,Success,Not Applicable,Cash,101.22,4.5,4.0,18.1,Saturday,May,21,Yes,15,No,16.87,OK
OLA100109,2024-03-10,08:32:00,CUST1058,DRV376,Sedan,Hebbal,Domlur,8.3,Success,Not Applicable,Cash,145.8,5.0,3.7,31.1,Sunday,March,10,Yes,8,No,17.57,OK
OLA100110,2024-01-02,08:13:00,CUST1392,DRV270,Auto,Hebbal,Banashankari,3.4,Success,Not Applicable,Cash,45.8,4.4,4.4,11.3,Tuesday,January,1,No,8,No,13.47,OK
OLA100111,2024-02-28,13:53:00,CUST1342,DRV381,Mini,Indiranagar,KR Puram,6.4,Cancelled by Driver,Too far from pickup,Not Applicable,0.0,,,0.0,Wednesday,February,9,No,13,Yes,0.0,OK
OLA100112,2024-05-27,12:25:00,CUST1363,DRV413,Mini,Bellandur,Koramangala,3.6,Success,Not Applicable,Credit Card,83.59,5.0,4.9,11.7,Monday,May,22,No,12,No,23.22,OK
OLA100113,2024-04-02,06:54:00,CUST1054,DRV324,Sedan,Bellandur,JP Nagar,19.3,Cancelled by Customer,Wrong pickup location,Not Applicable,0.0,,,0.0,Tuesday,April,14,No,6,Yes,0.0,OK
OLA100114,2024-03-27,08:49:00,CUST1086,DRV239,SUV,MG Road,JP Nagar,3.6,Cancelled by Driver,Too far from pickup,Not Applicable,0.0,,,0.0,Wednesday,March,13,No,8,Yes,0.0,OK
OLA100115,2024-03-30,18:52:00,CUST1330,DRV275,Mini,Electronic City,Hebbal,19.7,Success,Not Applicable,UPI,237.62,3.8,4.3,47.2,Saturday,March,13,Yes,18,No,12.06,OK
OLA100116,2024-06-09,13:48:00,CUST1288,DRV496,Sedan,Sarjapur Road,Yelahanka,2.4,Success,Not Applicable,Cash,74.53,3.8,4.5,9.6,Sunday,June,23,Yes,13,No,31.05,OK
OLA100117,2024-03-18,18:37:00,CUST1028,DRV380,SUV,Hebbal,Airport (KIA),7.4,Success,Not Applicable,Ola Money,161.76,5.0,4.7,17.4,Monday,March,12,No,18,No,21.86,OK
OLA100118,2024-01-24,16:32:00,CUST1196,DRV436,SUV,Indiranagar,Airport (KIA),10.7,Success,Not Applicable,Cash,234.87,3.5,5.0,36.7,Wednesday,January,4,No,16,No,21.95,OK
OLA100119,2024-01-16,12:51:00,CUST1428,DRV375,Prime,Whitefield,JP Nagar,12.0,Success,Not Applicable,Cash,274.38,4.0,4.5,33.7,Tuesday,January,3,No,12,No,22.86,OK
OLA100120,2024-06-05,07:23:00,CUST1144,DRV398,Sedan,Yelahanka,Indiranagar,2.9,Success,Not Applicable,Credit Card,79.28,4.2,5.0,11.8,Wednesday,June,23,No,7,No,27.34,OK
OLA100121,2024-03-13,08:54:00,CUST1336,DRV508,Bike,Yelahanka,Whitefield,2.0,Success,Not Applicable,Credit Card,44.48,3.9,4.5,13.0,Wednesday,March,11,No,8,No,22.24,OK
OLA100122,2024-04-10,07:45:00,CUST1043,DRV358,SUV,Yelahanka,Electronic City,7.3,Cancelled by Customer,Wrong pickup location,Not Applicable,0.0,,,0.0,Wednesday,April,15,No,7,Yes,0.0,OK
OLA100123,2024-06-24,20:05:00,CUST1330,Not Assigned,SUV,Koramangala,Bellandur,6.0,Driver Not Found,No drivers available in area,Not Applicable,0.0,,,0.0,Monday,June,26,No,20,Yes,0.0,OK
OLA100124,2024-03-28,21:31:00,CUST1098,DRV315,Prime,Electronic City,Whitefield,6.2,Cancelled by Customer,Price too high,Not Applicable,0.0,,,0.0,Thursday,March,13,No,21,Yes,0.0,OK
OLA100125,2024-05-18,19:56:00,CUST1269,DRV219,Auto,Domlur,Electronic City,4.5,Success,Not Applicable,Credit Card,68.92,4.7,3.7,19.3,Saturday,May,20,Yes,19,No,15.32,OK
OLA100126,2024-02-12,17:02:00,CUST1210,DRV386,Auto,BTM Layout,Airport (KIA),8.4,Success,Not Applicable,UPI,100.52,3.4,5.0,20.8,Monday,February,7,No,17,No,11.97,OK
OLA100127,2024-04-30,20:12:00,CUST1188,DRV492,Prime,KR Puram,Hebbal,7.4,Success,Not Applicable,UPI,186.34,3.9,4.5,21.6,Tuesday,April,18,No,20,No,25.18,OK
OLA100128,2024-06-03,07:16:00,CUST1026,DRV446,Bike,JP Nagar,MG Road,14.5,Success,Not Applicable,UPI,123.34,5.0,5.0,46.6,Monday,June,23,No,7,No,8.51,OK
OLA100129,2024-04-25,20:09:00,CUST1425,DRV423,Mini,BTM Layout,Airport (KIA),5.1,Cancelled by Driver,Personal emergency,Not Applicable,0.0,,,0.0,Thursday,April,17,No,20,Yes,0.0,OK
OLA100130,2024-01-14,11:23:00,CUST1120,DRV397,Prime,Banashankari,BTM Layout,10.7,Cancelled by Driver,Too far from pickup,Not Applicable,0.0,,,0.0,Sunday,January,2,Yes,11,Yes,0.0,OK
OLA100131,2024-02-07,07:18:00,CUST1424,DRV441,Auto,Electronic City,Malleshwaram,8.9,Success,Not Applicable,Debit Card,99.66,5.0,4.2,31.5,Wednesday,February,6,No,7,No,11.2,OK
OLA100132,2024-05-20,21:38:00,CUST1270,DRV416,Mini,Hebbal,BTM Layout,4.8,Success,Not Applicable,Cash,76.83,4.9,3.5,18.8,Monday,May,21,No,21,No,16.01,OK
OLA100133,2024-01-29,19:31:00,CUST1305,DRV474,Mini,Malleshwaram,Domlur,2.7,Success,Not Applicable,UPI,51.96,3.1,4.5,12.4,Monday,January,5,No,19,No,19.24,OK
OLA100134,2024-04-16,08:42:00,CUST1043,DRV468,Prime,Whitefield,JP Nagar,1.3,Cancelled by Customer,Price too high,Not Applicable,0.0,,,0.0,Tuesday,April,16,No,8,Yes,0.0,OK
OLA100135,2024-05-21,01:55:00,CUST1240,DRV222,Auto,Banashankari,Marathahalli,15.1,Success,Not Applicable,Credit Card,158.22,3.5,4.4,51.3,Tuesday,May,21,No,1,No,10.48,OK
OLA100136,2024-01-27,18:47:00,CUST1387,DRV370,Mini,Banashankari,Sarjapur Road,9.7,Success,Not Applicable,Wallet,131.86,4.5,4.4,25.8,Saturday,January,4,Yes,18,No,13.59,OK
OLA100137,2024-05-02,16:51:00,CUST1069,DRV232,Auto,KR Puram,Indiranagar,1.4,Success,Not Applicable,Ola Money,35.0,4.2,4.3,6.3,Thursday,May,18,No,16,No,25.0,OK
OLA100138,2024-05-11,11:52:00,CUST1278,DRV442,Mini,Jayanagar,Yelahanka,5.7,Cancelled by Customer,Wrong pickup location,Not Applicable,0.0,,,0.0,Saturday,May,19,Yes,11,Yes,0.0,OK
OLA100139,2024-03-25,08:51:00,CUST1188,DRV423,Bike,KR Puram,Bellandur,7.6,Success,Not Applicable,Debit Card,70.77,3.7,4.8,20.7,Monday,March,13,No,8,No,9.31,OK
OLA100140,2024-03-09,18:46:00,CUST1217,DRV240,Sedan,HSR Layout,Sarjapur Road,5.0,Success,Not Applicable,Cash,93.81,3.7,4.7,17.1,Saturday,March,10,Yes,18,No,18.76,OK
OLA100141,2024-04-19,07:28:00,CUST1179,Not Assigned,Mini,Banashankari,KR Puram,4.2,Driver Not Found,No drivers available in area,Not Applicable,0.0,,,0.0,Friday,April,16,No,7,Yes,0.0,OK
OLA100142,2024-01-15,06:40:00,CUST1207,DRV386,SUV,HSR Layout,Koramangala,3.5,Success,Not Applicable,UPI,82.28,4.2,3.9,9.5,Monday,January,3,No,6,No,23.51,OK
OLA100143,2024-06-14,10:24:00,CUST1290,DRV216,SUV,KR Puram,Banashankari,4.2,Success,Not Applicable,Cash,101.76,3.6,4.3,14.9,Friday,June,24,No,10,No,24.23,OK
OLA100144,2024-06-15,09:07:00,CUST1013,DRV295,Sedan,Bellandur,Sarjapur Road,6.2,Success,Not Applicable,Credit Card,105.33,,,16.6,Saturday,June,24,Yes,9,No,16.99,OK
OLA100145,2024-06-26,20:31:00,CUST1102,DRV262,Mini,Whitefield,Airport (KIA),5.6,Success,Not Applicable,Wallet,81.78,4.2,4.0,17.4,Wednesday,June,26,No,20,No,14.6,OK
OLA100146,2024-03-22,17:45:00,CUST1033,DRV481,SUV,Hebbal,HSR Layout,8.6,Cancelled by Driver,Customer not reachable,Not Applicable,0.0,,,0.0,Friday,March,12,No,17,Yes,0.0,OK
OLA100147,2024-04-02,13:07:00,CUST1102,DRV271,Mini,Airport (KIA),Koramangala,5.0,Success,Not Applicable,UPI,80.83,2.9,4.1,20.1,Tuesday,April,14,No,13,No,16.17,OK
OLA100148,2024-01-23,05:25:00,CUST1367,Not Assigned,SUV,Rajajinagar,Domlur,1.3,Driver Not Found,No drivers available in area,Not Applicable,0.0,,,0.0,Tuesday,January,4,No,5,Yes,0.0,OK
OLA100149,2024-06-13,06:29:00,CUST1348,Not Assigned,Sedan,JP Nagar,Domlur,8.6,Driver Not Found,No drivers available in area,Not Applicable,0.0,,,0.0,Thursday,June,24,No,6,Yes,0.0,OK
OLA100150,2024-04-20,13:55:00,CUST1028,DRV263,SUV,Hebbal,HSR Layout,7.3,Cancelled by Driver,Customer not reachable,Not Applicable,0.0,,,0.0,Saturday,April,16,Yes,13,Yes,0.0,OK
OLA100151,2024-03-29,21:33:00,CUST1145,DRV240,Mini,JP Nagar,Marathahalli,5.6,Success,Not Applicable,UPI,80.36,3.7,4.0,18.2,Friday,March,13,No,21,No,14.35,OK
OLA100152,2024-05-28,07:42:00,CUST1319,DRV509,Sedan,Sarjapur Road,Indiranagar,3.3,Success,Not Applicable,Cash,85.96,3.9,3.9,16.5,Tuesday,May,22,No,7,No,26.05,OK
OLA100153,2024-06-15,08:36:00,CUST1213,Not Assigned,Auto,Airport (KIA),Sarjapur Road,15.5,Driver Not Found,No drivers available in area,Not Applicable,0.0,,,0.0,Saturday,June,24,Yes,8,Yes,0.0,OK
OLA100154,2024-05-03,08:51:00,CUST1350,DRV407,Mini,Whitefield,Indiranagar,10.2,Success,Not Applicable,UPI,131.94,4.3,4.0,29.0,Friday,May,18,No,8,No,12.94,OK
OLA100155,2024-03-22,18:55:00,CUST1176,DRV404,Mini,Banashankari,JP Nagar,14.3,Success,Not Applicable,UPI,189.15,4.6,4.2,38.6,Friday,March,12,No,18,No,13.23,OK
OLA100156,2024-01-25,04:24:00,CUST1442,DRV515,Sedan,HSR Layout,Banashankari,3.9,Success,Not Applicable,Wallet,97.61,4.9,5.0,14.3,Thursday,January,4,No,4,No,25.03,OK
OLA100157,2024-04-29,13:19:00,CUST1254,DRV211,Mini,Bellandur,JP Nagar,2.3,Success,Not Applicable,UPI,54.02,4.6,4.2,7.6,Monday,April,18,No,13,No,23.49,OK
OLA100158,2024-06-01,19:41:00,CUST1344,DRV440,Mini,Koramangala,Electronic City,4.0,Cancelled by Driver,Too far from pickup,Not Applicable,0.0,,,0.0,Saturday,June,22,Yes,19,Yes,0.0,OK
OLA100159,2024-04-13,10:25:00,CUST1026,DRV491,SUV,Banashankari,Sarjapur Road,4.1,Success,Not Applicable,Debit Card,97.46,3.8,3.1,15.4,Saturday,April,15,Yes,10,No,23.77,OK
OLA100160,2024-06-08,17:07:00,CUST1065,DRV249,Sedan,Yelahanka,Sarjapur Road,9.1,Success,Not Applicable,Cash,170.57,4.2,3.9,31.3,Saturday,June,23,Yes,17,No,18.74,OK
OLA100161,2024-01-12,03:45:00,CUST1170,DRV442,SUV,Electronic City,JP Nagar,4.1,Cancelled by Driver,Too far from pickup,Not Applicable,0.0,,,0.0,Friday,January,2,No,3,Yes,0.0,OK
OLA100162,2024-02-11,11:39:00,CUST1378,DRV353,SUV,Malleshwaram,JP Nagar,9.5,Success,Not Applicable,UPI,201.97,4.4,4.8,32.6,Sunday,February,6,Yes,11,No,21.26,OK
OLA100163,2024-06-21,06:26:00,CUST1298,DRV357,Auto,Koramangala,Malleshwaram,1.9,Success,Not Applicable,UPI,38.17,4.6,4.1,9.1,Friday,June,25,No,6,No,20.09,OK
OLA100164,2024-01-14,15:10:00,CUST1268,DRV517,Auto,Bellandur,Electronic City,3.1,Success,Not Applicable,UPI,64.45,3.3,4.4,13.4,Sunday,January,2,Yes,15,No,20.79,OK
OLA100165,2024-04-22,09:09:00,CUST1211,DRV304,Sedan,Domlur,Airport (KIA),7.1,Success,Not Applicable,UPI,140.58,3.8,3.8,25.4,Monday,April,17,No,9,No,19.8,OK
OLA100166,2024-03-24,23:30:00,CUST1269,DRV392,Sedan,HSR Layout,Airport (KIA),7.1,Success,Not Applicable,Credit Card,141.76,3.9,4.4,25.2,Sunday,March,12,Yes,23,No,19.97,OK
OLA100167,2024-06-13,18:16:00,CUST1312,DRV447,Mini,BTM Layout,Hebbal,3.4,Success,Not Applicable,UPI,69.14,4.1,4.1,10.2,Thursday,June,24,No,18,No,20.34,OK
OLA100168,2024-02-23,17:31:00,CUST1162,DRV445,Sedan,Marathahalli,Yelahanka,9.5,Success,Not Applicable,Debit Card,151.66,4.6,5.0,32.3,Friday,February,8,No,17,No,15.96,OK
OLA100169,2024-02-07,09:18:00,CUST1365,DRV240,Sedan,KR Puram,Marathahalli,1.1,Success,Not Applicable,Cash,52.82,3.8,4.5,5.9,Wednesday,February,6,No,9,No,48.02,OK
OLA100170,2024-03-10,07:39:00,CUST1379,DRV500,Mini,Indiranagar,JP Nagar,6.4,Success,Not Applicable,Cash,92.17,4.4,4.3,23.8,Sunday,March,10,Yes,7,No,14.4,OK
OLA100171,2024-06-23,18:00:00,CUST1281,DRV280,Sedan,Airport (KIA),Malleshwaram,11.9,Success,Not Applicable,UPI,201.12,4.5,4.1,36.1,Sunday,June,25,Yes,18,No,16.9,OK
OLA100172,2024-01-23,16:14:00,CUST1273,DRV219,Bike,HSR Layout,KR Puram,8.6,Success,Not Applicable,Cash,93.07,4.5,4.2,24.7,Tuesday,January,4,No,16,No,10.82,OK
OLA100173,2024-05-06,08:47:00,CUST1446,DRV348,Bike,Koramangala,Yelahanka,7.2,Success,Not Applicable,Wallet,75.24,5.0,4.3,17.3,Monday,May,19,No,8,No,10.45,OK
OLA100174,2024-05-19,14:56:00,CUST1068,DRV458,Sedan,Jayanagar,MG Road,10.6,Success,Not Applicable,UPI,173.32,3.1,3.9,29.8,Sunday,May,20,Yes,14,No,16.35,OK
OLA100175,2024-03-27,18:36:00,CUST1345,DRV298,Mini,Bellandur,KR Puram,1.6,Success,Not Applicable,UPI,48.06,4.1,3.6,6.6,Wednesday,March,13,No,18,No,30.04,OK
OLA100176,2024-03-23,20:00:00,CUST1133,DRV396,Mini,Marathahalli,Banashankari,6.1,Success,Not Applicable,Credit Card,91.16,4.8,3.3,26.1,Saturday,March,12,Yes,20,No,14.94,OK
OLA100177,2024-01-16,17:29:00,CUST1157,DRV281,Sedan,Malleshwaram,Hebbal,7.0,Success,Not Applicable,UPI,133.71,4.8,4.5,17.7,Tuesday,January,3,No,17,No,19.1,OK
OLA100178,2024-02-04,13:29:00,CUST1382,DRV510,Sedan,JP Nagar,Airport (KIA),8.5,Cancelled by Customer,Driver taking too long,Not Applicable,0.0,,,0.0,Sunday,February,5,Yes,13,Yes,0.0,OK
OLA100179,2024-03-04,17:38:00,CUST1447,DRV241,SUV,Malleshwaram,Banashankari,7.4,Success,Not Applicable,Cash,150.54,4.1,4.9,28.8,Monday,March,10,No,17,No,20.34,OK
OLA100180,2024-05-26,14:10:00,CUST1167,DRV466,Sedan,Jayanagar,Domlur,6.3,Cancelled by Driver,Personal emergency,Not Applicable,0.0,,,0.0,Sunday,May,21,Yes,14,Yes,0.0,OK
OLA100181,2024-01-15,12:32:00,CUST1212,DRV433,SUV,JP Nagar,KR Puram,4.5,Success,Not Applicable,UPI,116.18,3.8,5.0,18.3,Monday,January,3,No,12,No,25.82,OK
OLA100182,2024-02-25,15:02:00,CUST1216,DRV376,Auto,JP Nagar,Indiranagar,7.7,Success,Not Applicable,Cash,104.64,4.9,4.1,17.1,Sunday,February,8,Yes,15,No,13.59,OK
OLA100183,2024-02-04,18:46:00,CUST1330,DRV415,Sedan,Bellandur,Airport (KIA),5.1,Cancelled by Driver,Personal emergency,Not Applicable,0.0,,,0.0,Sunday,February,5,Yes,18,Yes,0.0,OK
OLA100184,2024-01-21,17:42:00,CUST1447,DRV476,Mini,Banashankari,MG Road,3.1,Success,Not Applicable,UPI,54.45,4.8,3.9,13.7,Sunday,January,3,Yes,17,No,17.56,OK
OLA100185,2024-01-01,18:19:00,CUST1237,DRV478,Sedan,Bellandur,BTM Layout,10.1,Success,Not Applicable,Credit Card,163.83,5.0,3.6,35.3,Monday,January,1,No,18,No,16.22,OK
OLA100186,2024-01-29,03:42:00,CUST1214,DRV514,Auto,Koramangala,Marathahalli,7.2,Success,Not Applicable,Credit Card,78.78,3.2,5.0,29.0,Monday,January,5,No,3,No,10.94,OK
OLA100187,2024-01-13,08:02:00,CUST1205,Not Assigned,Mini,Jayanagar,Indiranagar,9.0,Driver Not Found,No drivers available in area,Not Applicable,0.0,,,0.0,Saturday,January,2,Yes,8,Yes,0.0,OK
OLA100188,2024-02-29,18:46:00,CUST1294,DRV363,SUV,Yelahanka,BTM Layout,5.8,Success,Not Applicable,UPI,128.45,5.0,4.5,16.1,Thursday,February,9,No,18,No,22.15,OK
OLA100190,2024-06-13,17:50:00,CUST1268,DRV363,Auto,Rajajinagar,Electronic City,9.3,Success,Not Applicable,UPI,98.4,3.8,4.6,25.3,Thursday,June,24,No,17,No,10.58,OK
OLA100191,2024-06-30,07:29:00,CUST1029,DRV487,Sedan,Rajajinagar,Sarjapur Road,17.0,Success,Not Applicable,UPI,268.9,5.0,4.5,51.3,Sunday,June,26,Yes,7,No,15.82,OK
OLA100192,2024-04-25,19:05:00,CUST1274,DRV297,Mini,Bellandur,Indiranagar,6.4,Success,Not Applicable,Cash,111.61,3.7,4.3,19.7,Thursday,April,17,No,19,No,17.44,OK
OLA100193,2024-05-02,08:58:00,CUST1170,Not Assigned,Prime,Koramangala,BTM Layout,6.2,Driver Not Found,No drivers available in area,Not Applicable,0.0,,,0.0,Thursday,May,18,No,8,Yes,0.0,OK
OLA100194,2024-01-31,18:48:00,CUST1245,DRV324,Auto,Jayanagar,Rajajinagar,11.4,Success,Not Applicable,Cash,133.65,4.2,4.2,28.0,Wednesday,January,5,No,18,No,11.72,OK
OLA100195,2024-04-01,09:23:00,CUST1262,DRV454,Sedan,Airport (KIA),Yelahanka,3.0,Success,Not Applicable,UPI,84.43,3.3,4.3,12.9,Monday,April,14,No,9,No,28.14,OK
OLA100196,2024-02-07,01:35:00,CUST1299,DRV496,Auto,Hebbal,Electronic City,8.8,Success,Not Applicable,Cash,91.29,4.1,5.0,23.8,Wednesday,February,6,No,1,No,10.37,OK
OLA100197,2024-06-24,10:48:00,CUST1420,DRV450,Prime,Airport (KIA),KR Puram,5.1,Cancelled by Customer,Driver taking too long,Not Applicable,0.0,,,0.0,Monday,June,26,No,10,Yes,0.0,OK
OLA100198,2024-02-05,17:31:00,CUST1094,DRV477,Prime,Indiranagar,JP Nagar,5.5,Cancelled by Customer,Wrong pickup location,Not Applicable,0.0,,,0.0,Monday,February,6,No,17,Yes,0.0,OK
OLA100199,2024-01-13,18:26:00,CUST1070,DRV318,Mini,Electronic City,Koramangala,5.8,Success,Not Applicable,Ola Money,85.36,5.0,5.0,24.3,Saturday,January,2,Yes,18,No,14.72,OK
OLA100200,2024-05-03,17:01:00,CUST1003,DRV472,SUV,Koramangala,Indiranagar,5.1,Success,Not Applicable,Debit Card,122.68,,,11.8,Friday,May,18,No,17,No,24.05,OK
OLA100201,2024-06-21,12:58:00,CUST1091,DRV254,Bike,Malleshwaram,Electronic City,6.7,Success,Not Applicable,Debit Card,62.43,4.3,4.4,22.8,Friday,June,25,No,12,No,9.32,OK
OLA100202,2024-01-21,10:25:00,CUST1235,DRV489,Mini,BTM Layout,Yelahanka,6.8,Cancelled by Customer,Wrong pickup location,Not Applicable,0.0,,,0.0,Sunday,January,3,Yes,10,Yes,0.0,OK
OLA100203,2024-06-15,18:05:00,CUST1207,DRV394,Sedan,Airport (KIA),Indiranagar,5.5,Success,Not Applicable,Credit Card,111.1,4.3,4.1,24.3,Saturday,June,24,Yes,18,No,20.2,OK
OLA100204,2024-03-25,15:54:00,CUST1048,DRV470,Bike,BTM Layout,Jayanagar,3.7,Success,Not Applicable,Ola Money,64.24,4.4,5.0,12.2,Monday,March,13,No,15,No,17.36,OK
OLA100205,2024-06-24,20:57:00,CUST1278,DRV488,Auto,HSR Layout,Banashankari,1.0,Success,Not Applicable,Debit Card,23.47,5.0,3.4,9.9,Monday,June,26,No,20,No,23.47,OK
OLA100206,2024-01-20,09:36:00,CUST1123,DRV490,Bike,Bellandur,Sarjapur Road,4.8,Success,Not Applicable,Credit Card,53.75,4.1,4.3,22.4,Saturday,January,3,Yes,9,No,11.2,OK
OLA100207,2024-05-08,18:22:00,CUST1027,DRV250,Sedan,Whitefield,Banashankari,8.3,Success,Not Applicable,UPI,149.36,3.6,5.0,26.7,Wednesday,May,19,No,18,No,18.0,OK
OLA100208,2024-06-11,08:28:00,CUST1251,DRV316,Sedan,Bellandur,KR Puram,10.5,Success,Not Applicable,UPI,167.57,5.0,4.0,33.6,Tuesday,June,24,No,8,No,15.96,OK
OLA100209,2024-03-04,17:05:00,CUST1137,DRV278,Sedan,Electronic City,Rajajinagar,3.7,Success,Not Applicable,UPI,76.3,4.0,4.6,16.1,Monday,March,10,No,17,No,20.62,OK
OLA100210,2024-03-10,06:05:00,CUST1095,DRV420,Sedan,JP Nagar,Malleshwaram,2.6,Success,Not Applicable,Cash,63.64,4.7,4.8,9.4,Sunday,March,10,Yes,6,No,24.48,OK
OLA100211,2024-03-24,19:00:00,CUST1149,Not Assigned,Sedan,Whitefield,Sarjapur Road,3.2,Driver Not Found,No drivers available in area,Not Applicable,0.0,,,0.0,Sunday,March,12,Yes,19,Yes,0.0,OK
OLA100212,2024-05-26,14:43:00,CUST1194,DRV286,Mini,Hebbal,Marathahalli,4.8,Success,Not Applicable,Cash,82.59,5.0,4.1,16.5,Sunday,May,21,Yes,14,No,17.21,OK
OLA100213,2024-01-20,10:15:00,CUST1369,DRV520,Sedan,Domlur,Jayanagar,3.2,Success,Not Applicable,Ola Money,73.54,4.5,3.8,15.0,Saturday,January,3,Yes,10,No,22.98,OK
OLA100214,2024-04-07,18:21:00,CUST1225,DRV371,Sedan,Domlur,Electronic City,10.4,Success,Not Applicable,UPI,169.61,4.2,3.8,27.4,Sunday,April,14,Yes,18,No,16.31,OK
OLA100215,2024-04-11,21:18:00,CUST1376,DRV451,Prime,BTM Layout,Banashankari,3.5,Cancelled by Customer,Found alternate transport,Not Applicable,0.0,,,0.0,Thursday,April,15,No,21,Yes,0.0,OK
OLA100216,2024-04-03,07:36:00,CUST1102,DRV503,Prime,HSR Layout,Sarjapur Road,2.0,Success,Not Applicable,Debit Card,55.81,4.7,5.0,7.1,Wednesday,April,14,No,7,No,27.9,OK
OLA100217,2024-06-26,05:54:00,CUST1407,DRV409,Auto,Electronic City,Yelahanka,1.3,Success,Not Applicable,UPI,32.66,4.4,4.4,9.5,Wednesday,June,26,No,5,No,25.12,OK
OLA100218,2024-06-02,13:25:00,CUST1273,Not Assigned,Bike,Rajajinagar,Sarjapur Road,4.2,Driver Not Found,No drivers available in area,Not Applicable,0.0,,,0.0,Sunday,June,22,Yes,13,Yes,0.0,OK
OLA100219,2024-06-28,20:34:00,CUST1304,DRV243,Mini,BTM Layout,Bellandur,7.7,Success,Not Applicable,Credit Card,104.69,4.4,4.5,23.7,Friday,June,26,No,20,No,13.6,OK
OLA100220,2024-03-25,21:27:00,CUST1054,DRV205,Mini,BTM Layout,JP Nagar,4.8,Success,Not Applicable,UPI,90.21,4.3,5.0,13.8,Monday,March,13,No,21,No,18.79,OK
OLA100221,2024-04-28,18:37:00,CUST1353,DRV456,Mini,Koramangala,Malleshwaram,9.0,Success,Not Applicable,Wallet,117.14,4.4,4.3,19.9,Sunday,April,17,Yes,18,No,13.02,OK
OLA100222,2024-02-06,10:21:00,CUST1233,DRV305,SUV,Banashankari,Malleshwaram,6.6,Success,Not Applicable,UPI,127.73,4.5,3.6,17.4,Tuesday,February,6,No,10,No,19.35,OK
OLA100223,2024-06-30,07:54:00,CUST1175,DRV255,Auto,HSR Layout,Marathahalli,8.4,Success,Not Applicable,Cash,97.68,4.9,4.6,26.8,Sunday,June,26,Yes,7,No,11.63,OK
OLA100224,2024-04-13,16:11:00,CUST1327,DRV421,Sedan,Domlur,Jayanagar,7.1,Success,Not Applicable,UPI,127.89,4.9,3.9,26.9,Saturday,April,15,Yes,16,No,18.01,OK
OLA100225,2024-06-29,18:04:00,CUST1295,DRV252,Auto,JP Nagar,HSR Layout,8.2,Success,Not Applicable,Cash,91.57,3.2,3.8,31.1,Saturday,June,26,Yes,18,No,11.17,OK
OLA100226,2024-06-12,09:24:00,CUST1312,DRV400,SUV,Banashankari,Bellandur,4.0,Success,Not Applicable,UPI,112.37,4.3,4.2,14.4,Wednesday,June,24,No,9,No,28.09,OK
OLA100227,2024-06-06,15:43:00,CUST1068,DRV360,Mini,Hebbal,MG Road,6.8,Success,Not Applicable,UPI,95.29,3.9,3.7,20.7,Thursday,June,23,No,15,No,14.01,OK
OLA100228,2024-04-08,12:31:00,CUST1325,DRV475,Auto,HSR Layout,Sarjapur Road,3.2,Success,Not Applicable,Credit Card,45.61,3.5,4.7,16.4,Monday,April,15,No,12,No,14.25,OK
OLA100229,2024-04-01,21:31:00,CUST1069,DRV299,Bike,JP Nagar,Malleshwaram,1.8,Success,Not Applicable,Cash,45.39,4.6,4.5,10.6,Monday,April,14,No,21,No,25.22,OK
OLA100230,2024-02-12,06:01:00,CUST1407,DRV312,Mini,Marathahalli,BTM Layout,3.4,Success,Not Applicable,Debit Card,68.53,4.7,4.7,14.8,Monday,February,7,No,6,No,20.16,OK
OLA100231,2024-05-20,13:36:00,CUST1058,DRV337,Auto,Banashankari,Sarjapur Road,2.1,Success,Not Applicable,Wallet,56.48,5.0,4.4,9.8,Monday,May,21,No,13,No,26.9,OK
OLA100232,2024-01-27,18:41:00,CUST1384,DRV326,Mini,Indiranagar,Airport (KIA),11.8,Cancelled by Customer,Change of plans,Not Applicable,0.0,,,0.0,Saturday,January,4,Yes,18,Yes,0.0,OK
OLA100233,2024-04-22,19:07:00,CUST1397,DRV321,Mini,Sarjapur Road,Banashankari,3.8,Success,Not Applicable,Debit Card,82.63,4.3,5.0,15.2,Monday,April,17,No,19,No,21.74,OK
OLA100235,2024-06-22,18:08:00,CUST1384,DRV410,Bike,Marathahalli,Electronic City,8.3,Success,Not Applicable,UPI,85.84,4.7,3.6,28.8,Saturday,June,25,Yes,18,No,10.34,OK
OLA100236,2024-06-22,11:09:00,CUST1295,DRV337,Auto,Bellandur,Airport (KIA),3.7,Cancelled by Customer,Change of plans,Not Applicable,0.0,,,0.0,Saturday,June,25,Yes,11,Yes,0.0,OK
OLA100237,2024-04-13,13:17:00,CUST1355,DRV388,Sedan,Airport (KIA),Yelahanka,5.1,Cancelled by Customer,Wrong pickup location,Not Applicable,0.0,,,0.0,Saturday,April,15,Yes,13,Yes,0.0,OK
OLA100238,2024-01-24,18:29:00,CUST1325,DRV383,Bike,JP Nagar,Bellandur,5.7,Success,Not Applicable,Debit Card,55.73,4.7,4.9,19.9,Wednesday,January,4,No,18,No,9.78,OK
OLA100239,2024-03-27,14:08:00,CUST1289,DRV448,Auto,Indiranagar,Whitefield,6.5,Cancelled by Customer,Found alternate transport,Not Applicable,0.0,,,0.0,Wednesday,March,13,No,14,Yes,0.0,OK
OLA100240,2024-01-05,07:54:00,CUST1080,DRV425,Sedan,Rajajinagar,Jayanagar,8.5,Cancelled by Driver,Too far from pickup,Not Applicable,0.0,,,0.0,Friday,January,1,No,7,Yes,0.0,OK
OLA100241,2024-02-10,19:56:00,CUST1140,DRV247,Auto,Marathahalli,Whitefield,11.3,Cancelled by Driver,Customer not reachable,Not Applicable,0.0,,,0.0,Saturday,February,6,Yes,19,Yes,0.0,OK
OLA100242,2024-01-14,11:19:00,CUST1371,DRV319,Sedan,Whitefield,Electronic City,5.8,Success,Not Applicable,Credit Card,96.23,3.3,4.8,20.9,Sunday,January,2,Yes,11,No,16.59,OK
OLA100243,2024-01-03,00:21:00,CUST1418,DRV261,Prime,Rajajinagar,Electronic City,6.6,Success,Not Applicable,UPI,161.33,3.7,4.9,27.4,Wednesday,January,1,No,0,No,24.44,OK
OLA100244,2024-04-04,19:08:00,CUST1195,DRV268,Auto,Electronic City,Whitefield,5.9,Success,Not Applicable,Credit Card,78.12,4.7,4.2,17.7,Thursday,April,14,No,19,No,13.24,OK
OLA100245,2024-06-09,18:58:00,CUST1210,DRV515,Auto,Jayanagar,Whitefield,10.2,Success,Not Applicable,UPI,123.5,4.4,4.2,37.4,Sunday,June,23,Yes,18,No,12.11,OK
OLA100246,2024-04-19,09:08:00,CUST1126,DRV341,Auto,BTM Layout,Sarjapur Road,4.5,Success,Not Applicable,UPI,69.03,4.1,3.9,19.9,Friday,April,16,No,9,No,15.34,OK
OLA100247,2024-06-17,19:13:00,CUST1265,DRV510,SUV,Bellandur,Hebbal,12.6,Cancelled by Customer,Driver taking too long,Not Applicable,0.0,,,0.0,Monday,June,25,No,19,Yes,0.0,OK
OLA100248,2024-05-06,11:15:00,CUST1255,DRV504,Mini,Koramangala,Bellandur,6.3,Success,Not Applicable,UPI,101.32,4.0,4.1,16.0,Monday,May,19,No,11,No,16.08,OK
OLA100249,2024-06-23,07:30:00,CUST1394,DRV237,Mini,Whitefield,Koramangala,11.1,Success,Not Applicable,Cash,144.97,4.5,4.8,42.1,Sunday,June,25,Yes,7,No,13.06,OK
OLA100250,2024-06-09,17:49:00,CUST1212,DRV416,Auto,Whitefield,Sarjapur Road,6.3,Success,Not Applicable,Ola Money,81.53,4.9,5.0,22.2,Sunday,June,23,Yes,17,No,12.94,OK
OLA100251,2024-02-09,14:25:00,CUST1300,DRV233,Sedan,Rajajinagar,BTM Layout,3.8,Success,Not Applicable,Credit Card,69.94,5.0,4.2,14.2,Friday,February,6,No,14,No,18.41,OK
OLA100252,2024-03-20,17:42:00,CUST1379,Not Assigned,Mini,Electronic City,Koramangala,4.5,Driver Not Found,No drivers available in area,Not Applicable,0.0,,,0.0,Wednesday,March,12,No,17,Yes,0.0,OK
OLA100253,2024-05-13,13:52:00,CUST1369,DRV332,Mini,Electronic City,Hebbal,13.8,Success,Not Applicable,Cash,188.79,4.0,4.3,31.1,Monday,May,20,No,13,No,13.68,OK
OLA100254,2024-05-14,05:45:00,CUST1295,DRV239,Sedan,Malleshwaram,Banashankari,2.4,Cancelled by Customer,Driver taking too long,Not Applicable,0.0,,,0.0,Tuesday,May,20,No,5,Yes,0.0,OK
OLA100255,2024-04-04,07:49:00,CUST1052,DRV493,Auto,MG Road,Marathahalli,3.2,Success,Not Applicable,UPI,62.82,4.3,4.5,8.5,Thursday,April,14,No,7,No,19.63,OK
OLA100256,2024-04-03,11:09:00,CUST1091,DRV218,SUV,Rajajinagar,BTM Layout,14.5,Success,Not Applicable,UPI,285.65,3.7,4.3,34.6,Wednesday,April,14,No,11,No,19.7,OK
OLA100257,2024-04-05,07:43:00,CUST1026,DRV291,Mini,Malleshwaram,Indiranagar,3.5,Success,Not Applicable,Ola Money,82.12,4.3,4.7,12.3,Friday,April,14,No,7,No,23.46,OK
OLA100258,2024-03-24,06:29:00,CUST1004,DRV388,Mini,Sarjapur Road,Hebbal,7.6,Success,Not Applicable,Wallet,120.79,4.4,4.6,27.5,Sunday,March,12,Yes,6,No,15.89,OK
OLA100259,2024-02-20,18:34:00,CUST1389,DRV325,Mini,Rajajinagar,Koramangala,7.2,Success,Not Applicable,Wallet,101.19,5.0,4.1,21.8,Tuesday,February,8,No,18,No,14.05,OK
OLA100260,2024-01-01,18:24:00,CUST1434,Not Assigned,Mini,Malleshwaram,BTM Layout,4.1,Driver Not Found,No drivers available in area,Not Applicable,0.0,,,0.0,Monday,January,1,No,18,Yes,0.0,OK
OLA100261,2024-02-06,17:05:00,CUST1022,DRV318,Bike,Malleshwaram,Rajajinagar,3.9,Success,Not Applicable,UPI,59.43,5.0,4.2,9.9,Tuesday,February,6,No,17,No,15.24,OK
OLA100262,2024-02-04,16:25:00,CUST1038,DRV503,SUV,Rajajinagar,Electronic City,2.7,Success,Not Applicable,Credit Card,70.7,3.8,4.6,14.0,Sunday,February,5,Yes,16,No,26.19,OK
OLA100263,2024-03-24,09:17:00,CUST1119,DRV238,Bike,Electronic City,Domlur,4.2,Success,Not Applicable,UPI,43.47,4.7,5.0,14.3,Sunday,March,12,Yes,9,No,10.35,OK
OLA100264,2024-04-01,21:13:00,CUST1231,DRV357,Sedan,MG Road,Whitefield,10.5,Success,Not Applicable,UPI,166.73,3.9,4.2,27.5,Monday,April,14,No,21,No,15.88,OK
OLA100265,2024-03-24,07:45:00,CUST1127,Not Assigned,Sedan,Indiranagar,Yelahanka,7.2,Driver Not Found,No drivers available in area,Not Applicable,0.0,,,0.0,Sunday,March,12,Yes,7,Yes,0.0,OK
OLA100266,2024-01-08,21:54:00,CUST1231,DRV484,Auto,BTM Layout,MG Road,7.4,Cancelled by Customer,Driver taking too long,Not Applicable,0.0,,,0.0,Monday,January,2,No,21,Yes,0.0,OK
OLA100267,2024-02-01,01:53:00,CUST1399,DRV313,Mini,Bellandur,Banashankari,5.4,Cancelled by Driver,Vehicle breakdown,Not Applicable,0.0,,,0.0,Thursday,February,5,No,1,Yes,0.0,OK
OLA100268,2024-05-29,15:58:00,CUST1416,DRV238,Mini,Whitefield,BTM Layout,3.5,Success,Not Applicable,Debit Card,80.57,4.3,5.0,18.0,Wednesday,May,22,No,15,No,23.02,OK
OLA100269,2024-03-25,07:29:00,CUST1025,DRV286,Bike,Rajajinagar,Bellandur,5.7,Success,Not Applicable,Ola Money,55.68,,,14.9,Monday,March,13,No,7,No,9.77,OK
OLA100270,2024-03-11,09:56:00,CUST1076,DRV217,SUV,Domlur,BTM Layout,3.4,Success,Not Applicable,UPI,95.62,4.0,4.9,11.6,Monday,March,11,No,9,No,28.12,OK
OLA100271,2024-04-08,07:12:00,CUST1329,DRV469,Mini,JP Nagar,Koramangala,9.1,Cancelled by Customer,Booked by mistake,Not Applicable,0.0,,,0.0,Monday,April,15,No,7,Yes,0.0,OK
OLA100272,2024-05-02,14:31:00,CUST1176,DRV489,SUV,Bellandur,Marathahalli,16.8,Success,Not Applicable,Debit Card,322.79,4.7,5.0,55.2,Thursday,May,18,No,14,No,19.21,OK
OLA100273,2024-01-15,18:30:00,CUST1271,DRV383,Auto,BTM Layout,HSR Layout,9.8,Success,Not Applicable,Ola Money,96.4,4.6,4.9,34.0,Monday,January,3,No,18,No,9.84,OK
OLA100274,2024-01-15,18:14:00,CUST1294,DRV398,Sedan,HSR Layout,Jayanagar,14.3,Success,Not Applicable,Cash,222.3,,,34.4,Monday,January,3,No,18,No,15.55,OK
OLA100275,2024-06-29,17:36:00,CUST1288,DRV272,SUV,Jayanagar,Malleshwaram,12.1,Success,Not Applicable,Credit Card,249.06,3.8,4.6,41.5,Saturday,June,26,Yes,17,No,20.58,OK
OLA100276,2024-01-06,14:00:00,CUST1169,DRV514,Mini,Electronic City,Banashankari,7.7,Cancelled by Driver,Too far from pickup,Not Applicable,0.0,,,0.0,Saturday,January,1,Yes,14,Yes,0.0,OK
OLA100277,2024-01-16,02:37:00,CUST1360,DRV272,Auto,Malleshwaram,Banashankari,6.8,Success,Not Applicable,UPI,98.22,4.3,4.8,17.5,Tuesday,January,3,No,2,No,14.44,OK
OLA100278,2024-03-18,09:10:00,CUST1374,Not Assigned,Auto,Airport (KIA),Yelahanka,2.4,Driver Not Found,No drivers available in area,Not Applicable,0.0,,,0.0,Monday,March,12,No,9,Yes,0.0,OK
OLA100279,2024-06-26,20:39:00,CUST1402,DRV382,Mini,Sarjapur Road,HSR Layout,4.9,Success,Not Applicable,UPI,80.25,4.4,4.7,16.4,Wednesday,June,26,No,20,No,16.38,OK
OLA100280,2024-06-28,21:25:00,CUST1435,Not Assigned,Mini,Domlur,Yelahanka,6.2,Driver Not Found,No drivers available in area,Not Applicable,0.0,,,0.0,Friday,June,26,No,21,Yes,0.0,OK
OLA100281,2024-02-26,16:06:00,CUST1254,DRV272,Sedan,Whitefield,Marathahalli,8.7,Success,Not Applicable,Debit Card,147.2,4.4,4.5,27.2,Monday,February,9,No,16,No,16.92,OK
OLA100282,2024-06-20,16:56:00,CUST1171,DRV428,Mini,Jayanagar,Marathahalli,7.8,Success,Not Applicable,UPI,121.6,4.9,3.9,22.5,Thursday,June,25,No,16,No,15.59,OK
OLA100283,2024-04-22,18:10:00,CUST1211,DRV452,Bike,Banashankari,Sarjapur Road,6.6,Cancelled by Customer,Price too high,Not Applicable,0.0,,,0.0,Monday,April,17,No,18,Yes,0.0,OK
OLA100284,2024-06-15,18:14:00,CUST1083,DRV431,Mini,Indiranagar,Yelahanka,3.8,Success,Not Applicable,Ola Money,57.4,4.0,4.6,15.8,Saturday,June,24,Yes,18,No,15.11,OK
OLA100285,2024-02-11,18:35:00,CUST1047,DRV373,SUV,Domlur,Airport (KIA),14.6,Success,Not Applicable,Cash,298.94,4.3,3.5,37.9,Sunday,February,6,Yes,18,No,20.48,OK
OLA100286,2024-01-14,06:13:00,CUST1097,DRV409,Auto,JP Nagar,Marathahalli,4.6,Success,Not Applicable,Cash,71.62,3.4,3.3,18.6,Sunday,January,2,Yes,6,No,15.57,OK
OLA100287,2024-05-05,07:23:00,CUST1001,DRV418,Mini,Domlur,Airport (KIA),7.9,Success,Not Applicable,UPI,107.89,4.0,5.0,27.0,Sunday,May,18,Yes,7,No,13.66,OK
OLA100288,2024-01-30,09:25:00,CUST1241,DRV450,Bike,Marathahalli,Whitefield,12.8,Success,Not Applicable,UPI,111.06,4.7,4.4,37.4,Tuesday,January,5,No,9,No,8.68,OK
OLA100289,2024-01-12,08:29:00,CUST1134,DRV315,Bike,Sarjapur Road,Indiranagar,16.8,Success,Not Applicable,Debit Card,120.33,3.7,4.8,58.1,Friday,January,2,No,8,No,7.16,OK
OLA100290,2024-04-15,22:37:00,CUST1116,DRV483,Mini,Bellandur,JP Nagar,5.3,Success,Not Applicable,Ola Money,85.86,3.5,5.0,15.4,Monday,April,16,No,22,No,16.2,OK
OLA100291,2024-05-01,09:25:00,CUST1437,DRV217,SUV,Malleshwaram,Domlur,5.7,Success,Not Applicable,UPI,137.93,5.0,4.5,23.9,Wednesday,May,18,No,9,No,24.2,OK
OLA100292,2024-02-12,22:51:00,CUST1098,DRV264,Mini,Whitefield,KR Puram,5.2,Cancelled by Customer,Driver taking too long,Not Applicable,0.0,,,0.0,Monday,February,7,No,22,Yes,0.0,OK
OLA100293,2024-06-01,08:58:00,CUST1372,DRV234,Mini,JP Nagar,Bellandur,8.5,Cancelled by Customer,Price too high,Not Applicable,0.0,,,0.0,Saturday,June,22,Yes,8,Yes,0.0,OK
OLA100294,2024-04-27,20:00:00,CUST1402,DRV519,SUV,Rajajinagar,MG Road,7.9,Success,Not Applicable,Ola Money,169.63,4.4,4.8,24.6,Saturday,April,17,Yes,20,No,21.47,OK
OLA100295,2024-01-28,15:06:00,CUST1402,DRV346,Bike,Banashankari,KR Puram,5.7,Success,Not Applicable,UPI,57.12,5.0,4.6,18.0,Sunday,January,4,Yes,15,No,10.02,OK
OLA100296,2024-04-13,07:38:00,CUST1348,DRV405,Mini,Yelahanka,BTM Layout,3.6,Success,Not Applicable,UPI,56.08,4.3,3.7,14.2,Saturday,April,15,Yes,7,No,15.58,OK
OLA100297,2024-03-18,09:53:00,CUST1251,DRV250,Prime,BTM Layout,Electronic City,6.5,Success,Not Applicable,Credit Card,154.01,3.9,4.1,17.4,Monday,March,12,No,9,No,23.69,OK
OLA100298,2024-06-03,16:12:00,CUST1226,DRV308,Bike,Rajajinagar,Malleshwaram,10.8,Cancelled by Customer,Change of plans,Not Applicable,0.0,,,0.0,Monday,June,23,No,16,Yes,0.0,OK
OLA100299,2024-05-11,18:04:00,CUST1159,DRV459,Sedan,Malleshwaram,Domlur,4.5,Success,Not Applicable,UPI,78.87,2.8,4.9,16.1,Saturday,May,19,Yes,18,No,17.53,OK
OLA100300,2024-04-26,04:23:00,CUST1360,DRV301,Mini,KR Puram,JP Nagar,2.9,Cancelled by Driver,Vehicle breakdown,Not Applicable,0.0,,,0.0,Friday,April,17,No,4,Yes,0.0,OK
OLA100301,2024-03-02,10:38:00,CUST1228,DRV290,Prime,Airport (KIA),Domlur,3.1,Success,Not Applicable,Debit Card,93.54,4.3,5.0,9.8,Saturday,March,9,Yes,10,No,30.17,OK
OLA100302,2024-01-24,09:24:00,CUST1025,DRV283,Bike,Jayanagar,Marathahalli,5.9,Success,Not Applicable,UPI,69.82,4.2,4.4,20.7,Wednesday,January,4,No,9,No,11.83,OK
OLA100303,2024-06-23,00:58:00,CUST1067,DRV288,SUV,Koramangala,Marathahalli,6.9,Cancelled by Customer,Booked by mistake,Not Applicable,0.0,,,0.0,Sunday,June,25,Yes,0,Yes,0.0,OK
OLA100304,2024-06-30,16:27:00,CUST1192,DRV378,Sedan,Jayanagar,Airport (KIA),1.5,Success,Not Applicable,UPI,45.06,3.7,4.3,8.9,Sunday,June,26,Yes,16,No,30.04,OK
OLA100305,2024-06-18,21:53:00,CUST1191,DRV487,Auto,Domlur,Hebbal,16.4,Success,Not Applicable,Credit Card,155.15,4.7,4.2,60.0,Tuesday,June,25,No,21,No,9.46,OK
OLA100306,2024-03-11,08:45:00,CUST1333,DRV352,Mini,Malleshwaram,BTM Layout,4.5,Cancelled by Customer,Price too high,Not Applicable,0.0,,,0.0,Monday,March,11,No,8,Yes,0.0,OK
OLA100307,2024-04-13,17:43:00,CUST1071,DRV213,Auto,Hebbal,Marathahalli,13.4,Success,Not Applicable,Wallet,149.41,4.9,5.0,33.9,Saturday,April,15,Yes,17,No,11.15,OK
OLA100308,2024-02-18,10:45:00,CUST1113,DRV473,Auto,Airport (KIA),Banashankari,7.5,Cancelled by Customer,Wrong pickup location,Not Applicable,0.0,,,0.0,Sunday,February,7,Yes,10,Yes,0.0,OK
OLA100309,2024-05-22,07:06:00,CUST1241,DRV265,Auto,JP Nagar,HSR Layout,10.3,Cancelled by Driver,Vehicle breakdown,Not Applicable,0.0,,,0.0,Wednesday,May,21,No,7,Yes,0.0,OK
OLA100310,2024-02-26,10:47:00,CUST1446,DRV357,Sedan,Yelahanka,Bellandur,8.9,Success,Not Applicable,Ola Money,147.42,5.0,4.5,22.7,Monday,February,9,No,10,No,16.56,OK
OLA100311,2024-05-29,15:39:00,CUST1036,DRV441,Bike,Malleshwaram,MG Road,18.7,Success,Not Applicable,Ola Money,153.22,3.9,4.2,52.9,Wednesday,May,22,No,15,No,8.19,OK
OLA100312,2024-02-05,23:21:00,CUST1209,DRV491,Bike,KR Puram,Electronic City,6.8,Success,Not Applicable,Credit Card,65.29,3.9,4.2,19.0,Monday,February,6,No,23,No,9.6,OK
OLA100313,2024-02-15,09:03:00,CUST1002,DRV431,Mini,HSR Layout,Domlur,4.9,Success,Not Applicable,Credit Card,91.83,4.6,3.9,12.8,Thursday,February,7,No,9,No,18.74,OK
OLA100314,2024-06-11,12:27:00,CUST1244,Not Assigned,Mini,JP Nagar,Jayanagar,4.3,Driver Not Found,No drivers available in area,Not Applicable,0.0,,,0.0,Tuesday,June,24,No,12,Yes,0.0,OK
OLA100315,2024-03-23,18:33:00,CUST1097,DRV209,Auto,BTM Layout,Marathahalli,5.9,Success,Not Applicable,Cash,83.01,5.0,3.9,22.2,Saturday,March,12,Yes,18,No,14.07,OK
OLA100316,2024-02-12,05:02:00,CUST1152,DRV348,Sedan,Malleshwaram,JP Nagar,9.5,Cancelled by Driver,Customer not reachable,Not Applicable,0.0,,,0.0,Monday,February,7,No,5,Yes,0.0,OK
OLA100317,2024-03-28,23:31:00,CUST1183,DRV296,Mini,Bellandur,Koramangala,6.2,Success,Not Applicable,Cash,90.05,4.4,4.1,25.2,Thursday,March,13,No,23,No,14.52,OK
OLA100318,2024-02-13,07:45:00,CUST1333,DRV219,Sedan,Marathahalli,Sarjapur Road,6.9,Success,Not Applicable,Debit Card,130.29,4.1,3.6,24.8,Tuesday,February,7,No,7,No,18.88,OK
OLA100319,2024-01-13,17:26:00,CUST1227,DRV394,Mini,Marathahalli,Malleshwaram,7.7,Success,Not Applicable,Cash,120.76,4.7,3.5,18.8,Saturday,January,2,Yes,17,No,15.68,OK
OLA100320,2024-01-26,17:17:00,CUST1318,DRV510,Auto,Rajajinagar,MG Road,3.3,Success,Not Applicable,Cash,56.75,4.4,4.9,15.7,Friday,January,4,No,17,No,17.2,OK
OLA100321,2024-06-04,08:16:00,CUST1425,DRV467,Prime,Banashankari,KR Puram,15.5,Success,Not Applicable,Ola Money,333.86,4.0,3.6,40.5,Tuesday,June,23,No,8,No,21.54,OK
OLA100322,2024-03-25,08:00:00,CUST1343,DRV245,Bike,Sarjapur Road,Airport (KIA),4.1,Success,Not Applicable,UPI,44.07,5.0,5.0,16.1,Monday,March,13,No,8,No,10.75,OK
OLA100323,2024-03-06,16:29:00,CUST1151,DRV335,Sedan,MG Road,Jayanagar,4.0,Cancelled by Customer,Booked by mistake,Not Applicable,0.0,,,0.0,Wednesday,March,10,No,16,Yes,0.0,OK
OLA100324,2024-06-22,09:47:00,CUST1059,DRV248,Bike,Indiranagar,Koramangala,7.7,Success,Not Applicable,Cash,86.76,4.0,4.1,26.8,Saturday,June,25,Yes,9,No,11.27,OK
OLA100325,2024-06-08,08:46:00,CUST1047,Not Assigned,Bike,HSR Layout,MG Road,5.9,Driver Not Found,No drivers available in area,Not Applicable,0.0,,,0.0,Saturday,June,23,Yes,8,Yes,0.0,OK
OLA100326,2024-03-10,19:44:00,CUST1435,DRV444,Auto,HSR Layout,MG Road,11.9,Success,Not Applicable,UPI,114.18,4.8,3.0,29.6,Sunday,March,10,Yes,19,No,9.59,OK
OLA100327,2024-05-31,13:36:00,CUST1347,DRV424,Mini,Bellandur,Banashankari,11.8,Cancelled by Customer,Wrong pickup location,Not Applicable,0.0,,,0.0,Friday,May,22,No,13,Yes,0.0,OK
OLA100328,2024-02-03,13:31:00,CUST1057,DRV410,Sedan,Whitefield,Hebbal,1.8,Success,Not Applicable,Debit Card,59.85,3.5,5.0,8.7,Saturday,February,5,Yes,13,No,33.25,OK
OLA100329,2024-05-24,08:42:00,CUST1447,DRV373,SUV,Domlur,MG Road,4.4,Success,Not Applicable,Credit Card,107.19,4.5,3.6,16.7,Friday,May,21,No,8,No,24.36,OK
OLA100330,2024-02-08,19:35:00,CUST1313,DRV227,Mini,HSR Layout,JP Nagar,5.1,Cancelled by Customer,Driver taking too long,Not Applicable,0.0,,,0.0,Thursday,February,6,No,19,Yes,0.0,OK
OLA100331,2024-01-20,18:20:00,CUST1123,DRV369,Prime,Indiranagar,JP Nagar,6.3,Success,Not Applicable,Cash,147.68,3.5,4.3,19.4,Saturday,January,3,Yes,18,No,23.44,OK
OLA100332,2024-05-26,12:54:00,CUST1255,DRV428,Sedan,Airport (KIA),Koramangala,12.3,Success,Not Applicable,UPI,190.28,5.0,4.8,30.6,Sunday,May,21,Yes,12,No,15.47,OK
OLA100333,2024-06-03,21:40:00,CUST1155,DRV460,SUV,KR Puram,Yelahanka,4.8,Success,Not Applicable,Cash,112.3,4.1,4.8,18.4,Monday,June,23,No,21,No,23.4,OK
OLA100334,2024-06-07,15:45:00,CUST1336,DRV386,Auto,MG Road,Electronic City,12.2,Success,Not Applicable,Wallet,135.38,4.5,4.6,39.1,Friday,June,23,No,15,No,11.1,OK
OLA100335,2024-03-15,14:23:00,CUST1359,DRV254,Mini,HSR Layout,Malleshwaram,11.0,Success,Not Applicable,Credit Card,140.21,,,26.1,Friday,March,11,No,14,No,12.75,OK
OLA100336,2024-02-18,07:54:00,CUST1201,DRV310,Sedan,Jayanagar,Banashankari,4.2,Success,Not Applicable,Cash,77.03,4.7,4.4,15.2,Sunday,February,7,Yes,7,No,18.34,OK
OLA100337,2024-04-25,12:37:00,CUST1258,DRV268,Prime,Koramangala,JP Nagar,9.4,Success,Not Applicable,Ola Money,225.09,4.3,4.1,29.0,Thursday,April,17,No,12,No,23.95,OK
OLA100338,2024-02-15,17:11:00,CUST1374,DRV265,Mini,Domlur,Yelahanka,6.1,Success,Not Applicable,Debit Card,97.22,4.8,4.6,19.0,Thursday,February,7,No,17,No,15.94,OK
OLA100339,2024-03-11,11:21:00,CUST1150,DRV431,Bike,Electronic City,KR Puram,10.8,Cancelled by Driver,Traffic/road closure,Not Applicable,0.0,,,0.0,Monday,March,11,No,11,Yes,0.0,OK
OLA100340,2024-03-17,19:35:00,CUST1440,DRV360,Auto,JP Nagar,Jayanagar,11.5,Success,Not Applicable,Credit Card,113.03,3.7,4.5,35.3,Sunday,March,11,Yes,19,No,9.83,OK
OLA100341,2024-06-30,16:11:00,CUST1257,DRV477,Auto,Yelahanka,MG Road,3.9,Success,Not Applicable,Credit Card,69.02,4.2,4.5,16.6,Sunday,June,26,Yes,16,No,17.7,OK
OLA100342,2024-06-21,18:53:00,CUST1273,DRV346,Bike,Rajajinagar,Koramangala,10.1,Success,Not Applicable,UPI,91.28,4.6,4.4,36.3,Friday,June,25,No,18,No,9.04,OK
OLA100343,2024-02-11,22:43:00,CUST1128,DRV274,Bike,Hebbal,Jayanagar,18.0,Success,Not Applicable,Ola Money,145.61,4.4,4.9,39.4,Sunday,February,6,Yes,22,No,8.09,OK
OLA100344,2024-05-23,19:47:00,CUST1331,DRV487,Sedan,Malleshwaram,Hebbal,11.5,Success,Not Applicable,Debit Card,196.79,5.0,3.9,34.1,Thursday,May,21,No,19,No,17.11,OK
OLA100345,2024-06-24,09:35:00,CUST1027,DRV206,Auto,Jayanagar,Airport (KIA),15.1,Cancelled by Driver,Too far from pickup,Not Applicable,0.0,,,0.0,Monday,June,26,No,9,Yes,0.0,OK
OLA100346,2024-05-30,14:38:00,CUST1100,DRV299,Mini,HSR Layout,Whitefield,7.3,Success,Not Applicable,Cash,100.91,3.8,4.9,21.6,Thursday,May,22,No,14,No,13.82,OK
OLA100347,2024-05-22,08:10:00,CUST1299,DRV330,Mini,KR Puram,Electronic City,5.1,Cancelled by Driver,Traffic/road closure,Not Applicable,0.0,,,0.0,Wednesday,May,21,No,8,Yes,0.0,OK
OLA100348,2024-01-14,18:40:00,CUST1315,DRV354,Sedan,Sarjapur Road,JP Nagar,14.9,Cancelled by Customer,Booked by mistake,Not Applicable,0.0,,,0.0,Sunday,January,2,Yes,18,Yes,0.0,OK
OLA100349,2024-05-14,08:11:00,CUST1266,DRV234,Auto,HSR Layout,KR Puram,8.0,Success,Not Applicable,Credit Card,95.29,5.0,3.8,28.3,Tuesday,May,20,No,8,No,11.91,OK
OLA100350,2024-03-25,10:13:00,CUST1385,DRV516,SUV,JP Nagar,Koramangala,8.7,Success,Not Applicable,Ola Money,175.04,4.7,5.0,30.3,Monday,March,13,No,10,No,20.12,OK
OLA100351,2024-03-03,21:43:00,CUST1164,DRV395,Bike,MG Road,Rajajinagar,5.1,Success,Not Applicable,Debit Card,53.3,4.2,4.4,21.8,Sunday,March,9,Yes,21,No,10.45,OK
OLA100352,2024-05-11,18:28:00,CUST1249,DRV222,Mini,Jayanagar,Banashankari,2.9,Cancelled by Driver,Customer not reachable,Not Applicable,0.0,,,0.0,Saturday,May,19,Yes,18,Yes,0.0,OK
OLA100353,2024-05-17,14:40:00,CUST1033,DRV307,Auto,Jayanagar,KR Puram,2.2,Success,Not Applicable,Debit Card,57.67,,,11.7,Friday,May,20,No,14,No,26.21,OK
OLA100354,2024-04-21,16:04:00,CUST1382,DRV278,Mini,Yelahanka,Indiranagar,3.9,Success,Not Applicable,Cash,60.53,3.5,4.5,13.4,Sunday,April,16,Yes,16,No,15.52,OK
OLA100355,2024-02-28,20:26:00,CUST1198,DRV430,Auto,Rajajinagar,Yelahanka,3.8,Success,Not Applicable,Credit Card,45.91,,,14.8,Wednesday,February,9,No,20,No,12.08,OK
OLA100356,2024-05-29,04:54:00,CUST1037,DRV383,Bike,MG Road,Yelahanka,10.8,Success,Not Applicable,Cash,103.41,4.1,4.2,40.3,Wednesday,May,22,No,4,No,9.57,OK
OLA100357,2024-04-11,19:01:00,CUST1242,DRV280,SUV,Electronic City,Rajajinagar,6.0,Cancelled by Customer,Booked by mistake,Not Applicable,0.0,,,0.0,Thursday,April,15,No,19,Yes,0.0,OK
OLA100358,2024-06-11,07:43:00,CUST1407,DRV391,Prime,Koramangala,Sarjapur Road,2.3,Success,Not Applicable,Cash,87.24,3.3,5.0,12.9,Tuesday,June,24,No,7,No,37.93,OK
OLA100359,2024-05-20,21:19:00,CUST1107,DRV376,Mini,Malleshwaram,Electronic City,9.3,Success,Not Applicable,UPI,122.13,4.7,4.8,22.0,Monday,May,21,No,21,No,13.13,OK
OLA100360,2024-05-25,19:54:00,CUST1384,DRV481,Sedan,JP Nagar,Whitefield,9.5,Success,Not Applicable,Cash,156.72,4.5,4.3,35.8,Saturday,May,21,Yes,19,No,16.5,OK
OLA100361,2024-03-25,10:42:00,CUST1335,DRV320,Mini,Domlur,Whitefield,8.4,Success,Not Applicable,UPI,134.4,3.3,4.4,26.4,Monday,March,13,No,10,No,16.0,OK
OLA100362,2024-05-29,07:36:00,CUST1186,DRV361,Prime,HSR Layout,Koramangala,3.1,Cancelled by Customer,Wrong pickup location,Not Applicable,0.0,,,0.0,Wednesday,May,22,No,7,Yes,0.0,OK
OLA100363,2024-06-13,12:53:00,CUST1184,DRV268,Auto,Yelahanka,Malleshwaram,6.0,Success,Not Applicable,UPI,51.29,4.9,3.6,12.9,Thursday,June,24,No,12,No,8.55,OK
OLA100364,2024-06-04,06:17:00,CUST1439,DRV271,Bike,Jayanagar,Hebbal,3.1,Success,Not Applicable,Ola Money,55.61,4.9,4.3,14.0,Tuesday,June,23,No,6,No,17.94,OK
OLA100365,2024-06-10,03:37:00,CUST1296,DRV407,Auto,Jayanagar,Indiranagar,5.4,Success,Not Applicable,Debit Card,74.75,4.4,3.7,15.0,Monday,June,24,No,3,No,13.84,OK
OLA100366,2024-04-03,11:57:00,CUST1395,DRV501,Auto,Hebbal,Electronic City,4.0,Success,Not Applicable,Credit Card,60.94,4.5,5.0,15.2,Wednesday,April,14,No,11,No,15.24,OK
OLA100367,2024-06-06,17:48:00,CUST1263,DRV271,Sedan,HSR Layout,Domlur,5.7,Success,Not Applicable,Cash,123.26,4.4,4.2,17.3,Thursday,June,23,No,17,No,21.62,OK
OLA100368,2024-04-01,03:48:00,CUST1249,DRV318,Mini,Banashankari,BTM Layout,6.5,Success,Not Applicable,Cash,87.78,4.6,4.3,16.9,Monday,April,14,No,3,No,13.5,OK
OLA100369,2024-04-26,19:02:00,CUST1332,DRV365,Mini,Malleshwaram,Marathahalli,7.7,Success,Not Applicable,Credit Card,124.75,3.5,5.0,21.1,Friday,April,17,No,19,No,16.2,OK
OLA100370,2024-04-03,15:57:00,CUST1427,DRV239,SUV,Bellandur,BTM Layout,2.6,Success,Not Applicable,Cash,77.29,3.9,4.8,10.1,Wednesday,April,14,No,15,No,29.73,OK
OLA100371,2024-06-03,00:56:00,CUST1071,DRV425,Mini,Whitefield,JP Nagar,4.2,Success,Not Applicable,Credit Card,80.5,3.9,4.5,16.4,Monday,June,23,No,0,No,19.17,OK
OLA100372,2024-01-31,17:26:00,CUST1415,DRV369,Auto,Airport (KIA),Malleshwaram,3.4,Success,Not Applicable,UPI,56.57,5.0,4.7,12.0,Wednesday,January,5,No,17,No,16.64,OK
OLA100373,2024-02-02,15:10:00,CUST1068,DRV462,Mini,Sarjapur Road,Electronic City,3.7,Success,Not Applicable,Cash,57.38,4.2,4.3,18.6,Friday,February,5,No,15,No,15.51,OK
OLA100374,2024-05-24,16:56:00,CUST1368,DRV345,Bike,Jayanagar,Airport (KIA),6.2,Success,Not Applicable,Cash,70.4,4.2,3.6,18.4,Friday,May,21,No,16,No,11.35,OK
OLA100375,2024-02-06,18:52:00,CUST1392,DRV293,Auto,Malleshwaram,Marathahalli,7.1,Success,Not Applicable,UPI,76.83,4.2,5.0,19.4,Tuesday,February,6,No,18,No,10.82,OK
OLA100376,2024-04-06,11:06:00,CUST1008,DRV303,SUV,Malleshwaram,Rajajinagar,3.5,Success,Not Applicable,Cash,102.8,5.0,4.9,17.7,Saturday,April,14,Yes,11,No,29.37,OK
OLA100377,2024-05-16,13:07:00,CUST1047,DRV446,Auto,Domlur,JP Nagar,11.5,Cancelled by Driver,Personal emergency,Not Applicable,0.0,,,0.0,Thursday,May,20,No,13,Yes,0.0,OK
OLA100378,2024-05-13,12:55:00,CUST1022,DRV471,Sedan,Airport (KIA),Bellandur,8.5,Cancelled by Customer,Wrong pickup location,Not Applicable,0.0,,,0.0,Monday,May,20,No,12,Yes,0.0,OK
OLA100379,2024-05-27,06:08:00,CUST1130,DRV444,Auto,Whitefield,Yelahanka,15.1,Success,Not Applicable,Debit Card,153.75,4.0,3.9,44.0,Monday,May,22,No,6,No,10.18,OK
OLA100380,2024-01-02,15:07:00,CUST1266,DRV203,Sedan,Jayanagar,Banashankari,3.9,Success,Not Applicable,UPI,81.87,3.6,4.0,15.3,Tuesday,January,1,No,15,No,20.99,OK
OLA100381,2024-05-17,12:23:00,CUST1313,DRV341,Prime,Bellandur,Jayanagar,6.2,Cancelled by Customer,Found alternate transport,Not Applicable,0.0,,,0.0,Friday,May,20,No,12,Yes,0.0,OK
OLA100382,2024-02-15,10:35:00,CUST1247,DRV329,Prime,Sarjapur Road,Banashankari,7.0,Success,Not Applicable,UPI,178.23,3.4,4.6,28.3,Thursday,February,7,No,10,No,25.46,OK
OLA100383,2024-02-28,12:44:00,CUST1082,DRV251,Mini,Bellandur,Yelahanka,19.0,Success,Not Applicable,Cash,248.03,5.0,3.8,43.6,Wednesday,February,9,No,12,No,13.05,OK
OLA100384,2024-06-11,00:05:00,CUST1421,DRV274,Sedan,Domlur,Rajajinagar,15.4,Success,Not Applicable,Credit Card,233.24,4.6,4.4,45.5,Tuesday,June,24,No,0,No,15.15,OK
OLA100385,2024-04-12,16:33:00,CUST1146,DRV505,Mini,HSR Layout,Malleshwaram,3.8,Success,Not Applicable,UPI,69.97,4.6,3.9,15.2,Friday,April,15,No,16,No,18.41,OK
OLA100386,2024-01-09,18:32:00,CUST1264,DRV318,SUV,Indiranagar,Bellandur,6.7,Success,Not Applicable,Debit Card,142.78,,,27.9,Tuesday,January,2,No,18,No,21.31,OK
OLA100387,2024-03-31,17:25:00,CUST1300,DRV302,SUV,Whitefield,MG Road,4.9,Success,Not Applicable,UPI,119.69,5.0,4.7,16.9,Sunday,March,13,Yes,17,No,24.43,OK
OLA100388,2024-03-11,08:12:00,CUST1232,DRV406,SUV,Marathahalli,HSR Layout,4.9,Success,Not Applicable,Wallet,115.41,5.0,4.5,19.2,Monday,March,11,No,8,No,23.55,OK
OLA100389,2024-05-11,21:56:00,CUST1275,DRV494,Mini,KR Puram,Bellandur,20.9,Success,Not Applicable,Cash,261.8,4.5,4.1,51.6,Saturday,May,19,Yes,21,No,12.53,OK
OLA100390,2024-04-27,20:55:00,CUST1014,Not Assigned,Mini,Whitefield,Rajajinagar,7.5,Driver Not Found,No drivers available in area,Not Applicable,0.0,,,0.0,Saturday,April,17,Yes,20,Yes,0.0,OK
OLA100391,2024-06-22,17:51:00,CUST1161,DRV411,Prime,Malleshwaram,Sarjapur Road,9.2,Cancelled by Customer,Driver taking too long,Not Applicable,0.0,,,0.0,Saturday,June,25,Yes,17,Yes,0.0,OK
OLA100392,2024-03-14,06:43:00,CUST1383,DRV375,Mini,HSR Layout,Malleshwaram,10.6,Success,Not Applicable,Debit Card,141.02,3.8,3.7,27.5,Thursday,March,11,No,6,No,13.3,OK
OLA100393,2024-02-18,13:12:00,CUST1120,DRV323,Bike,Jayanagar,Marathahalli,1.7,Success,Not Applicable,UPI,31.28,4.6,5.0,6.8,Sunday,February,7,Yes,13,No,18.4,OK
OLA100394,2024-01-21,17:42:00,CUST1252,DRV514,Mini,JP Nagar,Indiranagar,2.8,Success,Not Applicable,Ola Money,71.24,4.3,4.8,14.9,Sunday,January,3,Yes,17,No,25.44,OK
OLA100395,2024-05-27,19:31:00,CUST1093,DRV461,Mini,BTM Layout,Domlur,6.3,Success,Not Applicable,UPI,88.15,4.2,4.7,23.4,Monday,May,22,No,19,No,13.99,OK
OLA100396,2024-03-29,11:43:00,CUST1397,DRV289,Sedan,MG Road,JP Nagar,8.7,Success,Not Applicable,Cash,150.6,4.2,4.0,32.0,Friday,March,13,No,11,No,17.31,OK
OLA100397,2024-03-24,10:55:00,CUST1132,DRV295,SUV,BTM Layout,Hebbal,8.4,Success,Not Applicable,UPI,180.34,3.8,4.4,26.8,Sunday,March,12,Yes,10,No,21.47,OK
OLA100398,2024-06-28,18:23:00,CUST1437,DRV405,Mini,HSR Layout,Domlur,6.7,Success,Not Applicable,UPI,92.63,4.3,4.8,21.6,Friday,June,26,No,18,No,13.83,OK
OLA100399,2024-03-01,14:54:00,CUST1195,DRV300,Mini,Electronic City,Malleshwaram,13.4,Success,Not Applicable,Ola Money,186.57,4.6,3.1,40.1,Friday,March,9,No,14,No,13.92,OK
OLA100400,2024-05-12,14:20:00,CUST1402,DRV449,Sedan,JP Nagar,Domlur,6.3,Success,Not Applicable,UPI,104.63,3.9,4.3,21.9,Sunday,May,19,Yes,14,No,16.61,OK
OLA100401,2024-06-10,06:47:00,CUST1171,DRV333,Sedan,JP Nagar,Sarjapur Road,6.2,Success,Not Applicable,Ola Money,129.76,,,23.1,Monday,June,24,No,6,No,20.93,OK
OLA100402,2024-06-04,08:36:00,CUST1332,DRV475,Mini,Hebbal,Bellandur,3.9,Success,Not Applicable,UPI,67.65,3.7,4.3,12.8,Tuesday,June,23,No,8,No,17.35,OK
OLA100403,2024-06-06,09:40:00,CUST1074,DRV285,Auto,Yelahanka,KR Puram,2.6,Success,Not Applicable,UPI,54.74,4.7,3.9,7.6,Thursday,June,23,No,9,No,21.05,OK
OLA100404,2024-02-28,09:41:00,CUST1149,DRV336,SUV,Bellandur,Marathahalli,7.8,Cancelled by Customer,Booked by mistake,Not Applicable,0.0,,,0.0,Wednesday,February,9,No,9,Yes,0.0,OK
OLA100405,2024-05-30,14:28:00,CUST1211,DRV285,Mini,Koramangala,HSR Layout,5.3,Success,Not Applicable,UPI,95.13,5.0,4.1,16.4,Thursday,May,22,No,14,No,17.95,OK
OLA100406,2024-02-12,11:06:00,CUST1032,Not Assigned,SUV,Koramangala,Rajajinagar,4.6,Driver Not Found,No drivers available in area,Not Applicable,0.0,,,0.0,Monday,February,7,No,11,Yes,0.0,OK
OLA100407,2024-01-27,08:09:00,CUST1043,DRV399,Sedan,BTM Layout,Yelahanka,4.0,Success,Not Applicable,UPI,84.29,4.1,4.4,12.5,Saturday,January,4,Yes,8,No,21.07,OK
OLA100408,2024-04-01,19:20:00,CUST1442,DRV443,Sedan,JP Nagar,Marathahalli,3.7,Success,Not Applicable,Cash,83.26,4.6,5.0,12.3,Monday,April,14,No,19,No,22.5,OK
OLA100409,2024-04-26,16:40:00,CUST1449,DRV488,Sedan,JP Nagar,Hebbal,10.6,Success,Not Applicable,UPI,190.67,3.4,3.9,32.6,Friday,April,17,No,16,No,17.99,OK
OLA100410,2024-04-15,08:19:00,CUST1005,DRV200,SUV,Electronic City,Bellandur,5.3,Success,Not Applicable,Debit Card,119.0,3.5,4.3,16.5,Monday,April,16,No,8,No,22.45,OK
OLA100411,2024-03-17,00:27:00,CUST1408,DRV349,SUV,Koramangala,Sarjapur Road,2.7,Success,Not Applicable,UPI,74.81,3.2,4.8,10.6,Sunday,March,11,Yes,0,No,27.71,OK
OLA100412,2024-06-14,11:24:00,CUST1112,DRV334,Mini,BTM Layout,JP Nagar,9.5,Cancelled by Driver,Too far from pickup,Not Applicable,0.0,,,0.0,Friday,June,24,No,11,Yes,0.0,OK
OLA100413,2024-03-13,16:34:00,CUST1414,DRV337,Sedan,Whitefield,Jayanagar,4.1,Success,Not Applicable,Credit Card,76.5,2.7,4.8,14.8,Wednesday,March,11,No,16,No,18.66,OK
OLA100414,2024-05-05,08:01:00,CUST1077,DRV225,Prime,Koramangala,Jayanagar,3.5,Success,Not Applicable,UPI,114.17,3.4,4.5,15.3,Sunday,May,18,Yes,8,No,32.62,OK
OLA100415,2024-01-24,07:31:00,CUST1111,DRV375,Sedan,Airport (KIA),Banashankari,6.0,Cancelled by Customer,Booked by mistake,Not Applicable,0.0,,,0.0,Wednesday,January,4,No,7,Yes,0.0,OK
OLA100416,2024-01-21,19:09:00,CUST1028,DRV336,Auto,Whitefield,Sarjapur Road,8.6,Success,Not Applicable,Debit Card,97.9,5.0,4.3,24.2,Sunday,January,3,Yes,19,No,11.38,OK
OLA100417,2024-02-01,22:45:00,CUST1127,DRV397,Auto,KR Puram,BTM Layout,5.9,Success,Not Applicable,Cash,84.33,3.7,5.0,21.1,Thursday,February,5,No,22,No,14.29,OK
OLA100418,2024-02-23,13:43:00,CUST1159,DRV365,Mini,Indiranagar,Sarjapur Road,3.4,Success,Not Applicable,Ola Money,68.03,3.5,3.6,10.8,Friday,February,8,No,13,No,20.01,OK
OLA100419,2024-06-19,08:07:00,CUST1120,DRV422,Sedan,HSR Layout,Hebbal,13.9,Success,Not Applicable,Cash,227.14,4.2,5.0,46.8,Wednesday,June,25,No,8,No,16.34,OK
OLA100420,2024-06-25,13:38:00,CUST1079,DRV390,Auto,BTM Layout,HSR Layout,2.8,Success,Not Applicable,Debit Card,52.4,4.7,4.2,15.2,Tuesday,June,26,No,13,No,18.71,OK
OLA100421,2024-01-16,05:41:00,CUST1078,Not Assigned,Auto,Electronic City,Malleshwaram,19.4,Driver Not Found,No drivers available in area,Not Applicable,0.0,,,0.0,Tuesday,January,3,No,5,Yes,0.0,OK
OLA100422,2024-06-14,18:51:00,CUST1224,DRV298,Mini,Bellandur,Banashankari,4.0,Success,Not Applicable,Cash,80.73,,,19.2,Friday,June,24,No,18,No,20.18,OK
OLA100423,2024-05-18,17:12:00,CUST1290,DRV295,SUV,Yelahanka,Airport (KIA),6.2,Cancelled by Customer,Price too high,Not Applicable,0.0,,,0.0,Saturday,May,20,Yes,17,Yes,0.0,OK
OLA100424,2024-02-11,05:09:00,CUST1230,DRV351,Bike,JP Nagar,Banashankari,3.6,Success,Not Applicable,Ola Money,50.22,5.0,4.5,15.0,Sunday,February,6,Yes,5,No,13.95,OK
OLA100425,2024-06-07,19:49:00,CUST1317,DRV322,Sedan,Whitefield,Sarjapur Road,4.7,Success,Not Applicable,UPI,105.37,4.4,4.0,16.8,Friday,June,23,No,19,No,22.42,OK
OLA100426,2024-03-13,09:41:00,CUST1164,DRV256,Mini,Whitefield,Indiranagar,12.7,Success,Not Applicable,Cash,179.76,5.0,4.1,28.4,Wednesday,March,11,No,9,No,14.15,OK
OLA100427,2024-01-26,03:41:00,CUST1428,DRV398,Auto,Malleshwaram,Domlur,3.0,Success,Not Applicable,Ola Money,46.68,4.6,4.5,9.2,Friday,January,4,No,3,No,15.56,OK
OLA100428,2024-02-23,17:59:00,CUST1426,DRV240,Sedan,Indiranagar,Bellandur,3.8,Cancelled by Driver,Personal emergency,Not Applicable,0.0,,,0.0,Friday,February,8,No,17,Yes,0.0,OK
OLA100429,2024-04-04,18:03:00,CUST1421,DRV515,Mini,Indiranagar,MG Road,10.8,Success,Not Applicable,UPI,158.83,3.8,3.8,35.9,Thursday,April,14,No,18,No,14.71,OK
OLA100430,2024-02-29,14:12:00,CUST1098,DRV469,Auto,Sarjapur Road,HSR Layout,4.3,Success,Not Applicable,Cash,66.15,5.0,4.7,15.7,Thursday,February,9,No,14,No,15.38,OK
OLA100431,2024-06-21,12:42:00,CUST1218,DRV253,Mini,HSR Layout,Sarjapur Road,8.0,Success,Not Applicable,Cash,115.05,5.0,5.0,31.7,Friday,June,25,No,12,No,14.38,OK
OLA100432,2024-03-31,20:35:00,CUST1166,DRV390,Sedan,Rajajinagar,Yelahanka,16.4,Success,Not Applicable,Ola Money,262.85,4.6,4.9,53.5,Sunday,March,13,Yes,20,No,16.03,OK
OLA100433,2024-03-06,10:28:00,CUST1229,DRV403,Mini,Indiranagar,Yelahanka,4.8,Success,Not Applicable,UPI,85.67,3.8,4.1,12.8,Wednesday,March,10,No,10,No,17.85,OK
OLA100434,2024-02-26,08:20:00,CUST1011,DRV341,Bike,Malleshwaram,Sarjapur Road,2.5,Success,Not Applicable,UPI,47.12,5.0,3.8,12.5,Monday,February,9,No,8,No,18.85,OK
OLA100435,2024-03-08,10:37:00,CUST1127,DRV319,Mini,Hebbal,Whitefield,5.2,Success,Not Applicable,UPI,89.31,4.1,3.7,17.3,Friday,March,10,No,10,No,17.18,OK
OLA100436,2024-05-03,07:52:00,CUST1353,DRV495,Bike,MG Road,Yelahanka,10.4,Cancelled by Customer,Found alternate transport,Not Applicable,0.0,,,0.0,Friday,May,18,No,7,Yes,0.0,OK
OLA100437,2024-01-21,18:58:00,CUST1394,DRV371,Sedan,Rajajinagar,KR Puram,5.4,Success,Not Applicable,Ola Money,118.51,4.5,5.0,17.7,Sunday,January,3,Yes,18,No,21.95,OK
OLA100438,2024-01-03,16:40:00,CUST1195,DRV227,Sedan,Indiranagar,Banashankari,5.5,Success,Not Applicable,UPI,108.2,4.7,5.0,16.5,Wednesday,January,1,No,16,No,19.67,OK
OLA100440,2024-01-13,14:16:00,CUST1043,DRV404,SUV,Electronic City,HSR Layout,5.7,Success,Not Applicable,Cash,132.03,4.0,4.7,20.0,Saturday,January,2,Yes,14,No,23.16,OK
OLA100441,2024-05-14,08:04:00,CUST1136,DRV420,Sedan,Sarjapur Road,Whitefield,12.3,Success,Not Applicable,UPI,190.58,4.3,5.0,35.1,Tuesday,May,20,No,8,No,15.49,OK
OLA100442,2024-06-16,02:19:00,CUST1086,DRV379,SUV,KR Puram,Electronic City,11.3,Cancelled by Driver,Customer not reachable,Not Applicable,0.0,,,0.0,Sunday,June,24,Yes,2,Yes,0.0,OK
OLA100443,2024-02-21,17:09:00,CUST1387,DRV243,Mini,Indiranagar,Marathahalli,8.5,Cancelled by Driver,Too far from pickup,Not Applicable,0.0,,,0.0,Wednesday,February,8,No,17,Yes,0.0,OK
OLA100444,2024-01-04,10:51:00,CUST1056,DRV356,Sedan,Koramangala,Banashankari,1.8,Success,Not Applicable,UPI,46.47,5.0,4.7,10.3,Thursday,January,1,No,10,No,25.82,OK
OLA100445,2024-05-03,16:09:00,CUST1355,DRV209,Sedan,Malleshwaram,Indiranagar,5.5,Success,Not Applicable,UPI,99.66,3.6,4.8,22.0,Friday,May,18,No,16,No,18.12,OK
OLA100446,2024-04-29,17:00:00,CUST1034,DRV398,Auto,Banashankari,MG Road,3.2,Cancelled by Customer,Wrong pickup location,Not Applicable,0.0,,,0.0,Monday,April,18,No,17,Yes,0.0,OK
OLA100447,2024-04-08,08:24:00,CUST1260,DRV250,Bike,Airport (KIA),Sarjapur Road,5.3,Success,Not Applicable,Credit Card,49.44,3.8,4.5,15.4,Monday,April,15,No,8,No,9.33,OK
OLA100448,2024-01-11,08:33:00,CUST1156,DRV370,Sedan,HSR Layout,Koramangala,2.3,Success,Not Applicable,Wallet,57.6,3.6,4.6,8.6,Thursday,January,2,No,8,No,25.04,OK
OLA100449,2024-05-08,09:03:00,CUST1320,DRV331,Bike,Koramangala,Sarjapur Road,12.1,Success,Not Applicable,UPI,116.07,3.9,3.7,36.2,Wednesday,May,19,No,9,No,9.59,OK
OLA100450,2024-04-07,14:43:00,CUST1313,DRV520,Auto,Rajajinagar,BTM Layout,2.8,Success,Not Applicable,Cash,54.59,4.7,4.2,13.1,Sunday,April,14,Yes,14,No,19.5,OK
OLA100451,2024-02-03,08:08:00,CUST1297,DRV477,Auto,Jayanagar,Electronic City,15.8,Success,Not Applicable,Wallet,150.67,4.1,3.6,40.2,Saturday,February,5,Yes,8,No,9.54,OK
OLA100452,2024-02-07,17:36:00,CUST1080,DRV362,Mini,JP Nagar,MG Road,13.8,Cancelled by Customer,Driver taking too long,Not Applicable,0.0,,,0.0,Wednesday,February,6,No,17,Yes,0.0,OK
OLA100453,2024-01-08,18:56:00,CUST1211,DRV410,Sedan,Marathahalli,Electronic City,2.1,Success,Not Applicable,Credit Card,67.77,5.0,4.5,12.7,Monday,January,2,No,18,No,32.27,OK
OLA100454,2024-03-09,16:39:00,CUST1118,DRV505,Mini,Koramangala,Bellandur,3.4,Success,Not Applicable,Cash,54.78,4.0,4.5,17.3,Saturday,March,10,Yes,16,No,16.11,OK
OLA100455,2024-06-15,10:54:00,CUST1198,DRV451,Sedan,HSR Layout,BTM Layout,14.4,Success,Not Applicable,Wallet,223.39,5.0,5.0,34.9,Saturday,June,24,Yes,10,No,15.51,OK
OLA100456,2024-02-26,18:12:00,CUST1387,DRV304,Mini,KR Puram,Malleshwaram,10.6,Cancelled by Customer,Driver taking too long,Not Applicable,0.0,,,0.0,Monday,February,9,No,18,Yes,0.0,OK
OLA100457,2024-04-19,11:02:00,CUST1311,DRV394,Auto,Bellandur,Domlur,9.6,Success,Not Applicable,Cash,109.61,4.0,5.0,25.8,Friday,April,16,No,11,No,11.42,OK
OLA100458,2024-04-25,12:56:00,CUST1021,DRV325,SUV,Bellandur,Indiranagar,3.9,Success,Not Applicable,UPI,101.93,,,11.0,Thursday,April,17,No,12,No,26.14,OK
OLA100459,2024-04-11,19:49:00,CUST1423,DRV346,Sedan,Rajajinagar,Hebbal,2.8,Success,Not Applicable,Debit Card,72.59,4.2,4.0,9.5,Thursday,April,15,No,19,No,25.93,OK
OLA100460,2024-04-25,06:32:00,CUST1057,DRV292,Auto,JP Nagar,Electronic City,5.5,Success,Not Applicable,Ola Money,70.79,5.0,4.7,22.7,Thursday,April,17,No,6,No,12.87,OK
OLA100461,2024-02-21,19:05:00,CUST1128,DRV365,Auto,HSR Layout,MG Road,3.0,Success,Not Applicable,Credit Card,41.74,5.0,4.2,9.2,Wednesday,February,8,No,19,No,13.91,OK
OLA100462,2024-05-10,16:10:00,CUST1193,DRV481,Sedan,HSR Layout,Banashankari,7.1,Success,Not Applicable,UPI,131.36,4.1,4.9,28.4,Friday,May,19,No,16,No,18.5,OK
OLA100463,2024-01-14,12:19:00,CUST1373,Not Assigned,Mini,HSR Layout,MG Road,17.1,Driver Not Found,No drivers available in area,Not Applicable,0.0,,,0.0,Sunday,January,2,Yes,12,Yes,0.0,OK
OLA100464,2024-01-01,16:16:00,CUST1006,DRV434,Sedan,Airport (KIA),Sarjapur Road,14.4,Success,Not Applicable,Credit Card,240.82,4.4,3.5,38.0,Monday,January,1,No,16,No,16.72,OK
OLA100465,2024-04-26,11:05:00,CUST1307,DRV507,Mini,JP Nagar,Marathahalli,7.4,Success,Not Applicable,UPI,114.99,4.2,4.9,17.3,Friday,April,17,No,11,No,15.54,OK
OLA100466,2024-06-16,10:09:00,CUST1437,DRV216,Auto,Domlur,Hebbal,5.3,Success,Not Applicable,UPI,67.33,,,24.2,Sunday,June,24,Yes,10,No,12.7,OK
OLA100467,2024-03-13,16:44:00,CUST1358,DRV504,SUV,JP Nagar,HSR Layout,2.7,Success,Not Applicable,Debit Card,92.59,2.6,4.5,9.2,Wednesday,March,11,No,16,No,34.29,OK
OLA100468,2024-03-23,10:24:00,CUST1419,DRV234,Auto,JP Nagar,Whitefield,4.7,Success,Not Applicable,Cash,61.38,5.0,4.2,13.8,Saturday,March,12,Yes,10,No,13.06,OK
OLA100469,2024-05-14,08:13:00,CUST1313,DRV229,Mini,Malleshwaram,Whitefield,4.0,Success,Not Applicable,UPI,73.51,4.6,4.6,15.6,Tuesday,May,20,No,8,No,18.38,OK
OLA100470,2024-06-04,19:16:00,CUST1269,DRV494,Prime,Banashankari,Electronic City,4.1,Success,Not Applicable,Debit Card,115.43,4.2,4.3,13.7,Tuesday,June,23,No,19,No,28.15,OK
OLA100471,2024-06-05,08:18:00,CUST1099,DRV200,Mini,KR Puram,MG Road,3.3,Success,Not Applicable,UPI,73.42,3.8,4.0,11.9,Wednesday,June,23,No,8,No,22.25,OK
OLA100472,2024-03-30,14:40:00,CUST1108,DRV205,Auto,Hebbal,Marathahalli,3.2,Success,Not Applicable,UPI,64.31,5.0,4.3,11.6,Saturday,March,13,Yes,14,No,20.1,OK
OLA100473,2024-06-24,09:25:00,CUST1370,DRV491,SUV,Koramangala,Jayanagar,5.9,Cancelled by Customer,Wrong pickup location,Not Applicable,0.0,,,0.0,Monday,June,26,No,9,Yes,0.0,OK
OLA100474,2024-05-02,20:51:00,CUST1018,DRV269,Sedan,KR Puram,Sarjapur Road,3.7,Success,Not Applicable,UPI,93.68,2.8,4.8,15.1,Thursday,May,18,No,20,No,25.32,OK
OLA100475,2024-05-13,09:46:00,CUST1347,DRV361,SUV,Koramangala,BTM Layout,9.4,Success,Not Applicable,UPI,201.52,4.1,4.5,25.1,Monday,May,20,No,9,No,21.44,OK
OLA100476,2024-02-08,09:01:00,CUST1173,DRV392,Auto,HSR Layout,Domlur,6.4,Success,Not Applicable,UPI,84.37,3.4,4.1,26.3,Thursday,February,6,No,9,No,13.18,OK
OLA100477,2024-03-21,17:17:00,CUST1211,Not Assigned,Sedan,BTM Layout,Bellandur,9.7,Driver Not Found,No drivers available in area,Not Applicable,0.0,,,0.0,Thursday,March,12,No,17,Yes,0.0,OK
OLA100478,2024-02-25,14:11:00,CUST1057,DRV391,Auto,Jayanagar,Whitefield,2.5,Success,Not Applicable,UPI,48.31,4.6,4.4,11.1,Sunday,February,8,Yes,14,No,19.32,OK
OLA100479,2024-05-03,18:33:00,CUST1158,DRV367,Mini,MG Road,JP Nagar,2.0,Success,Not Applicable,Credit Card,57.3,5.0,4.2,9.0,Friday,May,18,No,18,No,28.65,OK
OLA100480,2024-05-13,07:19:00,CUST1022,DRV504,Bike,Yelahanka,Airport (KIA),4.2,Success,Not Applicable,UPI,66.88,4.4,5.0,15.2,Monday,May,20,No,7,No,15.92,OK
OLA100481,2024-03-20,16:13:00,CUST1164,DRV302,Mini,Marathahalli,Sarjapur Road,3.0,Success,Not Applicable,UPI,57.57,4.3,4.3,12.1,Wednesday,March,12,No,16,No,19.19,OK
OLA100482,2024-01-04,21:35:00,CUST1263,DRV252,Mini,Banashankari,Sarjapur Road,6.6,Success,Not Applicable,UPI,97.15,3.8,4.4,17.9,Thursday,January,1,No,21,No,14.72,OK
OLA100483,2024-01-19,09:57:00,CUST1173,DRV476,Sedan,Electronic City,Koramangala,2.9,Success,Not Applicable,Cash,69.72,2.5,4.2,11.3,Friday,January,3,No,9,No,24.04,OK
OLA100484,2024-02-15,17:57:00,CUST1303,DRV428,SUV,Hebbal,Banashankari,18.1,Success,Not Applicable,Wallet,365.32,4.7,5.0,44.8,Thursday,February,7,No,17,No,20.18,OK
OLA100485,2024-04-29,15:05:00,CUST1416,DRV439,Mini,Hebbal,Airport (KIA),6.1,Cancelled by Driver,Customer not reachable,Not Applicable,0.0,,,0.0,Monday,April,18,No,15,Yes,0.0,OK
OLA100486,2024-06-06,08:23:00,CUST1200,DRV293,Auto,Yelahanka,Banashankari,3.7,Success,Not Applicable,Cash,58.2,3.9,4.0,13.1,Thursday,June,23,No,8,No,15.73,OK
OLA100487,2024-02-13,09:22:00,CUST1309,DRV494,Mini,MG Road,Rajajinagar,4.4,Cancelled by Customer,Booked by mistake,Not Applicable,0.0,,,0.0,Tuesday,February,7,No,9,Yes,0.0,OK
OLA100488,2024-05-22,16:50:00,CUST1154,DRV472,Sedan,Sarjapur Road,Rajajinagar,3.2,Success,Not Applicable,UPI,66.96,4.5,4.3,14.4,Wednesday,May,21,No,16,No,20.92,OK
OLA100489,2024-02-23,18:37:00,CUST1220,DRV422,SUV,Yelahanka,Sarjapur Road,5.0,Success,Not Applicable,Credit Card,125.82,3.4,4.4,17.4,Friday,February,8,No,18,No,25.16,OK
OLA100490,2024-05-04,07:38:00,CUST1237,DRV366,SUV,KR Puram,HSR Layout,3.7,Success,Not Applicable,Cash,90.84,4.2,5.0,14.5,Saturday,May,18,Yes,7,No,24.55,OK
OLA100491,2024-04-07,09:41:00,CUST1338,DRV231,Mini,Electronic City,Domlur,7.3,Success,Not Applicable,UPI,122.4,3.8,5.0,27.2,Sunday,April,14,Yes,9,No,16.77,OK
OLA100492,2024-05-16,09:39:00,CUST1295,DRV428,Mini,Yelahanka,Hebbal,4.1,Cancelled by Driver,Too far from pickup,Not Applicable,0.0,,,0.0,Thursday,May,20,No,9,Yes,0.0,OK
OLA100493,2024-04-21,17:58:00,CUST1176,DRV245,SUV,Domlur,Malleshwaram,6.5,Success,Not Applicable,Cash,144.13,3.4,4.6,21.8,Sunday,April,16,Yes,17,No,22.17,OK
OLA100494,2024-01-14,00:35:00,CUST1420,DRV383,Mini,Hebbal,Koramangala,6.3,Success,Not Applicable,Cash,167.26,4.0,5.0,37.6,Sunday,January,2,Yes,0,No,26.55,OK
OLA100495,2024-04-07,12:13:00,CUST1339,DRV288,Sedan,Jayanagar,Sarjapur Road,6.3,Cancelled by Driver,Personal emergency,Not Applicable,0.0,,,0.0,Sunday,April,14,Yes,12,Yes,0.0,OK
OLA100496,2024-02-09,09:55:00,CUST1343,DRV264,Mini,Whitefield,Koramangala,10.0,Cancelled by Driver,Personal emergency,Not Applicable,0.0,,,0.0,Friday,February,6,No,9,Yes,0.0,OK
OLA100497,2024-02-04,06:41:00,CUST1412,DRV412,Bike,Domlur,Rajajinagar,3.9,Success,Not Applicable,Cash,57.1,4.9,4.3,16.7,Sunday,February,5,Yes,6,No,14.64,OK
OLA100498,2024-02-27,08:38:00,CUST1003,DRV495,Sedan,BTM Layout,JP Nagar,8.1,Cancelled by Driver,Traffic/road closure,Not Applicable,0.0,,,0.0,Tuesday,February,9,No,8,Yes,0.0,OK
OLA100499,2024-04-03,03:02:00,CUST1290,DRV447,Auto,MG Road,Domlur,4.8,Success,Not Applicable,Wallet,67.85,4.1,4.5,20.8,Wednesday,April,14,No,3,No,14.14,OK
OLA100500,2024-03-12,12:05:00,CUST1267,DRV512,Mini,Airport (KIA),Whitefield,9.5,Success,Not Applicable,Ola Money,140.02,5.0,3.9,27.5,Tuesday,March,11,No,12,No,14.74,OK
OLA100501,2024-05-16,18:30:00,CUST1232,Not Assigned,Bike,Sarjapur Road,Yelahanka,6.1,Driver Not Found,No drivers available in area,Not Applicable,0.0,,,0.0,Thursday,May,20,No,18,Yes,0.0,OK
OLA100502,2024-03-16,09:02:00,CUST1355,DRV505,Auto,Sarjapur Road,Marathahalli,13.5,Success,Not Applicable,Wallet,124.84,3.7,4.6,42.1,Saturday,March,11,Yes,9,No,9.25,OK
OLA100503,2024-06-08,02:31:00,CUST1042,DRV264,SUV,Marathahalli,Hebbal,5.3,Success,Not Applicable,UPI,114.38,,,12.7,Saturday,June,23,Yes,2,No,21.58,OK
OLA100504,2024-02-14,20:47:00,CUST1077,DRV428,Sedan,HSR Layout,Hebbal,5.1,Success,Not Applicable,UPI,109.88,,,20.1,Wednesday,February,7,No,20,No,21.55,OK
OLA100505,2024-01-22,21:38:00,CUST1420,DRV278,Bike,Rajajinagar,Bellandur,6.8,Success,Not Applicable,Credit Card,62.94,4.1,4.5,18.4,Monday,January,4,No,21,No,9.26,OK
OLA100506,2024-03-29,05:16:00,CUST1386,DRV259,Mini,KR Puram,Bellandur,7.3,Success,Not Applicable,UPI,109.59,3.7,5.0,21.5,Friday,March,13,No,5,No,15.01,OK
OLA100507,2024-06-23,17:30:00,CUST1134,DRV274,SUV,Rajajinagar,Koramangala,12.9,Cancelled by Customer,Found alternate transport,Not Applicable,0.0,,,0.0,Sunday,June,25,Yes,17,Yes,0.0,OK
OLA100508,2024-06-22,09:33:00,CUST1349,DRV221,Mini,JP Nagar,Banashankari,5.6,Success,Not Applicable,UPI,105.29,5.0,4.4,18.0,Saturday,June,25,Yes,9,No,18.8,OK
OLA100509,2024-03-09,18:16:00,CUST1335,DRV499,Sedan,BTM Layout,Domlur,3.1,Success,Not Applicable,UPI,81.51,4.0,4.1,14.7,Saturday,March,10,Yes,18,No,26.29,OK
OLA100510,2024-01-03,17:53:00,CUST1034,DRV206,Sedan,Malleshwaram,MG Road,5.8,Success,Not Applicable,UPI,99.96,5.0,4.2,13.3,Wednesday,January,1,No,17,No,17.23,OK
OLA100511,2024-06-07,06:38:00,CUST1336,DRV311,Prime,MG Road,Electronic City,12.2,Success,Not Applicable,Credit Card,261.59,5.0,4.3,38.0,Friday,June,23,No,6,No,21.44,OK
OLA100512,2024-02-17,20:44:00,CUST1094,DRV329,Mini,Whitefield,Airport (KIA),12.3,Success,Not Applicable,Debit Card,177.98,3.8,4.6,38.2,Saturday,February,7,Yes,20,No,14.47,OK
OLA100513,2024-03-23,08:49:00,CUST1037,DRV341,Auto,Bellandur,Rajajinagar,2.7,Success,Not Applicable,Cash,46.58,5.0,4.2,8.8,Saturday,March,12,Yes,8,No,17.25,OK
OLA100514,2024-05-05,22:12:00,CUST1312,DRV401,Mini,Airport (KIA),MG Road,8.3,Success,Not Applicable,Ola Money,110.62,4.8,3.7,29.5,Sunday,May,18,Yes,22,No,13.33,OK
OLA100515,2024-03-07,06:04:00,CUST1036,DRV492,Auto,KR Puram,Koramangala,6.5,Success,Not Applicable,Credit Card,93.9,5.0,4.9,22.1,Thursday,March,10,No,6,No,14.45,OK
OLA100516,2024-03-09,07:21:00,CUST1200,DRV494,Mini,Airport (KIA),Malleshwaram,6.3,Cancelled by Customer,Change of plans,Not Applicable,0.0,,,0.0,Saturday,March,10,Yes,7,Yes,0.0,OK
OLA100517,2024-05-18,08:24:00,CUST1352,DRV446,Mini,JP Nagar,Banashankari,7.5,Success,Not Applicable,Credit Card,107.5,4.6,3.8,32.0,Saturday,May,20,Yes,8,No,14.33,OK
OLA100518,2024-04-03,14:21:00,CUST1041,DRV435,Auto,Hebbal,Jayanagar,9.9,Success,Not Applicable,Credit Card,99.5,4.7,5.0,28.6,Wednesday,April,14,No,14,No,10.05,OK
OLA100519,2024-01-28,16:22:00,CUST1249,DRV243,Bike,KR Puram,Jayanagar,5.5,Success,Not Applicable,Cash,52.2,3.7,4.5,17.3,Sunday,January,4,Yes,16,No,9.49,OK
OLA100520,2024-01-17,18:41:00,CUST1157,DRV455,SUV,KR Puram,Koramangala,11.5,Success,Not Applicable,UPI,223.11,4.0,4.4,26.0,Wednesday,January,3,No,18,No,19.4,OK
OLA100521,2024-06-16,17:29:00,CUST1347,DRV474,Mini,Sarjapur Road,BTM Layout,7.4,Success,Not Applicable,Cash,124.14,4.4,4.2,28.1,Sunday,June,24,Yes,17,No,16.78,OK
OLA100522,2024-06-07,04:44:00,CUST1332,DRV266,Mini,Indiranagar,Yelahanka,9.5,Success,Not Applicable,UPI,144.12,4.7,4.7,28.5,Friday,June,23,No,4,No,15.17,OK
OLA100523,2024-01-28,07:38:00,CUST1409,DRV515,Mini,Jayanagar,KR Puram,3.2,Cancelled by Customer,Wrong pickup location,Not Applicable,0.0,,,0.0,Sunday,January,4,Yes,7,Yes,0.0,OK
OLA100524,2024-06-22,11:07:00,CUST1350,DRV494,SUV,Yelahanka,Jayanagar,11.4,Success,Not Applicable,UPI,243.13,4.5,5.0,32.9,Saturday,June,25,Yes,11,No,21.33,OK
OLA100525,2024-04-16,07:23:00,CUST1283,DRV284,Sedan,Sarjapur Road,Indiranagar,5.2,Cancelled by Customer,Wrong pickup location,Not Applicable,0.0,,,0.0,Tuesday,April,16,No,7,Yes,0.0,OK
OLA100526,2024-06-05,10:10:00,CUST1008,DRV449,Mini,Koramangala,Jayanagar,4.8,Success,Not Applicable,Credit Card,95.58,4.8,3.6,14.6,Wednesday,June,23,No,10,No,19.91,OK
OLA100527,2024-05-01,17:13:00,CUST1073,DRV338,SUV,Rajajinagar,BTM Layout,2.9,Success,Not Applicable,Cash,95.34,3.7,4.6,12.5,Wednesday,May,18,No,17,No,32.88,OK
OLA100528,2024-01-23,16:50:00,CUST1154,Not Assigned,Sedan,JP Nagar,BTM Layout,10.3,Driver Not Found,No drivers available in area,Not Applicable,0.0,,,0.0,Tuesday,January,4,No,16,Yes,0.0,OK
OLA100529,2024-01-25,16:55:00,CUST1389,DRV476,SUV,KR Puram,Jayanagar,5.6,Success,Not Applicable,Wallet,124.09,4.2,4.4,17.6,Thursday,January,4,No,16,No,22.16,OK
OLA100530,2024-05-01,13:10:00,CUST1343,DRV222,Mini,Banashankari,Hebbal,4.4,Success,Not Applicable,Cash,69.69,4.3,5.0,17.3,Wednesday,May,18,No,13,No,15.84,OK
OLA100531,2024-01-27,18:59:00,CUST1275,DRV290,Mini,Koramangala,Malleshwaram,3.2,Success,Not Applicable,Cash,65.65,4.4,4.5,13.7,Saturday,January,4,Yes,18,No,20.52,OK
OLA100532,2024-04-17,08:43:00,CUST1166,DRV317,Auto,Yelahanka,BTM Layout,8.9,Success,Not Applicable,UPI,89.14,4.4,4.9,21.9,Wednesday,April,16,No,8,No,10.02,OK
OLA100533,2024-04-30,15:03:00,CUST1223,DRV274,Mini,Domlur,KR Puram,1.0,Success,Not Applicable,UPI,31.34,4.7,5.0,5.6,Tuesday,April,18,No,15,No,31.34,OK
OLA100534,2024-03-10,08:08:00,CUST1016,DRV491,Mini,Electronic City,MG Road,4.8,Success,Not Applicable,Ola Money,93.35,4.2,4.9,18.2,Sunday,March,10,Yes,8,No,19.45,OK
OLA100535,2024-06-03,07:50:00,CUST1326,DRV513,Bike,Sarjapur Road,JP Nagar,14.9,Success,Not Applicable,Wallet,130.05,5.0,3.9,34.7,Monday,June,23,No,7,No,8.73,OK
OLA100536,2024-05-31,13:29:00,CUST1142,DRV207,Auto,BTM Layout,Marathahalli,9.6,Success,Not Applicable,UPI,101.62,4.2,4.0,24.4,Friday,May,22,No,13,No,10.59,OK
OLA100537,2024-05-26,20:26:00,CUST1022,DRV220,Prime,Malleshwaram,Indiranagar,5.4,Success,Not Applicable,UPI,135.77,4.3,5.0,17.2,Sunday,May,21,Yes,20,No,25.14,OK
OLA100538,2024-05-06,08:35:00,CUST1385,DRV206,Auto,Rajajinagar,Jayanagar,4.0,Success,Not Applicable,Cash,50.98,4.4,4.2,11.4,Monday,May,19,No,8,No,12.74,OK
OLA100539,2024-03-19,07:29:00,CUST1439,DRV492,Auto,Koramangala,Airport (KIA),1.3,Success,Not Applicable,Ola Money,39.31,4.0,4.1,5.9,Tuesday,March,12,No,7,No,30.24,OK
OLA100540,2024-06-09,12:40:00,CUST1000,DRV236,Sedan,Yelahanka,JP Nagar,2.3,Success,Not Applicable,Cash,48.18,4.3,4.0,14.0,Sunday,June,23,Yes,12,No,20.95,OK
OLA100541,2024-02-23,18:05:00,CUST1317,DRV371,Auto,Indiranagar,JP Nagar,3.9,Success,Not Applicable,UPI,74.56,4.1,4.0,10.4,Friday,February,8,No,18,No,19.12,OK
OLA100542,2024-06-07,04:23:00,CUST1089,DRV486,Auto,JP Nagar,Jayanagar,7.3,Success,Not Applicable,Credit Card,77.55,5.0,4.6,23.0,Friday,June,23,No,4,No,10.62,OK
OLA100543,2024-05-28,19:44:00,CUST1107,DRV315,Sedan,Marathahalli,JP Nagar,5.4,Success,Not Applicable,Cash,111.01,4.4,4.0,21.2,Tuesday,May,22,No,19,No,20.56,OK
OLA100544,2024-05-14,19:30:00,CUST1363,DRV472,Auto,JP Nagar,Hebbal,4.9,Success,Not Applicable,Wallet,67.76,3.8,4.4,16.9,Tuesday,May,20,No,19,No,13.83,OK
OLA100545,2024-01-17,08:56:00,CUST1234,DRV244,Mini,HSR Layout,Yelahanka,11.3,Success,Not Applicable,UPI,168.05,3.9,3.6,36.1,Wednesday,January,3,No,8,No,14.87,OK
OLA100546,2024-02-08,19:33:00,CUST1321,DRV211,Mini,JP Nagar,Electronic City,1.7,Success,Not Applicable,UPI,47.92,3.3,4.8,5.7,Thursday,February,6,No,19,No,28.19,OK
OLA100547,2024-01-06,19:14:00,CUST1427,DRV466,Auto,Rajajinagar,Domlur,14.3,Success,Not Applicable,Credit Card,139.68,4.0,4.5,43.6,Saturday,January,1,Yes,19,No,9.77,OK
OLA100548,2024-05-20,12:19:00,CUST1290,DRV267,Bike,Hebbal,HSR Layout,14.9,Success,Not Applicable,Ola Money,128.08,4.8,4.0,42.3,Monday,May,21,No,12,No,8.6,OK
OLA100549,2024-02-07,10:29:00,CUST1085,DRV516,Bike,JP Nagar,Hebbal,1.3,Success,Not Applicable,Debit Card,28.27,4.2,3.9,10.2,Wednesday,February,6,No,10,No,21.75,OK
OLA100551,2024-04-05,12:10:00,CUST1273,DRV354,Mini,Koramangala,Rajajinagar,5.4,Success,Not Applicable,UPI,102.33,3.6,5.0,17.9,Friday,April,14,No,12,No,18.95,OK
OLA100552,2024-05-19,22:21:00,CUST1331,DRV351,Sedan,Hebbal,Domlur,5.7,Cancelled by Customer,Wrong pickup location,Not Applicable,0.0,,,0.0,Sunday,May,20,Yes,22,Yes,0.0,OK
OLA100553,2024-04-23,10:07:00,CUST1374,DRV445,Bike,Electronic City,Sarjapur Road,6.1,Success,Not Applicable,UPI,55.11,4.9,4.5,17.1,Tuesday,April,17,No,10,No,9.03,OK
OLA100554,2024-03-24,05:41:00,CUST1099,DRV498,SUV,Marathahalli,Jayanagar,4.0,Success,Not Applicable,UPI,87.68,4.5,4.4,15.9,Sunday,March,12,Yes,5,No,21.92,OK
OLA100555,2024-05-11,11:31:00,CUST1162,DRV508,SUV,Indiranagar,Bellandur,3.7,Success,Not Applicable,UPI,93.53,4.3,4.3,13.6,Saturday,May,19,Yes,11,No,25.28,OK
OLA100556,2024-03-29,10:28:00,CUST1447,DRV487,Mini,KR Puram,Rajajinagar,5.6,Success,Not Applicable,Cash,100.71,3.2,3.4,19.3,Friday,March,13,No,10,No,17.98,OK
OLA100557,2024-04-16,07:37:00,CUST1306,DRV244,Mini,Hebbal,Malleshwaram,9.4,Success,Not Applicable,Cash,148.05,4.9,4.6,32.4,Tuesday,April,16,No,7,No,15.75,OK
OLA100558,2024-04-06,06:26:00,CUST1327,DRV339,Sedan,JP Nagar,KR Puram,3.9,Success,Not Applicable,Cash,90.91,5.0,3.9,14.9,Saturday,April,14,Yes,6,No,23.31,OK
OLA100559,2024-05-21,13:52:00,CUST1423,DRV354,Bike,Hebbal,Malleshwaram,2.9,Success,Not Applicable,UPI,49.18,5.0,4.3,11.5,Tuesday,May,21,No,13,No,16.96,OK
OLA100560,2024-06-12,19:30:00,CUST1063,DRV347,Sedan,Airport (KIA),BTM Layout,7.2,Success,Not Applicable,Cash,116.65,4.5,3.5,25.2,Wednesday,June,24,No,19,No,16.2,OK
OLA100561,2024-04-02,15:36:00,CUST1223,DRV332,Auto,Airport (KIA),MG Road,3.8,Success,Not Applicable,Cash,56.6,,,16.1,Tuesday,April,14,No,15,No,14.89,OK
OLA100562,2024-02-07,09:56:00,CUST1354,DRV269,Sedan,Indiranagar,Hebbal,11.1,Success,Not Applicable,UPI,181.23,5.0,4.3,23.5,Wednesday,February,6,No,9,No,16.33,OK
OLA100563,2024-06-12,20:32:00,CUST1099,DRV293,Auto,Domlur,HSR Layout,6.0,Cancelled by Customer,Wrong pickup location,Not Applicable,0.0,,,0.0,Wednesday,June,24,No,20,Yes,0.0,OK
OLA100564,2024-03-18,08:44:00,CUST1352,DRV385,Mini,Sarjapur Road,Banashankari,4.9,Success,Not Applicable,Cash,93.6,4.8,4.4,15.9,Monday,March,12,No,8,No,19.1,OK
OLA100565,2024-03-28,20:10:00,CUST1052,DRV311,Mini,BTM Layout,Jayanagar,5.4,Success,Not Applicable,Ola Money,98.25,,,19.4,Thursday,March,13,No,20,No,18.19,OK
OLA100566,2024-05-21,17:51:00,CUST1058,DRV413,Sedan,Whitefield,Electronic City,1.9,Cancelled by Driver,Personal emergency,Not Applicable,0.0,,,0.0,Tuesday,May,21,No,17,Yes,0.0,OK
OLA100567,2024-03-30,09:23:00,CUST1071,DRV426,Bike,Domlur,Malleshwaram,3.5,Success,Not Applicable,Debit Card,58.91,3.6,4.1,9.7,Saturday,March,13,Yes,9,No,16.83,OK
OLA100568,2024-02-26,07:44:00,CUST1072,DRV316,Sedan,Jayanagar,Electronic City,5.9,Success,Not Applicable,UPI,127.03,4.5,4.4,15.0,Monday,February,9,No,7,No,21.53,OK
OLA100569,2024-05-03,18:02:00,CUST1100,DRV255,Mini,Malleshwaram,Domlur,2.8,Success,Not Applicable,Credit Card,47.58,,,10.2,Friday,May,18,No,18,No,16.99,OK
OLA100570,2024-01-25,18:58:00,CUST1308,DRV305,SUV,Jayanagar,HSR Layout,4.5,Success,Not Applicable,UPI,116.12,4.2,3.9,20.0,Thursday,January,4,No,18,No,25.8,OK
OLA100571,2024-05-28,10:10:00,CUST1437,DRV456,Auto,Domlur,BTM Layout,4.8,Success,Not Applicable,Cash,68.55,4.1,5.0,16.4,Tuesday,May,22,No,10,No,14.28,OK
OLA100572,2024-02-19,21:10:00,CUST1386,DRV475,Mini,MG Road,BTM Layout,8.5,Cancelled by Customer,Found alternate transport,Not Applicable,0.0,,,0.0,Monday,February,8,No,21,Yes,0.0,OK
OLA100573,2024-04-03,17:11:00,CUST1225,DRV254,Mini,Banashankari,Rajajinagar,5.0,Success,Not Applicable,UPI,82.72,4.7,4.2,19.2,Wednesday,April,14,No,17,No,16.54,OK
OLA100574,2024-04-29,06:08:00,CUST1253,DRV384,Auto,JP Nagar,Indiranagar,11.9,Success,Not Applicable,Credit Card,112.67,4.5,3.6,35.3,Monday,April,18,No,6,No,9.47,OK
OLA100575,2024-06-24,22:28:00,CUST1115,DRV483,Sedan,Rajajinagar,Jayanagar,2.2,Cancelled by Driver,Personal emergency,Not Applicable,0.0,,,0.0,Monday,June,26,No,22,Yes,0.0,OK
OLA100576,2024-06-22,10:00:00,CUST1345,DRV451,Auto,Bellandur,Airport (KIA),2.7,Success,Not Applicable,Credit Card,52.28,4.4,5.0,12.6,Saturday,June,25,Yes,10,No,19.36,OK
OLA100577,2024-01-27,18:57:00,CUST1086,DRV233,Sedan,Jayanagar,Banashankari,7.0,Cancelled by Customer,Found alternate transport,Not Applicable,0.0,,,0.0,Saturday,January,4,Yes,18,Yes,0.0,OK
OLA100578,2024-02-01,08:27:00,CUST1371,DRV455,Mini,Sarjapur Road,Domlur,1.7,Cancelled by Customer,Wrong pickup location,Not Applicable,0.0,,,0.0,Thursday,February,5,No,8,Yes,0.0,OK
OLA100579,2024-04-12,10:42:00,CUST1308,DRV407,Prime,Malleshwaram,Marathahalli,4.2,Success,Not Applicable,UPI,103.42,4.2,4.2,17.7,Friday,April,15,No,10,No,24.62,OK
OLA100580,2024-02-04,02:47:00,CUST1027,DRV234,Sedan,Koramangala,Jayanagar,1.5,Success,Not Applicable,UPI,47.48,4.7,4.3,10.2,Sunday,February,5,Yes,2,No,31.65,OK
OLA100581,2024-01-20,17:33:00,CUST1392,DRV452,Auto,Jayanagar,Yelahanka,2.8,Success,Not Applicable,Ola Money,57.26,2.8,4.3,11.8,Saturday,January,3,Yes,17,No,20.45,OK
OLA100582,2024-05-19,01:48:00,CUST1016,DRV420,Bike,MG Road,Rajajinagar,11.5,Cancelled by Customer,Found alternate transport,Not Applicable,0.0,,,0.0,Sunday,May,20,Yes,1,Yes,0.0,OK
OLA100583,2024-04-27,03:11:00,CUST1285,DRV355,Bike,HSR Layout,Malleshwaram,17.7,Success,Not Applicable,Cash,134.12,4.0,4.3,51.9,Saturday,April,17,Yes,3,No,7.58,OK
OLA100584,2024-05-05,17:43:00,CUST1276,DRV492,Sedan,JP Nagar,HSR Layout,24.1,Success,Not Applicable,Credit Card,367.6,3.4,4.5,65.8,Sunday,May,18,Yes,17,No,15.25,OK
OLA100585,2024-03-31,18:18:00,CUST1164,DRV231,Mini,Indiranagar,HSR Layout,16.1,Success,Not Applicable,Ola Money,217.21,4.5,4.2,36.2,Sunday,March,13,Yes,18,No,13.49,OK
OLA100586,2024-03-28,11:27:00,CUST1176,DRV382,Sedan,Indiranagar,Marathahalli,7.1,Success,Not Applicable,UPI,121.83,4.1,4.3,23.7,Thursday,March,13,No,11,No,17.16,OK
OLA100587,2024-03-19,07:10:00,CUST1010,DRV475,Sedan,KR Puram,Rajajinagar,5.8,Cancelled by Driver,Too far from pickup,Not Applicable,0.0,,,0.0,Tuesday,March,12,No,7,Yes,0.0,OK
OLA100588,2024-01-06,17:37:00,CUST1011,DRV362,Sedan,Bellandur,Yelahanka,11.6,Cancelled by Customer,Change of plans,Not Applicable,0.0,,,0.0,Saturday,January,1,Yes,17,Yes,0.0,OK
OLA100589,2024-06-25,17:21:00,CUST1254,DRV457,Bike,Yelahanka,HSR Layout,5.8,Success,Not Applicable,Ola Money,68.24,3.8,4.1,19.4,Tuesday,June,26,No,17,No,11.77,OK
OLA100590,2024-01-20,19:34:00,CUST1109,DRV347,Mini,Hebbal,Domlur,4.1,Success,Not Applicable,Ola Money,72.16,5.0,5.0,11.2,Saturday,January,3,Yes,19,No,17.6,OK
OLA100591,2024-01-25,15:17:00,CUST1034,DRV490,Bike,Airport (KIA),Rajajinagar,5.1,Cancelled by Customer,Wrong pickup location,Not Applicable,0.0,,,0.0,Thursday,January,4,No,15,Yes,0.0,OK
OLA100592,2024-03-18,13:19:00,CUST1221,DRV476,Sedan,Rajajinagar,Bellandur,5.8,Success,Not Applicable,Ola Money,103.74,4.5,4.6,18.0,Monday,March,12,No,13,No,17.89,OK
OLA100593,2024-06-09,17:55:00,CUST1095,DRV495,Sedan,KR Puram,Marathahalli,14.1,Success,Not Applicable,Cash,240.51,4.2,4.3,38.4,Sunday,June,23,Yes,17,No,17.06,OK
OLA100594,2024-05-24,18:03:00,CUST1267,DRV302,Sedan,Electronic City,Marathahalli,5.3,Success,Not Applicable,UPI,93.71,,,18.9,Friday,May,21,No,18,No,17.68,OK
OLA100595,2024-01-17,16:54:00,CUST1211,DRV336,Bike,HSR Layout,Hebbal,10.9,Success,Not Applicable,UPI,101.01,4.7,4.5,33.5,Wednesday,January,3,No,16,No,9.27,OK
OLA100596,2024-03-20,12:35:00,CUST1223,DRV416,Auto,Indiranagar,BTM Layout,6.0,Success,Not Applicable,Credit Card,67.78,4.1,4.9,23.5,Wednesday,March,12,No,12,No,11.3,OK
OLA100597,2024-02-15,16:02:00,CUST1369,DRV448,Auto,Indiranagar,MG Road,11.5,Success,Not Applicable,Ola Money,116.42,3.7,3.7,44.3,Thursday,February,7,No,16,No,10.12,OK
OLA100598,2024-06-20,17:05:00,CUST1203,DRV271,Mini,Sarjapur Road,Malleshwaram,4.0,Success,Not Applicable,Ola Money,86.99,4.8,4.1,15.8,Thursday,June,25,No,17,No,21.75,OK
OLA100599,2024-03-05,13:05:00,CUST1121,DRV507,Mini,Yelahanka,Banashankari,10.0,Success,Not Applicable,Ola Money,149.97,4.7,4.7,27.0,Tuesday,March,10,No,13,No,15.0,OK
OLA100600,2024-02-25,07:11:00,CUST1109,DRV340,Sedan,Marathahalli,Domlur,3.9,Success,Not Applicable,Cash,71.28,4.6,4.7,11.1,Sunday,February,8,Yes,7,No,18.28,OK
OLA100601,2024-05-01,17:17:00,CUST1450,Not Assigned,Sedan,Banashankari,Hebbal,12.0,Driver Not Found,No drivers available in area,Not Applicable,0.0,,,0.0,Wednesday,May,18,No,17,Yes,0.0,OK
OLA100602,2024-06-04,03:47:00,CUST1339,DRV227,Auto,BTM Layout,Hebbal,7.5,Success,Not Applicable,Debit Card,91.58,4.9,4.0,18.5,Tuesday,June,23,No,3,No,12.21,OK
OLA100603,2024-02-01,14:15:00,CUST1439,DRV426,Sedan,Bellandur,Marathahalli,5.9,Cancelled by Driver,Customer not reachable,Not Applicable,0.0,,,0.0,Thursday,February,5,No,14,Yes,0.0,OK
OLA100604,2024-03-17,08:56:00,CUST1082,DRV424,Auto,Rajajinagar,Indiranagar,3.8,Success,Not Applicable,Credit Card,53.62,4.2,4.5,12.8,Sunday,March,11,Yes,8,No,14.11,OK
OLA100605,2024-03-26,17:56:00,CUST1419,DRV251,Bike,Marathahalli,JP Nagar,5.5,Success,Not Applicable,UPI,49.99,3.2,4.5,17.0,Tuesday,March,13,No,17,No,9.09,OK
OLA100606,2024-06-26,02:03:00,CUST1328,DRV294,Auto,Electronic City,Koramangala,6.0,Success,Not Applicable,UPI,75.02,3.8,4.3,18.6,Wednesday,June,26,No,2,No,12.5,OK
OLA100607,2024-05-12,17:49:00,CUST1425,DRV266,Bike,Rajajinagar,Yelahanka,6.3,Cancelled by Customer,Driver taking too long,Not Applicable,0.0,,,0.0,Sunday,May,19,Yes,17,Yes,0.0,OK
OLA100608,2024-03-07,07:37:00,CUST1423,DRV367,Auto,Jayanagar,Whitefield,2.0,Success,Not Applicable,Ola Money,43.43,3.8,4.8,11.6,Thursday,March,10,No,7,No,21.72,OK
OLA100609,2024-02-27,02:01:00,CUST1285,DRV513,Auto,Whitefield,Airport (KIA),4.0,Success,Not Applicable,Cash,52.95,4.8,4.3,16.2,Tuesday,February,9,No,2,No,13.24,OK
OLA100610,2024-03-07,07:23:00,CUST1087,DRV490,Mini,Malleshwaram,Rajajinagar,5.1,Cancelled by Driver,Personal emergency,Not Applicable,0.0,,,0.0,Thursday,March,10,No,7,Yes,0.0,OK
OLA100611,2024-01-31,08:13:00,CUST1097,DRV336,Mini,Airport (KIA),Bellandur,1.5,Cancelled by Customer,Price too high,Not Applicable,0.0,,,0.0,Wednesday,January,5,No,8,Yes,0.0,OK
OLA100612,2024-02-25,23:18:00,CUST1372,Not Assigned,Sedan,Rajajinagar,Electronic City,6.3,Driver Not Found,No drivers available in area,Not Applicable,0.0,,,0.0,Sunday,February,8,Yes,23,Yes,0.0,OK
OLA100613,2024-03-01,16:58:00,CUST1127,DRV389,SUV,KR Puram,Whitefield,7.2,Success,Not Applicable,Credit Card,144.91,2.5,4.5,25.3,Friday,March,9,No,16,No,20.13,OK
OLA100614,2024-04-08,17:47:00,CUST1305,DRV331,Mini,JP Nagar,Indiranagar,16.4,Cancelled by Driver,Personal emergency,Not Applicable,0.0,,,0.0,Monday,April,15,No,17,Yes,0.0,OK
OLA100615,2024-03-31,23:42:00,CUST1410,DRV506,Auto,Indiranagar,Koramangala,12.3,Success,Not Applicable,UPI,121.01,4.8,3.9,37.6,Sunday,March,13,Yes,23,No,9.84,OK
OLA100616,2024-05-23,04:11:00,CUST1133,DRV286,SUV,Yelahanka,Airport (KIA),8.1,Success,Not Applicable,UPI,164.76,4.6,3.8,22.0,Thursday,May,21,No,4,No,20.34,OK
OLA100617,2024-01-12,22:31:00,CUST1446,DRV343,Auto,Rajajinagar,Hebbal,6.3,Success,Not Applicable,Cash,92.48,4.3,3.5,20.3,Friday,January,2,No,22,No,14.68,OK
OLA100618,2024-04-21,20:20:00,CUST1377,DRV451,Auto,Electronic City,Sarjapur Road,3.8,Success,Not Applicable,UPI,70.99,4.1,4.1,10.1,Sunday,April,16,Yes,20,No,18.68,OK
OLA100619,2024-02-28,07:30:00,CUST1133,DRV283,Auto,Rajajinagar,MG Road,6.1,Cancelled by Driver,Vehicle breakdown,Not Applicable,0.0,,,0.0,Wednesday,February,9,No,7,Yes,0.0,OK
OLA100620,2024-04-23,10:45:00,CUST1287,DRV448,Sedan,MG Road,HSR Layout,4.9,Success,Not Applicable,UPI,87.31,4.4,4.0,12.8,Tuesday,April,17,No,10,No,17.82,OK
OLA100622,2024-01-25,19:01:00,CUST1145,DRV262,Sedan,Sarjapur Road,MG Road,4.4,Success,Not Applicable,Credit Card,101.71,4.8,4.3,20.8,Thursday,January,4,No,19,No,23.12,OK
OLA100623,2024-04-26,16:17:00,CUST1304,DRV202,Sedan,Indiranagar,Airport (KIA),10.5,Success,Not Applicable,Cash,171.75,4.5,4.3,30.0,Friday,April,17,No,16,No,16.36,OK
OLA100624,2024-02-24,19:51:00,CUST1329,DRV344,Sedan,Indiranagar,MG Road,7.1,Success,Not Applicable,UPI,130.81,4.0,5.0,25.6,Saturday,February,8,Yes,19,No,18.42,OK
OLA100625,2024-04-12,06:54:00,CUST1106,Not Assigned,Sedan,Bellandur,Hebbal,2.4,Driver Not Found,No drivers available in area,Not Applicable,0.0,,,0.0,Friday,April,15,No,6,Yes,0.0,OK
OLA100626,2024-02-09,07:31:00,CUST1410,DRV421,Auto,Hebbal,Electronic City,10.7,Success,Not Applicable,Cash,111.37,5.0,3.9,30.9,Friday,February,6,No,7,No,10.41,OK
OLA100627,2024-04-09,13:36:00,CUST1307,DRV416,Mini,Rajajinagar,Banashankari,11.2,Success,Not Applicable,UPI,156.62,4.7,5.0,30.3,Tuesday,April,15,No,13,No,13.98,OK
OLA100628,2024-04-28,17:41:00,CUST1351,DRV279,Bike,Malleshwaram,JP Nagar,5.5,Success,Not Applicable,UPI,50.52,4.0,3.0,24.1,Sunday,April,17,Yes,17,No,9.19,OK
OLA100629,2024-02-02,17:19:00,CUST1430,DRV327,SUV,Hebbal,Domlur,6.1,Success,Not Applicable,Cash,126.23,4.0,3.8,22.3,Friday,February,5,No,17,No,20.69,OK
OLA100630,2024-01-25,12:46:00,CUST1291,DRV329,Sedan,Sarjapur Road,Whitefield,4.3,Success,Not Applicable,Debit Card,98.26,4.2,5.0,13.9,Thursday,January,4,No,12,No,22.85,OK
OLA100631,2024-04-10,04:26:00,CUST1448,DRV352,Sedan,KR Puram,Airport (KIA),4.9,Success,Not Applicable,UPI,102.31,4.7,3.8,16.6,Wednesday,April,15,No,4,No,20.88,OK
OLA100632,2024-02-17,06:38:00,CUST1132,DRV254,Sedan,Koramangala,Indiranagar,11.1,Success,Not Applicable,Cash,182.25,4.3,4.9,29.3,Saturday,February,7,Yes,6,No,16.42,OK
OLA100633,2024-06-17,21:38:00,CUST1371,Not Assigned,Sedan,Domlur,Banashankari,14.9,Driver Not Found,No drivers available in area,Not Applicable,0.0,,,0.0,Monday,June,25,No,21,Yes,0.0,OK
OLA100634,2024-06-21,11:19:00,CUST1044,DRV264,Mini,Jayanagar,MG Road,7.6,Success,Not Applicable,Cash,123.08,3.8,4.9,24.3,Friday,June,25,No,11,No,16.19,OK
OLA100635,2024-02-07,16:27:00,CUST1431,DRV520,Bike,JP Nagar,Jayanagar,2.3,Success,Not Applicable,UPI,31.38,3.8,4.7,11.4,Wednesday,February,6,No,16,No,13.64,OK
OLA100636,2024-02-09,18:28:00,CUST1248,DRV441,Mini,KR Puram,Domlur,4.9,Success,Not Applicable,UPI,76.18,4.7,3.5,14.3,Friday,February,6,No,18,No,15.55,OK
OLA100637,2024-01-27,16:45:00,CUST1221,DRV412,Bike,Sarjapur Road,JP Nagar,6.5,Success,Not Applicable,Credit Card,83.97,4.2,3.9,21.6,Saturday,January,4,Yes,16,No,12.92,OK
OLA100638,2024-06-22,20:55:00,CUST1249,DRV318,Auto,Malleshwaram,Koramangala,1.1,Success,Not Applicable,Cash,36.46,4.2,4.4,10.9,Saturday,June,25,Yes,20,No,33.15,OK
OLA100639,2024-05-01,07:39:00,CUST1330,DRV377,Sedan,Rajajinagar,Koramangala,6.1,Success,Not Applicable,Cash,105.24,4.3,4.7,19.5,Wednesday,May,18,No,7,No,17.25,OK
OLA100640,2024-05-30,20:21:00,CUST1308,DRV439,Mini,Hebbal,Rajajinagar,2.7,Cancelled by Customer,Wrong pickup location,Not Applicable,0.0,,,0.0,Thursday,May,22,No,20,Yes,0.0,OK
OLA100641,2024-06-16,18:50:00,CUST1241,DRV282,Auto,Hebbal,Whitefield,11.6,Success,Not Applicable,UPI,127.81,4.6,4.4,39.1,Sunday,June,24,Yes,18,No,11.02,OK
OLA100642,2024-04-16,21:31:00,CUST1155,DRV320,Mini,Indiranagar,Koramangala,9.0,Success,Not Applicable,Ola Money,124.76,4.7,4.9,22.7,Tuesday,April,16,No,21,No,13.86,OK
OLA100643,2024-05-08,03:04:00,CUST1172,DRV420,Mini,BTM Layout,MG Road,3.7,Success,Not Applicable,Debit Card,72.56,3.6,3.7,13.7,Wednesday,May,19,No,3,No,19.61,OK
OLA100644,2024-05-22,08:09:00,CUST1436,DRV463,SUV,MG Road,Indiranagar,6.7,Success,Not Applicable,UPI,163.4,4.3,4.7,23.5,Wednesday,May,21,No,8,No,24.39,OK
OLA100645,2024-01-28,18:39:00,CUST1400,DRV252,Bike,Indiranagar,JP Nagar,9.1,Success,Not Applicable,UPI,72.76,3.3,4.0,25.6,Sunday,January,4,Yes,18,No,8.0,OK
OLA100646,2024-03-15,17:48:00,CUST1259,DRV455,Auto,MG Road,HSR Layout,5.6,Success,Not Applicable,Cash,79.21,3.3,4.1,24.0,Friday,March,11,No,17,No,14.14,OK
OLA100647,2024-04-16,18:00:00,CUST1125,DRV442,Sedan,Malleshwaram,HSR Layout,5.9,Success,Not Applicable,Credit Card,100.16,4.3,4.5,16.6,Tuesday,April,16,No,18,No,16.98,OK
OLA100648,2024-02-08,18:33:00,CUST1215,DRV316,Mini,Rajajinagar,KR Puram,2.5,Cancelled by Driver,Traffic/road closure,Not Applicable,0.0,,,0.0,Thursday,February,6,No,18,Yes,0.0,OK
OLA100649,2024-06-23,10:01:00,CUST1226,DRV274,Auto,Malleshwaram,Whitefield,4.0,Success,Not Applicable,UPI,49.54,5.0,4.7,10.5,Sunday,June,25,Yes,10,No,12.38,OK
OLA100650,2024-01-10,17:41:00,CUST1077,DRV494,Mini,Malleshwaram,Hebbal,2.8,Cancelled by Driver,Traffic/road closure,Not Applicable,0.0,,,0.0,Wednesday,January,2,No,17,Yes,0.0,OK
OLA100651,2024-03-18,17:20:00,CUST1176,DRV204,Bike,Malleshwaram,Electronic City,7.0,Success,Not Applicable,Debit Card,78.01,5.0,3.9,25.4,Monday,March,12,No,17,No,11.14,OK
OLA100652,2024-06-15,12:22:00,CUST1415,DRV407,Auto,Hebbal,Whitefield,3.5,Success,Not Applicable,UPI,44.11,3.5,4.3,13.9,Saturday,June,24,Yes,12,No,12.6,OK
OLA100653,2024-05-18,09:05:00,CUST1261,DRV482,Sedan,Yelahanka,HSR Layout,1.7,Cancelled by Driver,Traffic/road closure,Not Applicable,0.0,,,0.0,Saturday,May,20,Yes,9,Yes,0.0,OK
OLA100654,2024-05-31,08:53:00,CUST1396,DRV355,Auto,Malleshwaram,MG Road,4.9,Cancelled by Customer,Booked by mistake,Not Applicable,0.0,,,0.0,Friday,May,22,No,8,Yes,0.0,OK
OLA100655,2024-06-09,13:07:00,CUST1024,Not Assigned,Sedan,Sarjapur Road,Koramangala,6.6,Driver Not Found,No drivers available in area,Not Applicable,0.0,,,0.0,Sunday,June,23,Yes,13,Yes,0.0,OK
OLA100656,2024-05-28,15:57:00,CUST1321,DRV473,Bike,BTM Layout,Bellandur,3.4,Success,Not Applicable,UPI,44.38,5.0,4.4,12.4,Tuesday,May,22,No,15,No,13.05,OK
OLA100657,2024-04-06,13:15:00,CUST1053,DRV367,SUV,Jayanagar,Bellandur,8.6,Success,Not Applicable,UPI,183.43,5.0,4.4,26.0,Saturday,April,14,Yes,13,No,21.33,OK
OLA100658,2024-04-18,20:30:00,CUST1109,DRV428,Mini,Malleshwaram,Bellandur,5.3,Success,Not Applicable,Cash,90.95,4.1,5.0,17.1,Thursday,April,16,No,20,No,17.16,OK
OLA100659,2024-04-18,23:44:00,CUST1250,DRV413,Bike,Electronic City,JP Nagar,1.6,Success,Not Applicable,Ola Money,28.41,3.4,4.3,11.1,Thursday,April,16,No,23,No,17.76,OK
OLA100660,2024-01-31,17:29:00,CUST1242,DRV216,Auto,JP Nagar,Banashankari,4.6,Success,Not Applicable,UPI,79.45,4.7,4.4,11.9,Wednesday,January,5,No,17,No,17.27,OK
OLA100661,2024-03-15,03:09:00,CUST1060,DRV390,Sedan,Banashankari,Hebbal,7.4,Success,Not Applicable,Cash,127.42,5.0,3.7,28.9,Friday,March,11,No,3,No,17.22,OK
OLA100662,2024-03-19,20:13:00,CUST1093,DRV450,Mini,JP Nagar,Banashankari,6.8,Success,Not Applicable,Cash,91.83,3.9,4.7,20.4,Tuesday,March,12,No,20,No,13.5,OK
OLA100663,2024-03-27,18:30:00,CUST1427,DRV510,Mini,Electronic City,JP Nagar,4.1,Success,Not Applicable,Credit Card,79.19,,,11.9,Wednesday,March,13,No,18,No,19.31,OK
OLA100664,2024-01-23,18:42:00,CUST1319,Not Assigned,Sedan,Bellandur,Yelahanka,3.9,Driver Not Found,No drivers available in area,Not Applicable,0.0,,,0.0,Tuesday,January,4,No,18,Yes,0.0,OK
OLA100665,2024-04-23,18:41:00,CUST1045,DRV284,Auto,Sarjapur Road,Hebbal,8.1,Success,Not Applicable,Credit Card,96.63,4.7,3.8,22.0,Tuesday,April,17,No,18,No,11.93,OK
OLA100666,2024-05-27,18:36:00,CUST1267,DRV296,Auto,Malleshwaram,Koramangala,3.2,Cancelled by Driver,Customer not reachable,Not Applicable,0.0,,,0.0,Monday,May,22,No,18,Yes,0.0,OK
OLA100667,2024-01-05,08:13:00,CUST1125,DRV496,Sedan,JP Nagar,Yelahanka,8.1,Success,Not Applicable,Cash,140.45,4.1,4.4,18.3,Friday,January,1,No,8,No,17.34,OK
OLA100668,2024-04-16,02:33:00,CUST1162,DRV395,Mini,MG Road,Electronic City,2.6,Success,Not Applicable,UPI,59.85,4.7,4.6,14.2,Tuesday,April,16,No,2,No,23.02,OK
OLA100669,2024-04-14,17:03:00,CUST1314,DRV366,Mini,Indiranagar,Yelahanka,9.3,Success,Not Applicable,UPI,129.0,4.0,4.4,27.4,Sunday,April,15,Yes,17,No,13.87,OK
OLA100670,2024-01-31,05:15:00,CUST1385,DRV505,SUV,Airport (KIA),JP Nagar,18.9,Success,Not Applicable,Cash,377.77,4.2,4.0,60.2,Wednesday,January,5,No,5,No,19.99,OK
OLA100671,2024-04-14,05:01:00,CUST1208,DRV319,Bike,Koramangala,Hebbal,2.0,Success,Not Applicable,Credit Card,43.62,3.9,5.0,12.8,Sunday,April,15,Yes,5,No,21.81,OK
OLA100672,2024-02-02,09:26:00,CUST1228,DRV242,Bike,Malleshwaram,Jayanagar,13.6,Success,Not Applicable,UPI,120.09,3.9,4.5,34.9,Friday,February,5,No,9,No,8.83,OK
OLA100673,2024-04-18,21:35:00,CUST1231,DRV221,Mini,KR Puram,Hebbal,8.6,Success,Not Applicable,UPI,129.19,3.9,4.8,34.9,Thursday,April,16,No,21,No,15.02,OK
OLA100674,2024-03-05,19:24:00,CUST1179,DRV308,SUV,Malleshwaram,Hebbal,1.5,Success,Not Applicable,Cash,43.36,4.8,4.0,7.3,Tuesday,March,10,No,19,No,28.91,OK
OLA100675,2024-02-01,19:46:00,CUST1284,DRV343,Bike,Jayanagar,JP Nagar,4.1,Success,Not Applicable,UPI,68.32,4.3,3.9,13.0,Thursday,February,5,No,19,No,16.66,OK
OLA100676,2024-06-30,12:15:00,CUST1339,DRV364,Sedan,KR Puram,Yelahanka,4.6,Success,Not Applicable,Cash,79.88,4.7,3.6,12.2,Sunday,June,26,Yes,12,No,17.37,OK
OLA100677,2024-01-03,17:26:00,CUST1284,DRV450,Auto,JP Nagar,Whitefield,17.9,Success,Not Applicable,Debit Card,181.82,5.0,4.5,58.5,Wednesday,January,1,No,17,No,10.16,OK
OLA100678,2024-06-20,12:07:00,CUST1180,DRV392,Bike,Banashankari,Rajajinagar,3.3,Success,Not Applicable,Cash,40.12,3.5,5.0,9.2,Thursday,June,25,No,12,No,12.16,OK
OLA100679,2024-02-19,12:14:00,CUST1380,DRV210,Auto,Banashankari,Jayanagar,4.6,Success,Not Applicable,UPI,54.5,3.4,4.4,18.7,Monday,February,8,No,12,No,11.85,OK
OLA100680,2024-05-06,21:02:00,CUST1143,Not Assigned,Bike,Domlur,Jayanagar,2.6,Driver Not Found,No drivers available in area,Not Applicable,0.0,,,0.0,Monday,May,19,No,21,Yes,0.0,OK
OLA100681,2024-06-12,11:55:00,CUST1142,DRV491,SUV,HSR Layout,Sarjapur Road,7.5,Success,Not Applicable,UPI,155.81,2.7,4.5,22.0,Wednesday,June,24,No,11,No,20.77,OK
OLA100682,2024-05-30,07:04:00,CUST1065,DRV332,Bike,BTM Layout,JP Nagar,7.9,Success,Not Applicable,Wallet,84.27,4.5,4.9,18.0,Thursday,May,22,No,7,No,10.67,OK
OLA100683,2024-06-22,14:16:00,CUST1348,DRV486,Bike,Koramangala,KR Puram,9.4,Cancelled by Driver,Vehicle breakdown,Not Applicable,0.0,,,0.0,Saturday,June,25,Yes,14,Yes,0.0,OK
OLA100684,2024-03-23,12:26:00,CUST1140,DRV262,Auto,KR Puram,Malleshwaram,1.7,Success,Not Applicable,UPI,39.44,4.5,4.7,6.7,Saturday,March,12,Yes,12,No,23.2,OK
OLA100685,2024-04-17,14:20:00,CUST1002,Not Assigned,Mini,Whitefield,Domlur,1.1,Driver Not Found,No drivers available in area,Not Applicable,0.0,,,0.0,Wednesday,April,16,No,14,Yes,0.0,OK
OLA100686,2024-02-27,22:27:00,CUST1038,DRV327,Mini,Yelahanka,Hebbal,2.9,Success,Not Applicable,UPI,48.79,3.6,5.0,14.1,Tuesday,February,9,No,22,No,16.82,OK
OLA100687,2024-06-09,20:53:00,CUST1128,DRV326,Mini,BTM Layout,Banashankari,9.8,Cancelled by Customer,Price too high,Not Applicable,0.0,,,0.0,Sunday,June,23,Yes,20,Yes,0.0,OK
OLA100688,2024-03-01,21:49:00,CUST1307,DRV517,Sedan,MG Road,Airport (KIA),1.8,Success,Not Applicable,UPI,57.57,3.9,4.8,7.9,Friday,March,9,No,21,No,31.98,OK
OLA100689,2024-06-26,05:08:00,CUST1031,DRV426,Mini,Domlur,Rajajinagar,8.6,Success,Not Applicable,Cash,111.57,4.8,4.3,23.7,Wednesday,June,26,No,5,No,12.97,OK
OLA100690,2024-01-25,16:26:00,CUST1119,DRV506,Auto,Domlur,Koramangala,4.1,Success,Not Applicable,UPI,61.4,5.0,4.1,16.0,Thursday,January,4,No,16,No,14.98,OK
OLA100691,2024-06-15,20:50:00,CUST1013,DRV432,SUV,Sarjapur Road,Jayanagar,7.0,Success,Not Applicable,Ola Money,144.24,3.8,4.7,20.6,Saturday,June,24,Yes,20,No,20.61,OK
OLA100692,2024-05-26,07:32:00,CUST1131,DRV381,Sedan,Domlur,KR Puram,7.8,Success,Not Applicable,Cash,129.78,5.0,3.6,27.9,Sunday,May,21,Yes,7,No,16.64,OK
OLA100693,2024-05-11,21:48:00,CUST1183,DRV359,SUV,JP Nagar,Electronic City,9.7,Success,Not Applicable,UPI,194.02,4.1,4.5,29.7,Saturday,May,19,Yes,21,No,20.0,OK
OLA100694,2024-05-30,17:09:00,CUST1029,DRV321,SUV,JP Nagar,Indiranagar,18.0,Success,Not Applicable,Debit Card,351.66,5.0,4.9,59.4,Thursday,May,22,No,17,No,19.54,OK
OLA100695,2024-03-28,08:30:00,CUST1355,DRV439,SUV,Yelahanka,Domlur,10.8,Success,Not Applicable,UPI,226.38,4.4,4.6,33.2,Thursday,March,13,No,8,No,20.96,OK
OLA100696,2024-01-11,13:58:00,CUST1001,DRV314,Auto,KR Puram,Jayanagar,9.0,Success,Not Applicable,Debit Card,94.17,,,21.2,Thursday,January,2,No,13,No,10.46,OK
OLA100697,2024-02-22,11:52:00,CUST1003,DRV385,Mini,Banashankari,Koramangala,8.4,Success,Not Applicable,Ola Money,124.04,4.6,4.8,26.6,Thursday,February,8,No,11,No,14.77,OK
OLA100698,2024-04-02,04:01:00,CUST1101,DRV301,Mini,BTM Layout,Hebbal,8.0,Success,Not Applicable,UPI,124.57,5.0,3.2,21.7,Tuesday,April,14,No,4,No,15.57,OK
OLA100699,2024-03-08,20:01:00,CUST1425,DRV270,Sedan,MG Road,Banashankari,5.7,Success,Not Applicable,Credit Card,122.88,4.7,4.8,22.9,Friday,March,10,No,20,No,21.56,OK
OLA100700,2024-05-14,22:39:00,CUST1222,DRV233,Mini,Electronic City,BTM Layout,5.0,Success,Not Applicable,Wallet,75.75,4.3,4.4,18.5,Tuesday,May,20,No,22,No,15.15,OK
OLA100701,2024-03-03,20:48:00,CUST1315,DRV500,Mini,JP Nagar,Hebbal,8.0,Success,Not Applicable,Ola Money,126.69,4.8,4.7,32.4,Sunday,March,9,Yes,20,No,15.84,OK
OLA100702,2024-05-10,21:56:00,CUST1250,DRV307,Auto,Airport (KIA),Whitefield,8.2,Success,Not Applicable,UPI,85.62,4.3,5.0,22.7,Friday,May,19,No,21,No,10.44,OK
OLA100703,2024-05-12,12:20:00,CUST1364,DRV391,SUV,Airport (KIA),Malleshwaram,6.2,Success,Not Applicable,Credit Card,140.81,4.6,4.1,20.6,Sunday,May,19,Yes,12,No,22.71,OK
OLA100704,2024-02-23,08:12:00,CUST1231,DRV320,Sedan,Hebbal,KR Puram,1.4,Success,Not Applicable,Cash,61.26,5.0,3.8,6.9,Friday,February,8,No,8,No,43.76,OK
OLA100705,2024-02-04,18:18:00,CUST1227,DRV465,Sedan,Sarjapur Road,Indiranagar,3.0,Success,Not Applicable,Cash,70.96,4.9,4.7,12.3,Sunday,February,5,Yes,18,No,23.65,OK
OLA100706,2024-05-07,09:24:00,CUST1012,DRV291,Sedan,Marathahalli,Whitefield,9.1,Success,Not Applicable,Credit Card,153.17,3.5,4.4,23.4,Tuesday,May,19,No,9,No,16.83,OK
OLA100707,2024-03-11,20:06:00,CUST1060,DRV236,Sedan,JP Nagar,Jayanagar,3.9,Success,Not Applicable,Debit Card,79.61,3.7,3.7,17.4,Monday,March,11,No,20,No,20.41,OK
OLA100708,2024-03-11,08:38:00,CUST1070,DRV478,Bike,Koramangala,Yelahanka,2.1,Success,Not Applicable,Debit Card,36.06,5.0,4.1,11.6,Monday,March,11,No,8,No,17.17,OK
OLA100709,2024-06-16,01:41:00,CUST1262,DRV276,Bike,BTM Layout,Marathahalli,5.5,Success,Not Applicable,Cash,69.7,4.0,3.5,21.0,Sunday,June,24,Yes,1,No,12.67,OK
OLA100710,2024-04-29,17:29:00,CUST1174,DRV243,Sedan,Jayanagar,KR Puram,2.8,Success,Not Applicable,Cash,77.3,5.0,4.7,12.7,Monday,April,18,No,17,No,27.61,OK
OLA100711,2024-04-05,07:55:00,CUST1065,DRV356,Bike,Koramangala,Malleshwaram,5.5,Cancelled by Customer,Booked by mistake,Not Applicable,0.0,,,0.0,Friday,April,14,No,7,Yes,0.0,OK
OLA100712,2024-02-27,12:43:00,CUST1385,DRV406,Auto,JP Nagar,Hebbal,11.6,Success,Not Applicable,UPI,117.58,5.0,5.0,31.5,Tuesday,February,9,No,12,No,10.14,OK
OLA100714,2024-05-25,21:40:00,CUST1155,DRV247,Mini,JP Nagar,HSR Layout,7.5,Success,Not Applicable,UPI,98.46,4.3,3.7,21.2,Saturday,May,21,Yes,21,No,13.13,OK
OLA100715,2024-04-08,09:14:00,CUST1149,DRV468,Mini,Indiranagar,Bellandur,6.3,Success,Not Applicable,UPI,99.86,4.2,3.9,17.1,Monday,April,15,No,9,No,15.85,OK
OLA100716,2024-01-29,07:26:00,CUST1244,DRV235,Sedan,Jayanagar,Electronic City,10.2,Success,Not Applicable,UPI,183.91,,,26.8,Monday,January,5,No,7,No,18.03,OK
OLA100717,2024-05-27,21:37:00,CUST1103,Not Assigned,Auto,KR Puram,Marathahalli,1.9,Driver Not Found,No drivers available in area,Not Applicable,0.0,,,0.0,Monday,May,22,No,21,Yes,0.0,OK
OLA100718,2024-04-24,05:25:00,CUST1309,DRV326,SUV,Sarjapur Road,Airport (KIA),5.7,Success,Not Applicable,Ola Money,131.41,3.4,4.9,15.8,Wednesday,April,17,No,5,No,23.05,OK
OLA100719,2024-04-26,10:53:00,CUST1364,DRV352,Sedan,HSR Layout,KR Puram,2.5,Cancelled by Driver,Personal emergency,Not Applicable,0.0,,,0.0,Friday,April,17,No,10,Yes,0.0,OK
OLA100720,2024-04-27,11:42:00,CUST1093,DRV491,Mini,Indiranagar,Marathahalli,3.7,Success,Not Applicable,Credit Card,82.27,4.4,4.4,12.5,Saturday,April,17,Yes,11,No,22.24,OK
OLA100721,2024-01-18,17:46:00,CUST1111,DRV452,Sedan,JP Nagar,MG Road,6.8,Success,Not Applicable,UPI,140.06,5.0,5.0,27.6,Thursday,January,3,No,17,No,20.6,OK
OLA100722,2024-04-25,07:13:00,CUST1259,DRV222,Sedan,Whitefield,Airport (KIA),2.5,Success,Not Applicable,UPI,61.43,4.8,5.0,9.4,Thursday,April,17,No,7,No,24.57,OK
OLA100723,2024-01-30,17:08:00,CUST1167,DRV437,Sedan,Whitefield,MG Road,10.9,Success,Not Applicable,Debit Card,184.05,3.6,3.9,23.7,Tuesday,January,5,No,17,No,16.89,OK
OLA100724,2024-02-11,07:01:00,CUST1310,DRV251,Mini,MG Road,Sarjapur Road,11.0,Success,Not Applicable,UPI,158.24,4.5,4.3,26.2,Sunday,February,6,Yes,7,No,14.39,OK
OLA100725,2024-04-22,10:13:00,CUST1365,DRV217,Bike,JP Nagar,Jayanagar,7.2,Success,Not Applicable,Credit Card,71.46,4.9,5.0,21.2,Monday,April,17,No,10,No,9.92,OK
OLA100726,2024-06-17,20:24:00,CUST1353,DRV357,Sedan,Domlur,Koramangala,5.2,Success,Not Applicable,Ola Money,89.26,4.3,4.2,18.5,Monday,June,25,No,20,No,17.17,OK
OLA100728,2024-02-12,04:32:00,CUST1055,DRV367,Sedan,Jayanagar,BTM Layout,4.8,Success,Not Applicable,UPI,110.23,4.3,4.3,15.4,Monday,February,7,No,4,No,22.96,OK
OLA100729,2024-03-23,07:25:00,CUST1334,DRV361,Mini,Jayanagar,Airport (KIA),6.9,Success,Not Applicable,UPI,97.5,4.1,3.6,24.6,Saturday,March,12,Yes,7,No,14.13,OK
OLA100730,2024-02-25,11:49:00,CUST1306,DRV455,Prime,MG Road,Sarjapur Road,4.5,Cancelled by Driver,Traffic/road closure,Not Applicable,0.0,,,0.0,Sunday,February,8,Yes,11,Yes,0.0,OK
OLA100731,2024-02-13,08:06:00,CUST1307,DRV366,Prime,Bellandur,Electronic City,16.0,Success,Not Applicable,Ola Money,344.96,5.0,4.8,35.5,Tuesday,February,7,No,8,No,21.56,OK
OLA100732,2024-05-03,05:01:00,CUST1311,DRV499,Sedan,Malleshwaram,BTM Layout,3.1,Success,Not Applicable,Debit Card,73.5,4.5,4.3,12.4,Friday,May,18,No,5,No,23.71,OK
OLA100733,2024-02-01,09:47:00,CUST1219,DRV324,SUV,Indiranagar,HSR Layout,3.6,Success,Not Applicable,UPI,91.04,3.9,5.0,14.0,Thursday,February,5,No,9,No,25.29,OK
OLA100734,2024-06-02,22:28:00,CUST1378,Not Assigned,Mini,Yelahanka,Indiranagar,5.0,Driver Not Found,No drivers available in area,Not Applicable,0.0,,,0.0,Sunday,June,22,Yes,22,Yes,0.0,OK
OLA100735,2024-06-14,18:48:00,CUST1012,DRV317,Bike,Yelahanka,Banashankari,4.1,Success,Not Applicable,UPI,46.87,4.4,4.6,14.0,Friday,June,24,No,18,No,11.43,OK
OLA100736,2024-06-24,17:14:00,CUST1311,DRV395,SUV,HSR Layout,Airport (KIA),8.0,Success,Not Applicable,UPI,177.89,4.3,4.8,27.0,Monday,June,26,No,17,No,22.24,OK
OLA100737,2024-02-06,20:08:00,CUST1046,DRV288,SUV,Jayanagar,Marathahalli,8.1,Success,Not Applicable,UPI,176.02,3.6,4.5,22.8,Tuesday,February,6,No,20,No,21.73,OK
OLA100738,2024-04-18,07:15:00,CUST1155,DRV346,SUV,Jayanagar,Hebbal,15.7,Success,Not Applicable,UPI,323.47,4.7,4.3,34.2,Thursday,April,16,No,7,No,20.6,OK
OLA100739,2024-04-30,12:32:00,CUST1312,DRV421,Auto,Airport (KIA),Koramangala,11.3,Success,Not Applicable,UPI,128.26,5.0,4.8,42.8,Tuesday,April,18,No,12,No,11.35,OK
OLA100740,2024-05-17,07:46:00,CUST1089,DRV331,Sedan,Hebbal,Airport (KIA),5.1,Success,Not Applicable,Credit Card,94.9,4.2,5.0,16.4,Friday,May,20,No,7,No,18.61,OK
OLA100741,2024-02-20,07:12:00,CUST1002,DRV206,Bike,Banashankari,Malleshwaram,2.4,Success,Not Applicable,Cash,41.54,4.7,3.6,12.6,Tuesday,February,8,No,7,No,17.31,OK
OLA100742,2024-03-19,16:37:00,CUST1036,DRV409,Bike,MG Road,Rajajinagar,1.5,Success,Not Applicable,Debit Card,51.96,4.0,4.8,10.9,Tuesday,March,12,No,16,No,34.64,OK
OLA100743,2024-03-30,13:31:00,CUST1325,DRV388,Auto,Bellandur,KR Puram,4.7,Success,Not Applicable,Credit Card,74.67,4.3,4.1,22.1,Saturday,March,13,Yes,13,No,15.89,OK
OLA100744,2024-06-22,02:42:00,CUST1330,DRV275,Mini,KR Puram,Electronic City,6.0,Success,Not Applicable,UPI,88.63,,,18.5,Saturday,June,25,Yes,2,No,14.77,OK
OLA100745,2024-01-24,16:58:00,CUST1196,DRV403,Auto,Whitefield,JP Nagar,2.5,Cancelled by Customer,Driver taking too long,Not Applicable,0.0,,,0.0,Wednesday,January,4,No,16,Yes,0.0,OK
OLA100746,2024-04-19,08:19:00,CUST1256,DRV472,Auto,Bellandur,Domlur,6.0,Success,Not Applicable,UPI,102.64,4.8,4.6,25.8,Friday,April,16,No,8,No,17.11,OK
OLA100747,2024-06-11,15:51:00,CUST1176,DRV273,Mini,Jayanagar,Rajajinagar,8.5,Success,Not Applicable,UPI,129.47,4.9,3.9,30.0,Tuesday,June,24,No,15,No,15.23,OK
OLA100748,2024-06-27,11:26:00,CUST1335,DRV347,Auto,HSR Layout,Jayanagar,2.8,Success,Not Applicable,Wallet,48.64,5.0,5.0,11.2,Thursday,June,26,No,11,No,17.37,OK
OLA100749,2024-04-25,15:13:00,CUST1095,DRV302,Mini,HSR Layout,BTM Layout,2.4,Cancelled by Driver,Personal emergency,Not Applicable,0.0,,,0.0,Thursday,April,17,No,15,Yes,0.0,OK
OLA100750,2024-04-22,16:39:00,CUST1055,DRV285,Mini,Whitefield,Rajajinagar,2.4,Success,Not Applicable,Cash,45.14,4.6,4.3,11.2,Monday,April,17,No,16,No,18.81,OK
OLA100751,2024-01-26,00:17:00,CUST1384,DRV203,Auto,Indiranagar,Electronic City,5.6,Cancelled by Customer,Found alternate transport,Not Applicable,0.0,,,0.0,Friday,January,4,No,0,Yes,0.0,OK
OLA100752,2024-06-03,13:48:00,CUST1136,DRV448,Sedan,Yelahanka,KR Puram,7.4,Success,Not Applicable,UPI,128.7,4.2,4.0,23.4,Monday,June,23,No,13,No,17.39,OK
OLA100753,2024-04-02,17:24:00,CUST1312,DRV229,Prime,Yelahanka,MG Road,6.7,Cancelled by Customer,Found alternate transport,Not Applicable,0.0,,,0.0,Tuesday,April,14,No,17,Yes,0.0,OK
OLA100754,2024-02-05,02:07:00,CUST1444,DRV471,Mini,BTM Layout,Bellandur,10.4,Success,Not Applicable,Credit Card,142.96,4.6,4.2,25.8,Monday,February,6,No,2,No,13.75,OK
OLA100755,2024-01-01,22:52:00,CUST1164,DRV208,Auto,Indiranagar,Banashankari,14.8,Success,Not Applicable,Debit Card,153.74,4.6,3.9,42.3,Monday,January,1,No,22,No,10.39,OK
OLA100756,2024-03-30,12:59:00,CUST1243,DRV251,Auto,Hebbal,Jayanagar,8.5,Cancelled by Customer,Price too high,Not Applicable,0.0,,,0.0,Saturday,March,13,Yes,12,Yes,0.0,OK
OLA100757,2024-05-09,03:31:00,CUST1407,DRV244,Sedan,JP Nagar,KR Puram,3.2,Success,Not Applicable,UPI,64.84,4.9,4.9,15.8,Thursday,May,19,No,3,No,20.26,OK
OLA100758,2024-02-24,07:42:00,CUST1358,DRV245,Mini,Koramangala,Jayanagar,2.6,Success,Not Applicable,Credit Card,71.47,4.3,4.3,10.4,Saturday,February,8,Yes,7,No,27.49,OK
OLA100759,2024-06-19,13:57:00,CUST1343,DRV263,Auto,JP Nagar,Airport (KIA),7.8,Success,Not Applicable,Debit Card,80.11,4.2,4.2,23.1,Wednesday,June,25,No,13,No,10.27,OK
OLA100760,2024-06-02,05:21:00,CUST1193,DRV395,Auto,JP Nagar,Rajajinagar,21.9,Success,Not Applicable,UPI,214.45,4.6,4.3,69.5,Sunday,June,22,Yes,5,No,9.79,OK
OLA100761,2024-05-31,20:47:00,CUST1059,DRV493,Sedan,Yelahanka,Rajajinagar,4.1,Success,Not Applicable,Ola Money,89.71,4.9,5.0,18.3,Friday,May,22,No,20,No,21.88,OK
OLA100762,2024-04-18,09:23:00,CUST1408,DRV264,SUV,Domlur,Sarjapur Road,2.0,Success,Not Applicable,UPI,57.66,3.2,4.9,9.5,Thursday,April,16,No,9,No,28.83,OK
OLA100763,2024-03-16,19:31:00,CUST1348,DRV433,Mini,Hebbal,Electronic City,11.2,Cancelled by Customer,Wrong pickup location,Not Applicable,0.0,,,0.0,Saturday,March,11,Yes,19,Yes,0.0,OK
OLA100764,2024-01-09,15:19:00,CUST1257,DRV263,Mini,Sarjapur Road,Airport (KIA),6.0,Success,Not Applicable,UPI,99.93,3.7,4.4,24.1,Tuesday,January,2,No,15,No,16.66,OK
OLA100765,2024-03-26,07:45:00,CUST1107,DRV315,Auto,Indiranagar,Jayanagar,3.2,Success,Not Applicable,Ola Money,66.3,4.5,4.6,15.5,Tuesday,March,13,No,7,No,20.72,OK
OLA100766,2024-02-10,23:35:00,CUST1200,DRV372,Sedan,Airport (KIA),Banashankari,3.5,Success,Not Applicable,Credit Card,86.73,4.8,4.3,12.0,Saturday,February,6,Yes,23,No,24.78,OK
OLA100767,2024-02-19,17:35:00,CUST1201,DRV249,Mini,Sarjapur Road,Indiranagar,6.2,Success,Not Applicable,UPI,108.69,3.4,4.4,18.2,Monday,February,8,No,17,No,17.53,OK
OLA100768,2024-06-27,13:57:00,CUST1074,DRV307,Mini,Jayanagar,Koramangala,3.6,Cancelled by Customer,Change of plans,Not Applicable,0.0,,,0.0,Thursday,June,26,No,13,Yes,0.0,OK
OLA100769,2024-06-22,18:54:00,CUST1075,DRV392,Prime,Rajajinagar,HSR Layout,13.9,Success,Not Applicable,UPI,320.78,4.9,5.0,29.4,Saturday,June,25,Yes,18,No,23.08,OK
OLA100770,2024-05-11,16:37:00,CUST1222,DRV276,Auto,Bellandur,BTM Layout,6.5,Success,Not Applicable,Wallet,68.02,4.3,5.0,21.8,Saturday,May,19,Yes,16,No,10.46,OK
OLA100771,2024-06-16,18:49:00,CUST1354,DRV245,Auto,Bellandur,Marathahalli,11.4,Success,Not Applicable,UPI,125.17,3.9,4.6,40.4,Sunday,June,24,Yes,18,No,10.98,OK
OLA100772,2024-06-13,17:32:00,CUST1115,DRV211,SUV,Sarjapur Road,Airport (KIA),5.0,Success,Not Applicable,Cash,113.21,,,13.4,Thursday,June,24,No,17,No,22.64,OK
OLA100773,2024-06-14,17:19:00,CUST1292,DRV264,Mini,Whitefield,Sarjapur Road,12.3,Cancelled by Customer,Change of plans,Not Applicable,0.0,,,0.0,Friday,June,24,No,17,Yes,0.0,OK
OLA100774,2024-04-10,14:34:00,CUST1401,DRV471,Sedan,Malleshwaram,Domlur,4.5,Cancelled by Customer,Wrong pickup location,Not Applicable,0.0,,,0.0,Wednesday,April,15,No,14,Yes,0.0,OK
OLA100775,2024-02-01,18:13:00,CUST1337,DRV260,Mini,Domlur,HSR Layout,10.0,Success,Not Applicable,Cash,125.16,3.0,4.5,29.0,Thursday,February,5,No,18,No,12.52,OK
OLA100776,2024-06-16,07:35:00,CUST1131,Not Assigned,Mini,MG Road,JP Nagar,4.2,Driver Not Found,No drivers available in area,Not Applicable,0.0,,,0.0,Sunday,June,24,Yes,7,Yes,0.0,OK
OLA100777,2024-02-13,12:42:00,CUST1000,DRV327,Sedan,Malleshwaram,Hebbal,12.1,Success,Not Applicable,Cash,204.17,4.0,3.9,34.0,Tuesday,February,7,No,12,No,16.87,OK
OLA100778,2024-03-31,16:32:00,CUST1107,DRV250,Auto,Indiranagar,Marathahalli,3.8,Success,Not Applicable,UPI,46.5,3.9,4.3,10.9,Sunday,March,13,Yes,16,No,12.24,OK
OLA100779,2024-05-21,08:22:00,CUST1142,DRV265,Auto,Rajajinagar,Whitefield,4.0,Success,Not Applicable,Cash,63.5,3.0,5.0,11.8,Tuesday,May,21,No,8,No,15.88,OK
OLA100780,2024-03-06,17:44:00,CUST1073,DRV474,Mini,Marathahalli,Jayanagar,10.7,Success,Not Applicable,UPI,154.13,4.7,3.8,28.8,Wednesday,March,10,No,17,No,14.4,OK
OLA100781,2024-02-09,09:50:00,CUST1222,DRV394,Mini,Domlur,BTM Layout,5.3,Success,Not Applicable,UPI,75.63,4.3,4.5,21.6,Friday,February,6,No,9,No,14.27,OK
OLA100782,2024-06-12,06:58:00,CUST1170,DRV339,Mini,BTM Layout,Hebbal,14.2,Success,Not Applicable,UPI,171.5,4.6,5.0,31.3,Wednesday,June,24,No,6,No,12.08,OK
OLA100783,2024-02-01,07:46:00,CUST1448,DRV356,SUV,Airport (KIA),MG Road,9.2,Success,Not Applicable,Credit Card,196.47,4.8,3.8,23.6,Thursday,February,5,No,7,No,21.36,OK
OLA100784,2024-01-13,07:48:00,CUST1199,DRV292,Sedan,JP Nagar,Sarjapur Road,6.2,Cancelled by Customer,Found alternate transport,Not Applicable,0.0,,,0.0,Saturday,January,2,Yes,7,Yes,0.0,OK
OLA100785,2024-05-31,07:00:00,CUST1351,DRV462,Auto,Electronic City,HSR Layout,13.4,Success,Not Applicable,Wallet,133.56,4.7,4.5,49.3,Friday,May,22,No,7,No,9.97,OK
OLA100786,2024-06-30,18:43:00,CUST1311,DRV414,Auto,HSR Layout,Airport (KIA),5.6,Cancelled by Customer,Price too high,Not Applicable,0.0,,,0.0,Sunday,June,26,Yes,18,Yes,0.0,OK
OLA100787,2024-03-14,09:27:00,CUST1266,DRV317,Sedan,Whitefield,Yelahanka,6.8,Success,Not Applicable,Credit Card,122.4,4.5,4.8,23.7,Thursday,March,11,No,9,No,18.0,OK
OLA100788,2024-01-24,07:03:00,CUST1043,DRV346,SUV,Airport (KIA),Koramangala,7.3,Success,Not Applicable,Cash,175.26,3.7,4.6,23.8,Wednesday,January,4,No,7,No,24.01,OK
OLA100789,2024-05-11,17:43:00,CUST1272,DRV263,Sedan,Domlur,Jayanagar,16.5,Success,Not Applicable,Debit Card,273.33,4.2,4.1,41.6,Saturday,May,19,Yes,17,No,16.57,OK
OLA100790,2024-03-03,23:42:00,CUST1421,DRV470,Auto,Indiranagar,Airport (KIA),3.0,Success,Not Applicable,UPI,67.94,,,11.1,Sunday,March,9,Yes,23,No,22.65,OK
OLA100791,2024-01-20,10:08:00,CUST1263,DRV380,Prime,Rajajinagar,Malleshwaram,6.1,Success,Not Applicable,UPI,148.37,4.8,4.5,26.2,Saturday,January,3,Yes,10,No,24.32,OK
OLA100792,2024-05-18,19:54:00,CUST1060,DRV348,Mini,Hebbal,Marathahalli,4.4,Success,Not Applicable,UPI,69.79,4.6,4.9,13.5,Saturday,May,20,Yes,19,No,15.86,OK
OLA100793,2024-06-13,13:57:00,CUST1018,DRV437,Bike,Airport (KIA),Indiranagar,3.9,Success,Not Applicable,UPI,49.07,4.8,4.4,14.5,Thursday,June,24,No,13,No,12.58,OK
OLA100795,2024-06-17,08:30:00,CUST1202,DRV391,Mini,Rajajinagar,HSR Layout,8.7,Success,Not Applicable,Cash,126.79,3.7,3.6,22.3,Monday,June,25,No,8,No,14.57,OK
OLA100796,2024-02-05,10:27:00,CUST1002,DRV383,Bike,Jayanagar,MG Road,8.8,Success,Not Applicable,Ola Money,73.49,4.6,4.7,28.9,Monday,February,6,No,10,No,8.35,OK
OLA100797,2024-02-11,17:30:00,CUST1340,DRV336,Mini,Airport (KIA),Sarjapur Road,3.8,Success,Not Applicable,Debit Card,71.67,4.6,3.9,18.0,Sunday,February,6,Yes,17,No,18.86,OK
OLA100798,2024-04-12,13:59:00,CUST1379,DRV399,Mini,MG Road,Koramangala,13.7,Success,Not Applicable,UPI,169.48,4.5,3.6,51.3,Friday,April,15,No,13,No,12.37,OK
OLA100799,2024-03-28,12:38:00,CUST1377,DRV204,Sedan,Hebbal,Yelahanka,6.4,Success,Not Applicable,Cash,119.18,4.1,4.7,20.8,Thursday,March,13,No,12,No,18.62,OK
OLA100800,2024-03-04,09:07:00,CUST1442,DRV334,Prime,BTM Layout,KR Puram,5.5,Success,Not Applicable,Cash,120.95,4.5,4.6,16.4,Monday,March,10,No,9,No,21.99,OK
OLA100801,2024-02-16,08:54:00,CUST1302,Not Assigned,Mini,Electronic City,Rajajinagar,8.0,Driver Not Found,No drivers available in area,Not Applicable,0.0,,,0.0,Friday,February,7,No,8,Yes,0.0,OK
OLA100802,2024-02-07,12:39:00,CUST1102,DRV246,Bike,Bellandur,KR Puram,2.1,Success,Not Applicable,Cash,43.35,4.8,4.7,7.3,Wednesday,February,6,No,12,No,20.64,OK
OLA100803,2024-01-16,13:41:00,CUST1026,DRV355,Mini,Banashankari,Marathahalli,3.0,Success,Not Applicable,UPI,76.29,4.2,5.0,15.8,Tuesday,January,3,No,13,No,25.43,OK
OLA100804,2024-01-01,05:47:00,CUST1164,DRV308,Mini,Marathahalli,MG Road,4.1,Success,Not Applicable,UPI,73.03,,,13.9,Monday,January,1,No,5,No,17.81,OK
OLA100805,2024-06-20,01:35:00,CUST1394,DRV266,Sedan,Banashankari,Domlur,8.8,Success,Not Applicable,Cash,154.07,5.0,4.9,22.7,Thursday,June,25,No,1,No,17.51,OK
OLA100806,2024-01-28,07:47:00,CUST1308,DRV261,Mini,Jayanagar,BTM Layout,18.2,Cancelled by Driver,Vehicle breakdown,Not Applicable,0.0,,,0.0,Sunday,January,4,Yes,7,Yes,0.0,OK
OLA100807,2024-05-19,16:19:00,CUST1371,DRV442,Prime,Jayanagar,Sarjapur Road,7.0,Success,Not Applicable,UPI,176.62,4.9,5.0,25.6,Sunday,May,20,Yes,16,No,25.23,OK
OLA100808,2024-05-23,22:57:00,CUST1187,DRV429,Auto,MG Road,KR Puram,4.4,Success,Not Applicable,UPI,52.23,4.6,3.7,13.5,Thursday,May,21,No,22,No,11.87,OK
OLA100809,2024-06-02,08:08:00,CUST1148,DRV223,Prime,Indiranagar,BTM Layout,7.6,Success,Not Applicable,Wallet,189.22,3.0,5.0,23.8,Sunday,June,22,Yes,8,No,24.9,OK
OLA100810,2024-02-12,12:32:00,CUST1196,DRV487,Auto,Bellandur,Marathahalli,8.4,Success,Not Applicable,UPI,88.41,3.9,4.5,24.9,Monday,February,7,No,12,No,10.52,OK
OLA100811,2024-05-11,12:45:00,CUST1368,DRV468,Mini,BTM Layout,Yelahanka,17.6,Success,Not Applicable,UPI,229.85,4.0,4.7,54.0,Saturday,May,19,Yes,12,No,13.06,OK
OLA100812,2024-01-11,16:56:00,CUST1142,DRV268,Mini,Indiranagar,Marathahalli,5.4,Success,Not Applicable,Credit Card,104.09,5.0,4.4,22.4,Thursday,January,2,No,16,No,19.28,OK
OLA100813,2024-04-04,09:45:00,CUST1281,DRV335,Auto,Rajajinagar,Hebbal,10.9,Success,Not Applicable,UPI,111.94,5.0,4.6,29.2,Thursday,April,14,No,9,No,10.27,OK
OLA100814,2024-03-12,07:01:00,CUST1275,DRV498,Mini,Bellandur,Marathahalli,3.0,Success,Not Applicable,UPI,74.1,4.6,4.0,13.9,Tuesday,March,11,No,7,No,24.7,OK
OLA100815,2024-03-09,08:40:00,CUST1413,DRV402,Mini,BTM Layout,KR Puram,17.9,Cancelled by Driver,Vehicle breakdown,Not Applicable,0.0,,,0.0,Saturday,March,10,Yes,8,Yes,0.0,OK
OLA100816,2024-05-06,07:11:00,CUST1417,DRV290,Mini,Airport (KIA),HSR Layout,4.2,Success,Not Applicable,Cash,80.63,5.0,4.8,15.5,Monday,May,19,No,7,No,19.2,OK
OLA100817,2024-06-04,08:09:00,CUST1036,DRV418,Mini,Bellandur,MG Road,7.8,Success,Not Applicable,UPI,122.53,4.6,3.9,18.5,Tuesday,June,23,No,8,No,15.71,OK
OLA100818,2024-04-08,02:52:00,CUST1006,DRV222,Mini,Whitefield,Hebbal,28.7,Success,Not Applicable,Wallet,334.98,4.4,3.8,102.5,Monday,April,15,No,2,No,11.67,OK
OLA100819,2024-01-28,14:52:00,CUST1173,DRV243,Mini,Airport (KIA),Domlur,7.6,Cancelled by Customer,Booked by mistake,Not Applicable,0.0,,,0.0,Sunday,January,4,Yes,14,Yes,0.0,OK
OLA100820,2024-03-25,13:15:00,CUST1028,DRV478,Auto,JP Nagar,MG Road,5.3,Success,Not Applicable,Ola Money,58.04,4.0,4.3,15.0,Monday,March,13,No,13,No,10.95,OK
OLA100821,2024-04-16,07:58:00,CUST1114,DRV212,Mini,Bellandur,Electronic City,5.7,Success,Not Applicable,Credit Card,88.3,4.0,4.9,17.2,Tuesday,April,16,No,7,No,15.49,OK
OLA100822,2024-01-29,13:07:00,CUST1114,DRV252,Prime,Hebbal,Bellandur,7.1,Success,Not Applicable,UPI,159.29,3.6,4.7,26.0,Monday,January,5,No,13,No,22.44,OK
OLA100823,2024-01-12,16:11:00,CUST1219,DRV471,Sedan,HSR Layout,KR Puram,8.8,Success,Not Applicable,UPI,142.71,3.8,4.5,30.7,Friday,January,2,No,16,No,16.22,OK
OLA100824,2024-01-27,08:31:00,CUST1338,Not Assigned,Bike,Whitefield,Koramangala,6.3,Driver Not Found,No drivers available in area,Not Applicable,0.0,,,0.0,Saturday,January,4,Yes,8,Yes,0.0,OK
OLA100825,2024-06-16,07:09:00,CUST1199,DRV428,Auto,Airport (KIA),Whitefield,4.3,Success,Not Applicable,UPI,52.79,4.2,4.6,12.0,Sunday,June,24,Yes,7,No,12.28,OK
OLA100826,2024-02-02,07:24:00,CUST1180,DRV363,Sedan,Airport (KIA),Rajajinagar,7.3,Success,Not Applicable,Ola Money,135.25,4.2,4.0,29.6,Friday,February,5,No,7,No,18.53,OK
OLA100827,2024-04-08,12:31:00,CUST1275,DRV473,Sedan,JP Nagar,BTM Layout,5.4,Success,Not Applicable,Credit Card,102.14,3.4,3.5,19.0,Monday,April,15,No,12,No,18.91,OK
OLA100828,2024-02-26,17:15:00,CUST1185,Not Assigned,Mini,Koramangala,Bellandur,4.4,Driver Not Found,No drivers available in area,Not Applicable,0.0,,,0.0,Monday,February,9,No,17,Yes,0.0,OK
OLA100829,2024-01-29,05:22:00,CUST1184,DRV271,Mini,Electronic City,Sarjapur Road,2.6,Cancelled by Driver,Customer not reachable,Not Applicable,0.0,,,0.0,Monday,January,5,No,5,Yes,0.0,OK
OLA100830,2024-02-23,19:03:00,CUST1382,DRV270,Mini,Electronic City,Rajajinagar,3.0,Success,Not Applicable,UPI,69.99,3.8,3.8,9.8,Friday,February,8,No,19,No,23.33,OK
OLA100831,2024-05-28,06:53:00,CUST1304,DRV280,Mini,Banashankari,Electronic City,4.5,Success,Not Applicable,UPI,66.87,4.4,4.2,17.3,Tuesday,May,22,No,6,No,14.86,OK
OLA100832,2024-02-16,13:08:00,CUST1383,DRV470,Auto,Hebbal,Malleshwaram,7.4,Success,Not Applicable,UPI,86.55,4.3,4.0,21.5,Friday,February,7,No,13,No,11.7,OK
OLA100833,2024-02-09,05:41:00,CUST1016,DRV509,Auto,Malleshwaram,HSR Layout,8.5,Cancelled by Customer,Wrong pickup location,Not Applicable,0.0,,,0.0,Friday,February,6,No,5,Yes,0.0,OK
OLA100834,2024-04-26,14:53:00,CUST1132,DRV492,SUV,BTM Layout,KR Puram,1.7,Success,Not Applicable,Wallet,73.54,4.4,5.0,9.6,Friday,April,17,No,14,No,43.26,OK
OLA100835,2024-02-24,11:03:00,CUST1112,DRV400,Mini,JP Nagar,Whitefield,7.5,Success,Not Applicable,Debit Card,122.0,3.7,4.0,26.0,Saturday,February,8,Yes,11,No,16.27,OK
OLA100836,2024-02-12,05:23:00,CUST1331,DRV417,Mini,MG Road,Electronic City,5.9,Success,Not Applicable,UPI,82.23,4.8,4.1,14.0,Monday,February,7,No,5,No,13.94,OK
OLA100837,2024-05-18,06:13:00,CUST1305,DRV205,Auto,Hebbal,Jayanagar,5.6,Success,Not Applicable,Wallet,76.35,3.9,4.7,21.8,Saturday,May,20,Yes,6,No,13.63,OK
OLA100838,2024-05-24,04:50:00,CUST1247,DRV223,Mini,Whitefield,Yelahanka,15.2,Success,Not Applicable,UPI,182.45,4.6,4.6,45.9,Friday,May,21,No,4,No,12.0,OK
OLA100839,2024-04-10,18:08:00,CUST1359,DRV249,Sedan,Malleshwaram,MG Road,7.7,Success,Not Applicable,Cash,137.87,3.1,3.8,32.0,Wednesday,April,15,No,18,No,17.91,OK
OLA100840,2024-01-10,09:09:00,CUST1349,DRV437,Mini,Whitefield,Marathahalli,4.3,Cancelled by Customer,Wrong pickup location,Not Applicable,0.0,,,0.0,Wednesday,January,2,No,9,Yes,0.0,OK
OLA100841,2024-02-06,18:10:00,CUST1256,DRV464,Prime,Domlur,Malleshwaram,5.8,Success,Not Applicable,UPI,158.91,5.0,4.2,16.0,Tuesday,February,6,No,18,No,27.4,OK
OLA100842,2024-04-20,03:45:00,CUST1396,DRV398,Mini,Domlur,Whitefield,11.1,Success,Not Applicable,UPI,165.84,3.3,3.9,23.4,Saturday,April,16,Yes,3,No,14.94,OK
OLA100843,2024-03-20,14:51:00,CUST1400,DRV244,Sedan,KR Puram,Yelahanka,14.6,Success,Not Applicable,UPI,224.49,4.1,4.5,51.7,Wednesday,March,12,No,14,No,15.38,OK
OLA100844,2024-01-19,07:49:00,CUST1235,DRV332,Prime,Marathahalli,Airport (KIA),2.5,Success,Not Applicable,UPI,84.51,5.0,4.3,13.0,Friday,January,3,No,7,No,33.8,OK
OLA100845,2024-03-14,11:54:00,CUST1317,DRV266,Sedan,Malleshwaram,Yelahanka,7.2,Success,Not Applicable,Ola Money,127.01,3.4,4.0,20.8,Thursday,March,11,No,11,No,17.64,OK
OLA100846,2024-06-23,04:41:00,CUST1029,DRV325,Auto,JP Nagar,Koramangala,7.7,Success,Not Applicable,Ola Money,81.24,3.9,4.0,25.3,Sunday,June,25,Yes,4,No,10.55,OK
OLA100847,2024-02-27,11:29:00,CUST1342,DRV247,Sedan,KR Puram,Sarjapur Road,4.0,Success,Not Applicable,Ola Money,98.0,4.0,4.6,18.9,Tuesday,February,9,No,11,No,24.5,OK
OLA100848,2024-04-11,18:12:00,CUST1205,DRV368,Mini,Yelahanka,Malleshwaram,5.3,Success,Not Applicable,Cash,79.68,3.6,4.5,21.0,Thursday,April,15,No,18,No,15.03,OK
OLA100849,2024-04-30,07:13:00,CUST1163,DRV490,Mini,Domlur,Bellandur,12.2,Cancelled by Customer,Found alternate transport,Not Applicable,0.0,,,0.0,Tuesday,April,18,No,7,Yes,0.0,OK
OLA100850,2024-05-01,08:13:00,CUST1444,DRV211,Prime,Rajajinagar,Marathahalli,4.3,Success,Not Applicable,UPI,108.56,5.0,4.5,16.6,Wednesday,May,18,No,8,No,25.25,OK
OLA100851,2024-04-25,19:33:00,CUST1109,DRV332,Mini,Indiranagar,MG Road,4.2,Success,Not Applicable,UPI,88.05,4.6,4.1,11.8,Thursday,April,17,No,19,No,20.96,OK
OLA100852,2024-04-17,13:34:00,CUST1352,DRV282,Prime,Rajajinagar,Banashankari,3.8,Success,Not Applicable,Ola Money,118.38,3.8,4.0,13.1,Wednesday,April,16,No,13,No,31.15,OK
OLA100853,2024-02-20,06:42:00,CUST1296,DRV515,Mini,Yelahanka,Koramangala,8.4,Success,Not Applicable,UPI,111.92,5.0,4.3,32.3,Tuesday,February,8,No,6,No,13.32,OK
OLA100854,2024-06-21,11:33:00,CUST1369,DRV201,Prime,Electronic City,Airport (KIA),2.7,Success,Not Applicable,UPI,88.17,4.3,3.9,15.2,Friday,June,25,No,11,No,32.66,OK
OLA100855,2024-06-27,14:10:00,CUST1307,DRV393,Mini,Jayanagar,BTM Layout,3.2,Success,Not Applicable,UPI,79.35,3.9,4.4,17.4,Thursday,June,26,No,14,No,24.8,OK
OLA100856,2024-03-19,13:55:00,CUST1063,DRV455,Auto,KR Puram,Rajajinagar,10.2,Success,Not Applicable,Debit Card,108.91,3.9,4.6,29.1,Tuesday,March,12,No,13,No,10.68,OK
OLA100857,2024-01-30,20:29:00,CUST1219,DRV391,Mini,Domlur,HSR Layout,4.3,Success,Not Applicable,Cash,78.58,4.0,5.0,14.8,Tuesday,January,5,No,20,No,18.27,OK
OLA100858,2024-03-13,17:59:00,CUST1438,DRV250,Prime,MG Road,Whitefield,4.7,Success,Not Applicable,Debit Card,128.49,,,16.8,Wednesday,March,11,No,17,No,27.34,OK
OLA100859,2024-05-19,06:28:00,CUST1257,DRV497,Bike,Hebbal,KR Puram,2.8,Success,Not Applicable,Ola Money,38.16,4.8,4.5,9.2,Sunday,May,20,Yes,6,No,13.63,OK
OLA100860,2024-02-01,10:50:00,CUST1237,DRV411,Bike,Bellandur,Koramangala,8.2,Cancelled by Customer,Price too high,Not Applicable,0.0,,,0.0,Thursday,February,5,No,10,Yes,0.0,OK
OLA100861,2024-03-13,08:42:00,CUST1135,DRV357,Bike,Rajajinagar,BTM Layout,40.0,Cancelled by Driver,Vehicle breakdown,Not Applicable,0.0,,,0.0,Wednesday,March,11,No,8,Yes,0.0,OK
OLA100862,2024-01-04,02:50:00,CUST1191,Not Assigned,Bike,Domlur,Yelahanka,1.4,Driver Not Found,No drivers available in area,Not Applicable,0.0,,,0.0,Thursday,January,1,No,2,Yes,0.0,OK
OLA100863,2024-04-20,08:25:00,CUST1098,DRV515,Auto,Indiranagar,Domlur,15.8,Cancelled by Driver,Personal emergency,Not Applicable,0.0,,,0.0,Saturday,April,16,Yes,8,Yes,0.0,OK
OLA100864,2024-02-14,11:20:00,CUST1264,DRV281,Sedan,MG Road,HSR Layout,5.9,Success,Not Applicable,Credit Card,112.73,,,19.3,Wednesday,February,7,No,11,No,19.11,OK
OLA100865,2024-03-07,19:10:00,CUST1165,DRV304,Mini,Koramangala,KR Puram,3.3,Success,Not Applicable,Cash,51.65,4.1,3.8,15.5,Thursday,March,10,No,19,No,15.65,OK
OLA100866,2024-01-21,15:01:00,CUST1380,DRV266,Prime,Banashankari,HSR Layout,4.5,Cancelled by Driver,Too far from pickup,Not Applicable,0.0,,,0.0,Sunday,January,3,Yes,15,Yes,0.0,OK
OLA100867,2024-02-19,14:15:00,CUST1371,DRV393,Auto,Indiranagar,Hebbal,6.0,Success,Not Applicable,Ola Money,117.49,3.9,4.8,48.8,Monday,February,8,No,14,No,19.58,OK
OLA100868,2024-01-29,12:38:00,CUST1062,DRV254,Mini,Marathahalli,HSR Layout,9.1,Success,Not Applicable,Cash,117.88,5.0,4.1,30.7,Monday,January,5,No,12,No,12.95,OK
OLA100869,2024-05-05,18:26:00,CUST1037,DRV449,Prime,Whitefield,BTM Layout,5.4,Success,Not Applicable,Debit Card,143.62,4.4,5.0,21.9,Sunday,May,18,Yes,18,No,26.6,OK
OLA100870,2024-02-16,09:57:00,CUST1091,Not Assigned,Auto,Indiranagar,Electronic City,3.7,Driver Not Found,No drivers available in area,Not Applicable,0.0,,,0.0,Friday,February,7,No,9,Yes,0.0,OK
OLA100871,2024-05-03,23:38:00,CUST1279,DRV202,Mini,Marathahalli,MG Road,9.4,Success,Not Applicable,UPI,124.19,4.4,4.5,35.9,Friday,May,18,No,23,No,13.21,OK
OLA100872,2024-04-03,07:13:00,CUST1015,DRV367,Mini,Whitefield,HSR Layout,5.6,Success,Not Applicable,Cash,84.63,,,14.8,Wednesday,April,14,No,7,No,15.11,OK
OLA100873,2024-03-16,12:51:00,CUST1253,DRV423,SUV,Bellandur,Jayanagar,11.8,Success,Not Applicable,Wallet,234.9,3.8,4.9,30.0,Saturday,March,11,Yes,12,No,19.91,OK
OLA100874,2024-01-27,15:49:00,CUST1300,DRV359,Mini,Jayanagar,Malleshwaram,10.1,Success,Not Applicable,UPI,139.1,5.0,3.9,26.6,Saturday,January,4,Yes,15,No,13.77,OK
OLA100875,2024-01-28,16:27:00,CUST1102,DRV490,Sedan,Whitefield,Airport (KIA),2.5,Success,Not Applicable,UPI,55.02,3.3,4.2,11.5,Sunday,January,4,Yes,16,No,22.01,OK
OLA100876,2024-06-14,21:33:00,CUST1180,DRV403,Mini,HSR Layout,Banashankari,10.8,Success,Not Applicable,UPI,146.68,4.0,4.2,33.5,Friday,June,24,No,21,No,13.58,OK
OLA100877,2024-02-07,18:07:00,CUST1004,DRV363,Auto,Yelahanka,Jayanagar,2.7,Cancelled by Customer,Driver taking too long,Not Applicable,0.0,,,0.0,Wednesday,February,6,No,18,Yes,0.0,OK
OLA100878,2024-05-23,05:18:00,CUST1308,DRV308,SUV,MG Road,Sarjapur Road,7.4,Success,Not Applicable,UPI,156.54,3.6,4.4,21.8,Thursday,May,21,No,5,No,21.15,OK
OLA100879,2024-06-14,12:48:00,CUST1222,DRV362,Bike,Jayanagar,BTM Layout,8.1,Success,Not Applicable,UPI,65.09,4.2,3.6,29.7,Friday,June,24,No,12,No,8.04,OK
OLA100880,2024-04-25,07:20:00,CUST1302,DRV396,Mini,Koramangala,Yelahanka,12.1,Cancelled by Customer,Price too high,Not Applicable,0.0,,,0.0,Thursday,April,17,No,7,Yes,0.0,OK
OLA100881,2024-01-02,20:18:00,CUST1067,DRV406,Mini,JP Nagar,Malleshwaram,9.6,Success,Not Applicable,Debit Card,121.77,3.7,5.0,32.9,Tuesday,January,1,No,20,No,12.68,OK
OLA100882,2024-03-18,08:48:00,CUST1177,DRV404,Mini,Yelahanka,Malleshwaram,10.5,Success,Not Applicable,Ola Money,148.87,4.2,4.3,27.4,Monday,March,12,No,8,No,14.18,OK
OLA100883,2024-02-01,19:39:00,CUST1052,DRV214,Mini,Koramangala,HSR Layout,8.6,Success,Not Applicable,UPI,112.75,3.8,4.1,23.3,Thursday,February,5,No,19,No,13.11,OK
OLA100884,2024-02-18,17:51:00,CUST1188,DRV475,Prime,Indiranagar,Hebbal,4.3,Success,Not Applicable,UPI,127.5,3.7,4.5,17.6,Sunday,February,7,Yes,17,No,29.65,OK
OLA100885,2024-06-25,16:51:00,CUST1194,DRV338,Auto,Electronic City,Domlur,15.7,Success,Not Applicable,Ola Money,154.42,3.2,4.4,37.8,Tuesday,June,26,No,16,No,9.84,OK
OLA100886,2024-04-15,16:42:00,CUST1062,Not Assigned,SUV,Sarjapur Road,Airport (KIA),2.3,Driver Not Found,No drivers available in area,Not Applicable,0.0,,,0.0,Monday,April,16,No,16,Yes,0.0,OK
OLA100887,2024-03-23,18:30:00,CUST1115,DRV247,Mini,Hebbal,Whitefield,17.9,Cancelled by Customer,Driver taking too long,Not Applicable,0.0,,,0.0,Saturday,March,12,Yes,18,Yes,0.0,OK
OLA100888,2024-06-17,16:54:00,CUST1105,DRV239,Mini,Airport (KIA),Indiranagar,10.3,Success,Not Applicable,Cash,134.67,4.4,4.8,29.5,Monday,June,25,No,16,No,13.07,OK
OLA100889,2024-03-28,08:37:00,CUST1389,DRV470,SUV,Yelahanka,Hebbal,12.4,Success,Not Applicable,UPI,259.46,4.5,5.0,27.5,Thursday,March,13,No,8,No,20.92,OK
OLA100890,2024-04-03,11:28:00,CUST1444,DRV517,SUV,Bellandur,Jayanagar,9.4,Success,Not Applicable,Cash,186.26,4.5,4.6,28.1,Wednesday,April,14,No,11,No,19.81,OK
OLA100891,2024-01-27,07:56:00,CUST1054,DRV256,Mini,KR Puram,HSR Layout,8.2,Success,Not Applicable,UPI,113.2,3.6,5.0,23.5,Saturday,January,4,Yes,7,No,13.8,OK
OLA100892,2024-05-20,06:27:00,CUST1108,DRV277,Sedan,Rajajinagar,JP Nagar,14.2,Success,Not Applicable,Cash,223.81,4.7,4.6,39.1,Monday,May,21,No,6,No,15.76,OK
OLA100893,2024-04-18,08:12:00,CUST1206,DRV290,SUV,Malleshwaram,Airport (KIA),18.7,Success,Not Applicable,UPI,367.16,4.5,3.8,63.5,Thursday,April,16,No,8,No,19.63,OK
OLA100894,2024-01-30,05:02:00,CUST1294,DRV336,Mini,JP Nagar,MG Road,7.4,Cancelled by Driver,Personal emergency,Not Applicable,0.0,,,0.0,Tuesday,January,5,No,5,Yes,0.0,OK
OLA100895,2024-04-10,11:14:00,CUST1375,DRV337,Sedan,HSR Layout,BTM Layout,5.5,Success,Not Applicable,UPI,102.43,3.2,4.0,18.9,Wednesday,April,15,No,11,No,18.62,OK
OLA100896,2024-05-08,20:39:00,CUST1244,DRV356,Bike,BTM Layout,HSR Layout,4.6,Success,Not Applicable,UPI,52.05,5.0,3.7,20.8,Wednesday,May,19,No,20,No,11.32,OK
OLA100897,2024-01-04,17:27:00,CUST1171,DRV210,Mini,Marathahalli,Whitefield,8.9,Success,Not Applicable,Cash,118.02,4.9,4.2,33.6,Thursday,January,1,No,17,No,13.26,OK
OLA100898,2024-01-01,13:15:00,CUST1241,DRV256,Mini,Koramangala,Domlur,5.7,Success,Not Applicable,Debit Card,98.1,5.0,5.0,21.2,Monday,January,1,No,13,No,17.21,OK
OLA100899,2024-01-25,06:51:00,CUST1376,DRV371,Sedan,Banashankari,Sarjapur Road,4.3,Success,Not Applicable,UPI,82.92,3.4,3.0,13.3,Thursday,January,4,No,6,No,19.28,OK
OLA100900,2024-06-30,09:33:00,CUST1396,DRV505,Sedan,Marathahalli,JP Nagar,4.5,Success,Not Applicable,Credit Card,99.85,4.6,4.6,15.7,Sunday,June,26,Yes,9,No,22.19,OK
OLA100901,2024-02-06,10:01:00,CUST1125,DRV495,Auto,Rajajinagar,Banashankari,8.0,Success,Not Applicable,UPI,85.19,3.2,4.2,19.8,Tuesday,February,6,No,10,No,10.65,OK
OLA100902,2024-03-11,19:43:00,CUST1278,DRV430,Prime,Malleshwaram,HSR Layout,6.8,Success,Not Applicable,Cash,158.96,4.6,4.4,17.8,Monday,March,11,No,19,No,23.38,OK
OLA100903,2024-03-11,09:02:00,CUST1296,DRV466,Auto,Domlur,MG Road,4.3,Success,Not Applicable,UPI,62.4,4.6,3.9,14.9,Monday,March,11,No,9,No,14.51,OK
OLA100904,2024-01-03,13:43:00,CUST1075,DRV438,Auto,Malleshwaram,Hebbal,6.3,Success,Not Applicable,Debit Card,84.11,4.6,4.3,20.7,Wednesday,January,1,No,13,No,13.35,OK
OLA100905,2024-01-04,12:13:00,CUST1144,DRV503,Mini,Airport (KIA),Hebbal,3.8,Success,Not Applicable,UPI,56.95,4.7,4.5,10.0,Thursday,January,1,No,12,No,14.99,OK
OLA100906,2024-03-13,18:32:00,CUST1340,DRV487,Mini,Whitefield,Hebbal,4.1,Success,Not Applicable,UPI,64.38,4.4,3.3,17.7,Wednesday,March,11,No,18,No,15.7,OK
OLA100907,2024-01-09,13:22:00,CUST1127,DRV397,Sedan,MG Road,Hebbal,11.7,Success,Not Applicable,Ola Money,206.41,4.6,5.0,39.0,Tuesday,January,2,No,13,No,17.64,OK
OLA100908,2024-05-28,07:49:00,CUST1102,DRV328,Mini,JP Nagar,Jayanagar,2.3,Success,Not Applicable,Cash,49.33,3.9,3.9,11.1,Tuesday,May,22,No,7,No,21.45,OK
OLA100909,2024-04-06,18:53:00,CUST1223,DRV249,Mini,KR Puram,Yelahanka,1.7,Success,Not Applicable,Cash,48.81,4.0,4.5,8.6,Saturday,April,14,Yes,18,No,28.71,OK
OLA100910,2024-04-15,12:58:00,CUST1286,DRV213,Prime,Rajajinagar,Whitefield,2.6,Success,Not Applicable,Cash,89.68,4.1,3.8,10.5,Monday,April,16,No,12,No,34.49,OK
OLA100911,2024-02-02,16:57:00,CUST1289,DRV350,Mini,Bellandur,Electronic City,5.0,Success,Not Applicable,Cash,82.09,3.4,4.6,17.5,Friday,February,5,No,16,No,16.42,OK
OLA100912,2024-01-14,06:17:00,CUST1424,DRV254,Sedan,MG Road,Yelahanka,16.0,Success,Not Applicable,Cash,255.96,4.3,4.6,34.6,Sunday,January,2,Yes,6,No,16.0,OK
OLA100913,2024-05-10,18:03:00,CUST1359,DRV304,SUV,JP Nagar,Airport (KIA),5.1,Cancelled by Driver,Customer not reachable,Not Applicable,0.0,,,0.0,Friday,May,19,No,18,Yes,0.0,OK
OLA100914,2024-03-18,16:46:00,CUST1003,DRV448,Auto,Jayanagar,MG Road,6.9,Success,Not Applicable,UPI,72.21,4.7,5.0,18.8,Monday,March,12,No,16,No,10.47,OK
OLA100915,2024-01-27,13:53:00,CUST1258,Not Assigned,Sedan,MG Road,Yelahanka,4.2,Driver Not Found,No drivers available in area,Not Applicable,0.0,,,0.0,Saturday,January,4,Yes,13,Yes,0.0,OK
OLA100916,2024-03-01,19:34:00,CUST1133,DRV513,Auto,Domlur,MG Road,3.7,Success,Not Applicable,Credit Card,57.57,5.0,4.3,17.7,Friday,March,9,No,19,No,15.56,OK
OLA100917,2024-02-13,13:44:00,CUST1279,Not Assigned,Sedan,Hebbal,Yelahanka,7.1,Driver Not Found,No drivers available in area,Not Applicable,0.0,,,0.0,Tuesday,February,7,No,13,Yes,0.0,OK
OLA100918,2024-05-06,10:17:00,CUST1200,DRV397,Auto,MG Road,Airport (KIA),12.1,Success,Not Applicable,Cash,124.31,4.4,4.8,44.2,Monday,May,19,No,10,No,10.27,OK
OLA100919,2024-01-03,15:02:00,CUST1330,DRV517,Sedan,Banashankari,Electronic City,5.3,Success,Not Applicable,UPI,103.24,4.3,5.0,22.4,Wednesday,January,1,No,15,No,19.48,OK
OLA100920,2024-05-08,08:57:00,CUST1361,DRV468,Sedan,Whitefield,Jayanagar,1.6,Success,Not Applicable,Credit Card,57.08,4.4,4.3,7.5,Wednesday,May,19,No,8,No,35.67,OK
OLA100921,2024-02-05,09:48:00,CUST1337,DRV355,Bike,Whitefield,Malleshwaram,5.7,Success,Not Applicable,Ola Money,60.5,4.2,4.6,18.0,Monday,February,6,No,9,No,10.61,OK
OLA100922,2024-06-17,14:08:00,CUST1357,DRV365,SUV,Sarjapur Road,Banashankari,3.4,Cancelled by Customer,Change of plans,Not Applicable,0.0,,,0.0,Monday,June,25,No,14,Yes,0.0,OK
OLA100923,2024-01-12,02:46:00,CUST1081,DRV318,Mini,MG Road,Malleshwaram,12.6,Success,Not Applicable,Debit Card,181.63,4.2,4.7,34.3,Friday,January,2,No,2,No,14.42,OK
OLA100924,2024-03-01,06:56:00,CUST1089,DRV396,Auto,Rajajinagar,Whitefield,3.8,Success,Not Applicable,Cash,47.26,4.8,4.4,18.8,Friday,March,9,No,6,No,12.44,OK
OLA100925,2024-04-05,16:53:00,CUST1015,DRV289,Sedan,KR Puram,Bellandur,4.8,Success,Not Applicable,Cash,86.2,3.9,4.6,14.3,Friday,April,14,No,16,No,17.96,OK
OLA100926,2024-06-22,09:12:00,CUST1379,DRV282,Sedan,Malleshwaram,Jayanagar,5.8,Success,Not Applicable,UPI,52.58,4.6,3.3,7.3,Saturday,June,25,Yes,9,No,9.07,OK
OLA100927,2024-02-05,20:23:00,CUST1396,DRV408,SUV,Whitefield,Banashankari,12.5,Success,Not Applicable,Cash,245.56,4.1,3.8,30.2,Monday,February,6,No,20,No,19.64,OK
OLA100928,2024-02-23,15:30:00,CUST1256,DRV380,Sedan,JP Nagar,Electronic City,7.7,Success,Not Applicable,Cash,146.85,4.5,4.0,24.5,Friday,February,8,No,15,No,19.07,OK
OLA100929,2024-02-02,18:19:00,CUST1051,DRV260,Sedan,Indiranagar,Sarjapur Road,5.2,Success,Not Applicable,UPI,97.73,4.9,5.0,17.5,Friday,February,5,No,18,No,18.79,OK
OLA100930,2024-06-29,10:55:00,CUST1446,DRV280,Prime,Whitefield,Sarjapur Road,4.4,Cancelled by Customer,Price too high,Not Applicable,0.0,,,0.0,Saturday,June,26,Yes,10,Yes,0.0,OK
OLA100931,2024-05-08,09:39:00,CUST1029,DRV479,Auto,MG Road,Domlur,4.0,Cancelled by Driver,Too far from pickup,Not Applicable,0.0,,,0.0,Wednesday,May,19,No,9,Yes,0.0,OK
OLA100932,2024-06-16,02:21:00,CUST1215,DRV333,Mini,Indiranagar,HSR Layout,8.1,Cancelled by Customer,Booked by mistake,Not Applicable,0.0,,,0.0,Sunday,June,24,Yes,2,Yes,0.0,OK
OLA100933,2024-06-18,20:03:00,CUST1120,DRV452,Mini,Sarjapur Road,Indiranagar,4.8,Success,Not Applicable,Ola Money,78.18,3.2,5.0,18.5,Tuesday,June,25,No,20,No,16.29,OK
OLA100934,2024-05-21,13:08:00,CUST1138,DRV221,Mini,Airport (KIA),JP Nagar,6.3,Success,Not Applicable,Ola Money,91.06,4.1,4.1,22.0,Tuesday,May,21,No,13,No,14.45,OK
OLA100935,2024-02-28,02:03:00,CUST1013,DRV300,SUV,Bellandur,Koramangala,10.9,Success,Not Applicable,Cash,227.77,3.3,5.0,28.9,Wednesday,February,9,No,2,No,20.9,OK
OLA100936,2024-04-19,14:07:00,CUST1224,DRV260,Bike,Banashankari,Bellandur,6.2,Success,Not Applicable,Cash,58.01,4.6,3.9,23.2,Friday,April,16,No,14,No,9.36,OK
OLA100937,2024-02-28,11:48:00,CUST1413,DRV474,SUV,Koramangala,Marathahalli,10.5,Success,Not Applicable,UPI,228.38,4.8,3.3,34.9,Wednesday,February,9,No,11,No,21.75,OK
OLA100938,2024-03-30,16:56:00,CUST1125,DRV349,Mini,Bellandur,Malleshwaram,5.7,Success,Not Applicable,UPI,97.43,3.9,4.1,25.6,Saturday,March,13,Yes,16,No,17.09,OK
OLA100939,2024-06-29,18:22:00,CUST1439,DRV312,Sedan,Hebbal,Bellandur,9.0,Success,Not Applicable,UPI,164.41,4.2,4.0,25.0,Saturday,June,26,Yes,18,No,18.27,OK
OLA100940,2024-06-27,14:06:00,CUST1027,DRV377,Bike,Domlur,Airport (KIA),10.0,Success,Not Applicable,UPI,83.39,4.1,4.7,38.0,Thursday,June,26,No,14,No,8.34,OK
OLA100941,2024-05-21,08:23:00,CUST1371,DRV272,Mini,BTM Layout,Airport (KIA),3.6,Success,Not Applicable,UPI,74.1,2.6,4.2,16.0,Tuesday,May,21,No,8,No,20.58,OK
OLA100942,2024-03-12,15:19:00,CUST1423,DRV243,Mini,Domlur,Bellandur,3.0,Cancelled by Customer,Found alternate transport,Not Applicable,0.0,,,0.0,Tuesday,March,11,No,15,Yes,0.0,OK
OLA100943,2024-04-23,04:13:00,CUST1194,DRV294,Auto,JP Nagar,Indiranagar,1.9,Success,Not Applicable,Ola Money,50.01,5.0,4.6,11.6,Tuesday,April,17,No,4,No,26.32,OK
OLA100944,2024-03-27,20:58:00,CUST1134,DRV502,Mini,Koramangala,Banashankari,4.0,Success,Not Applicable,Ola Money,80.77,4.6,4.0,14.7,Wednesday,March,13,No,20,No,20.19,OK
OLA100945,2024-01-15,18:35:00,CUST1198,DRV347,Bike,JP Nagar,KR Puram,2.4,Success,Not Applicable,Wallet,42.12,4.1,4.5,8.6,Monday,January,3,No,18,No,17.55,OK
OLA100946,2024-04-29,18:59:00,CUST1121,DRV267,Bike,Marathahalli,Hebbal,5.7,Success,Not Applicable,Cash,51.77,4.1,4.7,17.4,Monday,April,18,No,18,No,9.08,OK
OLA100947,2024-06-06,08:17:00,CUST1337,DRV328,Auto,Domlur,Koramangala,2.8,Success,Not Applicable,UPI,41.13,3.7,4.0,11.1,Thursday,June,23,No,8,No,14.69,OK
OLA100948,2024-04-28,01:00:00,CUST1238,DRV218,Prime,Airport (KIA),Sarjapur Road,5.5,Success,Not Applicable,Credit Card,65.54,4.0,4.7,7.9,Sunday,April,17,Yes,1,No,11.92,OK
OLA100949,2024-03-21,21:28:00,CUST1092,DRV332,Auto,Marathahalli,Hebbal,10.7,Success,Not Applicable,Credit Card,126.67,3.6,4.2,26.8,Thursday,March,12,No,21,No,11.84,OK
OLA100950,2024-01-13,08:41:00,CUST1019,DRV294,Auto,KR Puram,Domlur,3.6,Success,Not Applicable,Wallet,53.32,,,17.9,Saturday,January,2,Yes,8,No,14.81,OK
OLA100951,2024-03-06,01:54:00,CUST1439,DRV380,SUV,Indiranagar,Marathahalli,5.3,Success,Not Applicable,UPI,120.89,4.8,5.0,18.2,Wednesday,March,10,No,1,No,22.81,OK
OLA100952,2024-03-24,15:53:00,CUST1421,DRV412,Mini,Rajajinagar,Hebbal,4.6,Success,Not Applicable,Cash,69.89,,,13.5,Sunday,March,12,Yes,15,No,15.19,OK
OLA100953,2024-06-15,10:18:00,CUST1318,DRV215,Mini,Indiranagar,Yelahanka,16.1,Cancelled by Driver,Vehicle breakdown,Not Applicable,0.0,,,0.0,Saturday,June,24,Yes,10,Yes,0.0,OK
OLA100954,2024-01-28,16:51:00,CUST1160,DRV461,Auto,Malleshwaram,Domlur,9.3,Cancelled by Driver,Personal emergency,Not Applicable,0.0,,,0.0,Sunday,January,4,Yes,16,Yes,0.0,OK
OLA100955,2024-05-29,03:46:00,CUST1076,Not Assigned,Auto,Whitefield,MG Road,1.6,Driver Not Found,No drivers available in area,Not Applicable,0.0,,,0.0,Wednesday,May,22,No,3,Yes,0.0,OK
OLA100957,2024-04-22,09:12:00,CUST1428,DRV494,Mini,BTM Layout,Banashankari,7.2,Success,Not Applicable,Debit Card,101.49,,,23.5,Monday,April,17,No,9,No,14.1,OK
OLA100958,2024-01-30,17:28:00,CUST1375,DRV409,Sedan,Banashankari,Sarjapur Road,3.6,Cancelled by Driver,Personal emergency,Not Applicable,0.0,,,0.0,Tuesday,January,5,No,17,Yes,0.0,OK
OLA100959,2024-06-03,08:50:00,CUST1214,DRV317,SUV,Electronic City,Sarjapur Road,9.9,Cancelled by Driver,Traffic/road closure,Not Applicable,0.0,,,0.0,Monday,June,23,No,8,Yes,0.0,OK
OLA100960,2024-06-19,07:16:00,CUST1407,DRV346,Sedan,MG Road,Whitefield,10.3,Success,Not Applicable,Ola Money,171.46,4.6,4.9,35.7,Wednesday,June,25,No,7,No,16.65,OK
OLA100961,2024-02-20,20:56:00,CUST1232,DRV207,Mini,Rajajinagar,Marathahalli,15.5,Success,Not Applicable,Ola Money,208.47,4.7,5.0,40.4,Tuesday,February,8,No,20,No,13.45,OK
OLA100962,2024-04-20,02:10:00,CUST1037,DRV267,SUV,Malleshwaram,Bellandur,1.9,Success,Not Applicable,Credit Card,76.33,4.0,4.8,10.2,Saturday,April,16,Yes,2,No,40.17,OK
OLA100963,2024-01-31,10:52:00,CUST1172,DRV502,SUV,MG Road,Indiranagar,3.0,Cancelled by Driver,Personal emergency,Not Applicable,0.0,,,0.0,Wednesday,January,5,No,10,Yes,0.0,OK
OLA100964,2024-04-14,16:47:00,CUST1427,DRV423,Mini,Airport (KIA),Electronic City,13.2,Success,Not Applicable,Cash,182.2,4.7,4.9,37.1,Sunday,April,15,Yes,16,No,13.8,OK
OLA100965,2024-02-08,20:37:00,CUST1303,DRV389,Auto,KR Puram,Bellandur,7.4,Success,Not Applicable,Debit Card,83.81,3.8,5.0,19.5,Thursday,February,6,No,20,No,11.33,OK
OLA100966,2024-02-29,09:21:00,CUST1024,DRV488,SUV,Malleshwaram,Domlur,9.6,Cancelled by Driver,Too far from pickup,Not Applicable,0.0,,,0.0,Thursday,February,9,No,9,Yes,0.0,OK
OLA100967,2024-03-23,11:48:00,CUST1091,DRV273,Mini,Jayanagar,KR Puram,5.9,Success,Not Applicable,UPI,95.47,3.7,5.0,15.9,Saturday,March,12,Yes,11,No,16.18,OK
OLA100968,2024-01-31,09:31:00,CUST1224,DRV314,Bike,Hebbal,Marathahalli,2.5,Success,Not Applicable,UPI,59.66,4.4,4.5,10.8,Wednesday,January,5,No,9,No,23.86,OK
OLA100969,2024-02-22,14:32:00,CUST1386,DRV286,Mini,Indiranagar,Sarjapur Road,6.3,Success,Not Applicable,UPI,100.44,4.4,4.9,22.2,Thursday,February,8,No,14,No,15.94,OK
OLA100970,2024-03-13,21:36:00,CUST1218,DRV427,SUV,KR Puram,Hebbal,6.1,Success,Not Applicable,Ola Money,152.34,5.0,4.5,14.6,Wednesday,March,11,No,21,No,24.97,OK
OLA100971,2024-05-06,08:55:00,CUST1070,DRV342,Auto,MG Road,Bellandur,3.5,Success,Not Applicable,UPI,67.11,4.2,4.8,12.4,Monday,May,19,No,8,No,19.17,OK
OLA100972,2024-03-26,09:40:00,CUST1376,DRV462,Auto,Whitefield,Banashankari,7.9,Success,Not Applicable,Cash,104.97,3.9,5.0,30.7,Tuesday,March,13,No,9,No,13.29,OK
OLA100973,2024-02-18,19:42:00,CUST1428,DRV520,Mini,Koramangala,Marathahalli,7.0,Success,Not Applicable,UPI,96.11,4.7,4.9,19.5,Sunday,February,7,Yes,19,No,13.73,OK
OLA100974,2024-02-08,13:11:00,CUST1375,DRV454,Mini,Jayanagar,Whitefield,7.6,Cancelled by Customer,Wrong pickup location,Not Applicable,0.0,,,0.0,Thursday,February,6,No,13,Yes,0.0,OK
OLA100975,2024-02-24,00:04:00,CUST1251,DRV485,SUV,HSR Layout,Indiranagar,6.6,Success,Not Applicable,Credit Card,146.34,3.8,4.0,22.5,Saturday,February,8,Yes,0,No,22.17,OK
OLA100976,2024-05-03,14:11:00,CUST1449,DRV353,Bike,Hebbal,Malleshwaram,12.0,Success,Not Applicable,UPI,101.71,5.0,5.0,32.6,Friday,May,18,No,14,No,8.48,OK
OLA100977,2024-02-26,07:56:00,CUST1386,DRV347,Sedan,KR Puram,Yelahanka,2.6,Success,Not Applicable,Credit Card,58.82,3.8,4.2,15.4,Monday,February,9,No,7,No,22.62,OK
OLA100978,2024-03-29,17:45:00,CUST1065,DRV447,Bike,Airport (KIA),Rajajinagar,7.0,Success,Not Applicable,Ola Money,77.62,4.7,5.0,22.6,Friday,March,13,No,17,No,11.09,OK
OLA100979,2024-04-14,05:49:00,CUST1165,DRV333,Auto,Rajajinagar,Bellandur,3.9,Success,Not Applicable,Cash,70.47,3.8,5.0,13.1,Sunday,April,15,Yes,5,No,18.07,OK
OLA100980,2024-02-26,10:52:00,CUST1023,DRV357,Sedan,BTM Layout,Domlur,11.9,Success,Not Applicable,Wallet,207.87,4.4,4.7,27.4,Monday,February,9,No,10,No,17.47,OK
OLA100981,2024-06-05,09:38:00,CUST1276,DRV210,Prime,Koramangala,Rajajinagar,25.4,Success,Not Applicable,Cash,525.71,3.0,4.8,56.1,Wednesday,June,23,No,9,No,20.7,OK
OLA100982,2024-06-16,04:13:00,CUST1185,DRV474,Mini,HSR Layout,Sarjapur Road,2.0,Success,Not Applicable,UPI,48.87,5.0,4.3,8.4,Sunday,June,24,Yes,4,No,24.44,OK
OLA100983,2024-04-15,08:46:00,CUST1127,DRV206,Mini,Koramangala,JP Nagar,6.3,Success,Not Applicable,UPI,62.08,5.0,3.2,12.6,Monday,April,16,No,8,No,9.85,OK
OLA100984,2024-02-28,16:44:00,CUST1126,DRV217,Mini,MG Road,Rajajinagar,12.6,Success,Not Applicable,UPI,173.26,4.5,4.0,30.3,Wednesday,February,9,No,16,No,13.75,OK
OLA100985,2024-01-19,13:45:00,CUST1390,DRV412,Mini,JP Nagar,Electronic City,1.9,Success,Not Applicable,Ola Money,38.77,3.6,5.0,11.8,Friday,January,3,No,13,No,20.41,OK
OLA100986,2024-03-23,12:47:00,CUST1011,DRV354,Mini,Jayanagar,MG Road,7.4,Success,Not Applicable,UPI,104.33,3.7,5.0,21.8,Saturday,March,12,Yes,12,No,14.1,OK
OLA100987,2024-04-14,14:30:00,CUST1145,DRV473,SUV,Bellandur,Koramangala,9.2,Success,Not Applicable,Credit Card,210.39,4.6,4.6,24.2,Sunday,April,15,Yes,14,No,22.87,OK
OLA100988,2024-04-25,08:01:00,CUST1203,DRV318,Sedan,Airport (KIA),Domlur,16.1,Success,Not Applicable,UPI,243.67,4.3,4.2,54.0,Thursday,April,17,No,8,No,15.13,OK
OLA100989,2024-05-23,07:55:00,CUST1250,DRV503,Mini,Electronic City,Rajajinagar,1.8,Success,Not Applicable,UPI,53.29,4.1,4.6,9.2,Thursday,May,21,No,7,No,29.61,OK
OLA100990,2024-05-06,08:19:00,CUST1379,DRV372,Bike,Indiranagar,Banashankari,5.8,Success,Not Applicable,UPI,70.47,3.7,4.0,15.1,Monday,May,19,No,8,No,12.15,OK
OLA100991,2024-05-23,18:34:00,CUST1255,DRV360,Prime,BTM Layout,Banashankari,6.4,Success,Not Applicable,Credit Card,156.84,4.4,3.9,21.3,Thursday,May,21,No,18,No,24.51,OK
OLA100992,2024-01-27,12:04:00,CUST1192,DRV265,Auto,HSR Layout,JP Nagar,2.1,Success,Not Applicable,UPI,54.24,,,13.1,Saturday,January,4,Yes,12,No,25.83,OK
OLA100993,2024-04-18,13:40:00,CUST1411,DRV468,Sedan,JP Nagar,Rajajinagar,6.0,Success,Not Applicable,Ola Money,110.98,4.8,3.6,18.7,Thursday,April,16,No,13,No,18.5,OK
OLA100994,2024-06-22,08:20:00,CUST1314,DRV390,SUV,HSR Layout,Electronic City,14.8,Success,Not Applicable,UPI,290.11,4.6,4.1,38.1,Saturday,June,25,Yes,8,No,19.6,OK
OLA100995,2024-06-03,08:29:00,CUST1107,DRV369,Bike,Electronic City,Jayanagar,19.4,Cancelled by Customer,Change of plans,Not Applicable,0.0,,,0.0,Monday,June,23,No,8,Yes,0.0,OK
OLA100996,2024-03-22,11:09:00,CUST1240,DRV234,Prime,Koramangala,Yelahanka,8.2,Success,Not Applicable,UPI,200.04,5.0,4.2,30.2,Friday,March,12,No,11,No,24.4,OK
OLA100997,2024-06-08,12:10:00,CUST1034,DRV379,Auto,BTM Layout,Bellandur,5.5,Cancelled by Driver,Too far from pickup,Not Applicable,0.0,,,0.0,Saturday,June,23,Yes,12,Yes,0.0,OK
OLA100998,2024-03-13,19:55:00,CUST1218,DRV499,Auto,Banashankari,Rajajinagar,3.0,Success,Not Applicable,Cash,67.03,5.0,5.0,9.9,Wednesday,March,11,No,19,No,22.34,OK
OLA100999,2024-01-27,18:17:00,CUST1091,DRV334,SUV,Electronic City,JP Nagar,4.1,Success,Not Applicable,Cash,106.42,4.7,4.3,17.5,Saturday,January,4,Yes,18,No,25.96,OK
OLA101000,2024-03-11,21:47:00,CUST1446,DRV515,Auto,Airport (KIA),Jayanagar,4.3,Cancelled by Customer,Driver taking too long,Not Applicable,0.0,,,0.0,Monday,March,11,No,21,Yes,0.0,OK
OLA101001,2024-01-24,20:39:00,CUST1075,Not Assigned,Mini,Koramangala,Banashankari,4.8,Driver Not Found,No drivers available in area,Not Applicable,0.0,,,0.0,Wednesday,January,4,No,20,Yes,0.0,OK
OLA101002,2024-02-05,13:28:00,CUST1217,DRV441,Sedan,Malleshwaram,MG Road,4.1,Success,Not Applicable,UPI,79.62,4.2,3.8,14.8,Monday,February,6,No,13,No,19.42,OK
OLA101003,2024-05-13,09:05:00,CUST1309,DRV309,Prime,Marathahalli,Electronic City,6.1,Success,Not Applicable,Credit Card,162.2,3.6,3.6,21.5,Monday,May,20,No,9,No,26.59,OK
OLA101004,2024-05-22,20:41:00,CUST1178,DRV291,Mini,Banashankari,Airport (KIA),1.7,Success,Not Applicable,Ola Money,56.82,,,10.0,Wednesday,May,21,No,20,No,33.42,OK
OLA101005,2024-02-18,11:11:00,CUST1382,DRV205,Mini,Banashankari,JP Nagar,3.6,Success,Not Applicable,Ola Money,60.45,4.5,4.5,17.0,Sunday,February,7,Yes,11,No,16.79,OK
OLA101006,2024-05-08,20:38:00,CUST1139,DRV217,Auto,Airport (KIA),Bellandur,5.7,Success,Not Applicable,Wallet,61.92,3.6,3.5,21.6,Wednesday,May,19,No,20,No,10.86,OK
OLA101007,2024-01-08,19:59:00,CUST1241,DRV511,Auto,Airport (KIA),HSR Layout,14.1,Cancelled by Customer,Price too high,Not Applicable,0.0,,,0.0,Monday,January,2,No,19,Yes,0.0,OK
OLA101008,2024-01-27,03:01:00,CUST1313,DRV278,Auto,HSR Layout,Electronic City,5.0,Cancelled by Customer,Change of plans,Not Applicable,0.0,,,0.0,Saturday,January,4,Yes,3,Yes,0.0,OK
OLA101009,2024-01-15,12:45:00,CUST1031,DRV360,Mini,JP Nagar,Marathahalli,3.1,Success,Not Applicable,Debit Card,78.6,5.0,5.0,9.1,Monday,January,3,No,12,No,25.35,OK
OLA101010,2024-03-22,20:10:00,CUST1300,DRV387,SUV,Bellandur,KR Puram,6.9,Success,Not Applicable,Cash,164.33,4.9,4.5,28.8,Friday,March,12,No,20,No,23.82,OK
OLA101011,2024-03-09,06:28:00,CUST1022,DRV341,SUV,Malleshwaram,Rajajinagar,13.4,Success,Not Applicable,UPI,261.39,4.8,4.5,29.1,Saturday,March,10,Yes,6,No,19.51,OK
OLA101013,2024-01-06,18:50:00,CUST1005,DRV311,Auto,KR Puram,Whitefield,2.7,Cancelled by Driver,Too far from pickup,Not Applicable,0.0,,,0.0,Saturday,January,1,Yes,18,Yes,0.0,OK
OLA101014,2024-06-23,16:57:00,CUST1442,DRV297,Auto,Electronic City,Yelahanka,8.2,Success,Not Applicable,UPI,82.2,5.0,4.4,26.9,Sunday,June,25,Yes,16,No,10.02,OK
OLA101015,2024-02-27,19:17:00,CUST1102,DRV290,Prime,Marathahalli,Airport (KIA),3.4,Success,Not Applicable,Credit Card,90.94,4.6,4.7,11.9,Tuesday,February,9,No,19,No,26.75,OK
OLA101016,2024-04-25,19:43:00,CUST1425,DRV287,Mini,Sarjapur Road,Bellandur,6.8,Success,Not Applicable,Credit Card,94.47,4.2,4.7,17.4,Thursday,April,17,No,19,No,13.89,OK
OLA101017,2024-06-23,18:13:00,CUST1175,DRV457,SUV,Marathahalli,Whitefield,3.5,Success,Not Applicable,Ola Money,93.4,4.6,3.1,13.5,Sunday,June,25,Yes,18,No,26.69,OK
OLA101018,2024-05-12,17:11:00,CUST1243,DRV271,Sedan,Yelahanka,Bellandur,9.1,Success,Not Applicable,UPI,159.31,4.4,5.0,21.8,Sunday,May,19,Yes,17,No,17.51,OK
OLA101019,2024-04-01,19:00:00,CUST1081,DRV415,Sedan,Yelahanka,MG Road,5.7,Success,Not Applicable,Debit Card,100.41,3.9,4.2,22.1,Monday,April,14,No,19,No,17.62,OK
OLA101020,2024-04-22,18:29:00,CUST1303,DRV494,Auto,Bellandur,Malleshwaram,17.9,Success,Not Applicable,Credit Card,183.22,3.8,4.5,50.3,Monday,April,17,No,18,No,10.24,OK
OLA101021,2024-03-17,03:59:00,CUST1449,DRV319,Auto,Malleshwaram,MG Road,4.1,Success,Not Applicable,UPI,60.43,3.5,4.1,12.2,Sunday,March,11,Yes,3,No,14.74,OK
OLA101022,2024-05-11,07:19:00,CUST1305,DRV468,Mini,Sarjapur Road,Electronic City,4.0,Success,Not Applicable,UPI,62.9,4.3,4.6,15.5,Saturday,May,19,Yes,7,No,15.72,OK
OLA101023,2024-02-06,18:29:00,CUST1202,DRV284,Sedan,Electronic City,BTM Layout,12.1,Success,Not Applicable,UPI,210.89,4.5,5.0,41.4,Tuesday,February,6,No,18,No,17.43,OK
OLA101024,2024-01-24,17:09:00,CUST1350,DRV484,Bike,Banashankari,Koramangala,7.9,Success,Not Applicable,Credit Card,76.72,5.0,3.6,25.4,Wednesday,January,4,No,17,No,9.71,OK
OLA101025,2024-04-30,17:53:00,CUST1237,DRV324,Auto,MG Road,Rajajinagar,16.0,Success,Not Applicable,Ola Money,146.86,5.0,4.8,55.0,Tuesday,April,18,No,17,No,9.18,OK
OLA101026,2024-06-21,18:27:00,CUST1305,Not Assigned,SUV,Banashankari,Malleshwaram,8.5,Driver Not Found,No drivers available in area,Not Applicable,0.0,,,0.0,Friday,June,25,No,18,Yes,0.0,OK
OLA101027,2024-01-07,08:38:00,CUST1091,DRV320,Sedan,Yelahanka,JP Nagar,2.5,Success,Not Applicable,Credit Card,74.7,4.4,4.1,12.7,Sunday,January,1,Yes,8,No,29.88,OK
OLA101028,2024-02-05,13:02:00,CUST1108,DRV354,Sedan,Yelahanka,Rajajinagar,6.6,Success,Not Applicable,Debit Card,127.02,5.0,4.1,22.3,Monday,February,6,No,13,No,19.25,OK
OLA101029,2024-01-09,08:26:00,CUST1091,DRV283,Sedan,Malleshwaram,MG Road,5.8,Success,Not Applicable,Ola Money,126.95,4.1,4.2,17.8,Tuesday,January,2,No,8,No,21.89,OK
OLA101030,2024-01-04,07:08:00,CUST1294,Not Assigned,Sedan,KR Puram,Koramangala,4.4,Driver Not Found,No drivers available in area,Not Applicable,0.0,,,0.0,Thursday,January,1,No,7,Yes,0.0,OK
OLA101031,2024-04-12,12:03:00,CUST1155,DRV417,Mini,MG Road,Airport (KIA),2.5,Cancelled by Customer,Wrong pickup location,Not Applicable,0.0,,,0.0,Friday,April,15,No,12,Yes,0.0,OK
OLA101032,2024-03-26,19:23:00,CUST1057,DRV291,Prime,JP Nagar,Bellandur,0.9,Success,Not Applicable,Credit Card,59.11,5.0,4.3,10.7,Tuesday,March,13,No,19,No,65.68,OK
OLA101033,2024-03-07,08:52:00,CUST1314,DRV432,Sedan,KR Puram,Hebbal,6.8,Cancelled by Customer,Found alternate transport,Not Applicable,0.0,,,0.0,Thursday,March,10,No,8,Yes,0.0,OK
OLA101034,2024-04-03,04:38:00,CUST1351,DRV389,Mini,Yelahanka,Hebbal,15.6,Success,Not Applicable,Cash,209.61,5.0,4.7,46.8,Wednesday,April,14,No,4,No,13.44,OK
OLA101035,2024-04-24,09:40:00,CUST1018,DRV505,Mini,Indiranagar,Sarjapur Road,6.3,Success,Not Applicable,Credit Card,106.46,4.4,3.7,22.3,Wednesday,April,17,No,9,No,16.9,OK
OLA101036,2024-06-11,13:57:00,CUST1140,DRV376,Prime,Domlur,BTM Layout,4.6,Cancelled by Driver,Traffic/road closure,Not Applicable,0.0,,,0.0,Tuesday,June,24,No,13,Yes,0.0,OK
OLA101037,2024-05-25,12:04:00,CUST1167,Not Assigned,Mini,Domlur,MG Road,6.5,Driver Not Found,No drivers available in area,Not Applicable,0.0,,,0.0,Saturday,May,21,Yes,12,Yes,0.0,OK
OLA101038,2024-01-21,10:40:00,CUST1383,DRV354,Sedan,Koramangala,Jayanagar,5.8,Success,Not Applicable,Debit Card,106.51,4.2,3.6,17.2,Sunday,January,3,Yes,10,No,18.36,OK
OLA101039,2024-04-20,21:50:00,CUST1098,DRV492,Mini,Hebbal,JP Nagar,6.5,Cancelled by Customer,Wrong pickup location,Not Applicable,0.0,,,0.0,Saturday,April,16,Yes,21,Yes,0.0,OK
OLA101040,2024-01-13,10:30:00,CUST1110,DRV423,Mini,HSR Layout,Hebbal,10.7,Success,Not Applicable,UPI,147.75,3.0,3.8,30.3,Saturday,January,2,Yes,10,No,13.81,OK
OLA101041,2024-01-02,11:01:00,CUST1400,DRV412,Auto,Marathahalli,Hebbal,6.0,Cancelled by Customer,Wrong pickup location,Not Applicable,0.0,,,0.0,Tuesday,January,1,No,11,Yes,0.0,OK
OLA101042,2024-03-22,06:14:00,CUST1009,DRV366,Mini,Domlur,Hebbal,4.8,Success,Not Applicable,Cash,89.64,4.3,4.5,16.3,Friday,March,12,No,6,No,18.68,OK
OLA101043,2024-05-18,11:59:00,CUST1285,DRV206,Sedan,Yelahanka,Bellandur,8.2,Success,Not Applicable,Cash,154.48,3.7,3.6,21.4,Saturday,May,20,Yes,11,No,18.84,OK
OLA101044,2024-02-13,17:16:00,CUST1206,DRV216,Auto,Sarjapur Road,Whitefield,4.9,Success,Not Applicable,Wallet,73.14,4.2,4.7,16.1,Tuesday,February,7,No,17,No,14.93,OK
OLA101045,2024-04-04,09:48:00,CUST1161,DRV431,Auto,Koramangala,HSR Layout,11.1,Success,Not Applicable,Wallet,122.55,4.8,4.4,33.6,Thursday,April,14,No,9,No,11.04,OK
OLA101046,2024-01-06,18:18:00,CUST1284,DRV451,Prime,Bellandur,Sarjapur Road,5.4,Success,Not Applicable,UPI,126.95,4.1,4.7,13.4,Saturday,January,1,Yes,18,No,23.51,OK
OLA101047,2024-01-29,15:11:00,CUST1442,DRV281,Auto,Bellandur,Sarjapur Road,4.8,Success,Not Applicable,UPI,65.66,4.0,3.7,17.7,Monday,January,5,No,15,No,13.68,OK
OLA101048,2024-04-02,16:42:00,CUST1351,DRV362,SUV,JP Nagar,Bellandur,7.4,Success,Not Applicable,Ola Money,154.95,4.3,4.1,19.2,Tuesday,April,14,No,16,No,20.94,OK
OLA101049,2024-02-10,20:11:00,CUST1204,DRV347,Mini,Yelahanka,Airport (KIA),11.3,Success,Not Applicable,Cash,158.99,,,40.5,Saturday,February,6,Yes,20,No,14.07,OK
OLA101050,2024-04-17,11:40:00,CUST1014,DRV516,Mini,Domlur,Malleshwaram,7.9,Success,Not Applicable,UPI,131.87,4.6,4.5,24.5,Wednesday,April,16,No,11,No,16.69,OK
OLA101051,2024-03-04,07:40:00,CUST1241,DRV246,Prime,Koramangala,Rajajinagar,4.7,Cancelled by Customer,Driver taking too long,Not Applicable,0.0,,,0.0,Monday,March,10,No,7,Yes,0.0,OK
OLA101052,2024-04-27,10:55:00,CUST1122,DRV289,Sedan,Jayanagar,Banashankari,12.6,Success,Not Applicable,Cash,195.38,3.0,4.5,46.5,Saturday,April,17,Yes,10,No,15.51,OK
OLA101053,2024-06-24,16:15:00,CUST1407,DRV290,Prime,Malleshwaram,MG Road,6.1,Cancelled by Customer,Driver taking too long,Not Applicable,0.0,,,0.0,Monday,June,26,No,16,Yes,0.0,OK
OLA101054,2024-03-03,12:04:00,CUST1003,DRV216,Auto,Rajajinagar,JP Nagar,6.0,Cancelled by Customer,Change of plans,Not Applicable,0.0,,,0.0,Sunday,March,9,Yes,12,Yes,0.0,OK
OLA101055,2024-04-16,21:56:00,CUST1366,DRV475,Mini,Domlur,JP Nagar,15.1,Success,Not Applicable,Debit Card,202.54,4.0,3.8,33.0,Tuesday,April,16,No,21,No,13.41,OK
OLA101056,2024-01-11,10:45:00,CUST1261,DRV425,Sedan,MG Road,Electronic City,5.3,Success,Not Applicable,UPI,93.58,5.0,5.0,17.3,Thursday,January,2,No,10,No,17.66,OK
OLA101057,2024-02-13,10:42:00,CUST1173,DRV272,Bike,Airport (KIA),Jayanagar,1.8,Success,Not Applicable,Credit Card,33.74,4.2,3.8,8.6,Tuesday,February,7,No,10,No,18.74,OK
OLA101058,2024-03-03,18:21:00,CUST1151,DRV427,Sedan,KR Puram,Marathahalli,18.8,Success,Not Applicable,UPI,295.25,5.0,5.0,42.2,Sunday,March,9,Yes,18,No,15.7,OK
OLA101059,2024-02-26,19:36:00,CUST1185,DRV349,Sedan,HSR Layout,Domlur,4.0,Success,Not Applicable,Debit Card,90.02,4.8,3.9,13.7,Monday,February,9,No,19,No,22.5,OK
OLA101060,2024-06-26,07:38:00,CUST1149,DRV396,Mini,BTM Layout,Koramangala,13.3,Success,Not Applicable,UPI,186.83,4.5,4.3,41.8,Wednesday,June,26,No,7,No,14.05,OK
OLA101061,2024-05-10,18:33:00,CUST1207,DRV444,SUV,HSR Layout,Bellandur,22.0,Success,Not Applicable,UPI,430.32,4.0,3.6,57.9,Friday,May,19,No,18,No,19.56,OK
OLA101062,2024-05-04,16:55:00,CUST1268,DRV446,Mini,Bellandur,Koramangala,7.5,Success,Not Applicable,UPI,117.56,5.0,4.4,24.5,Saturday,May,18,Yes,16,No,15.67,OK
OLA101063,2024-06-04,18:50:00,CUST1061,DRV300,Sedan,KR Puram,Domlur,5.2,Cancelled by Driver,Traffic/road closure,Not Applicable,0.0,,,0.0,Tuesday,June,23,No,18,Yes,0.0,OK
OLA101064,2024-02-28,18:23:00,CUST1340,DRV216,Sedan,MG Road,Banashankari,8.9,Success,Not Applicable,Cash,154.82,4.4,4.0,24.1,Wednesday,February,9,No,18,No,17.4,OK
OLA101065,2024-01-21,22:03:00,CUST1228,DRV490,SUV,BTM Layout,Hebbal,5.8,Success,Not Applicable,UPI,143.32,3.0,5.0,18.3,Sunday,January,3,Yes,22,No,24.71,OK
OLA101066,2024-04-26,07:38:00,CUST1136,DRV482,Mini,Jayanagar,Whitefield,10.6,Success,Not Applicable,UPI,158.78,4.3,4.9,31.8,Friday,April,17,No,7,No,14.98,OK
OLA101067,2024-05-28,13:06:00,CUST1274,DRV226,Sedan,Whitefield,BTM Layout,6.8,Success,Not Applicable,Cash,124.55,4.1,5.0,19.1,Tuesday,May,22,No,13,No,18.32,OK
OLA101068,2024-06-02,13:36:00,CUST1004,DRV497,Sedan,MG Road,Airport (KIA),7.4,Success,Not Applicable,Cash,141.92,4.4,4.1,20.9,Sunday,June,22,Yes,13,No,19.18,OK
OLA101069,2024-01-01,08:26:00,CUST1307,DRV338,Sedan,HSR Layout,Banashankari,3.5,Success,Not Applicable,Ola Money,79.22,3.8,3.9,10.5,Monday,January,1,No,8,No,22.63,OK
OLA101070,2024-03-04,10:43:00,CUST1287,DRV457,Sedan,KR Puram,MG Road,19.1,Cancelled by Driver,Personal emergency,Not Applicable,0.0,,,0.0,Monday,March,10,No,10,Yes,0.0,OK
OLA101071,2024-01-02,09:32:00,CUST1240,DRV453,Mini,Whitefield,KR Puram,13.0,Success,Not Applicable,Credit Card,178.19,4.3,3.8,30.0,Tuesday,January,1,No,9,No,13.71,OK
OLA101072,2024-02-16,08:06:00,CUST1390,DRV318,Mini,Malleshwaram,Hebbal,3.8,Success,Not Applicable,Credit Card,66.4,3.7,5.0,15.5,Friday,February,7,No,8,No,17.47,OK
OLA101073,2024-05-26,17:20:00,CUST1080,DRV298,Auto,HSR Layout,Jayanagar,12.0,Success,Not Applicable,Credit Card,129.3,5.0,3.7,30.8,Sunday,May,21,Yes,17,No,10.78,OK
OLA101074,2024-04-16,18:17:00,CUST1117,DRV334,Sedan,Hebbal,Bellandur,12.5,Success,Not Applicable,Cash,194.35,5.0,4.7,39.1,Tuesday,April,16,No,18,No,15.55,OK
OLA101075,2024-04-18,15:48:00,CUST1213,DRV202,Auto,Bellandur,Indiranagar,4.8,Success,Not Applicable,Debit Card,82.46,4.5,4.3,17.7,Thursday,April,16,No,15,No,17.18,OK
OLA101076,2024-01-05,19:12:00,CUST1106,DRV331,Mini,Banashankari,Koramangala,3.5,Cancelled by Customer,Booked by mistake,Not Applicable,0.0,,,0.0,Friday,January,1,No,19,Yes,0.0,OK
OLA101077,2024-05-22,14:12:00,CUST1408,DRV310,SUV,KR Puram,Marathahalli,3.7,Success,Not Applicable,Credit Card,84.81,5.0,4.4,14.7,Wednesday,May,21,No,14,No,22.92,OK
OLA101078,2024-04-30,21:02:00,CUST1399,DRV399,Auto,Airport (KIA),BTM Layout,9.6,Success,Not Applicable,Credit Card,100.2,3.8,4.0,27.4,Tuesday,April,18,No,21,No,10.44,OK
OLA101079,2024-03-11,14:28:00,CUST1145,DRV256,Sedan,Whitefield,Banashankari,1.9,Success,Not Applicable,Cash,70.92,4.3,4.5,11.1,Monday,March,11,No,14,No,37.33,OK
OLA101080,2024-05-26,08:05:00,CUST1224,DRV325,Sedan,JP Nagar,Marathahalli,5.4,Cancelled by Customer,Wrong pickup location,Not Applicable,0.0,,,0.0,Sunday,May,21,Yes,8,Yes,0.0,OK
OLA101081,2024-01-06,07:49:00,CUST1034,DRV360,Prime,Banashankari,Airport (KIA),7.7,Success,Not Applicable,UPI,191.42,3.7,4.3,23.9,Saturday,January,1,Yes,7,No,24.86,OK
OLA101082,2024-02-20,17:45:00,CUST1132,DRV330,SUV,Koramangala,HSR Layout,12.1,Success,Not Applicable,UPI,236.38,4.8,4.4,35.7,Tuesday,February,8,No,17,No,19.54,OK
OLA101083,2024-05-15,05:32:00,CUST1191,DRV208,SUV,Indiranagar,JP Nagar,2.2,Success,Not Applicable,UPI,80.79,5.0,3.9,8.9,Wednesday,May,20,No,5,No,36.72,OK
OLA101084,2024-01-18,18:36:00,CUST1047,DRV485,Auto,JP Nagar,HSR Layout,3.4,Cancelled by Customer,Change of plans,Not Applicable,0.0,,,0.0,Thursday,January,3,No,18,Yes,0.0,OK
OLA101085,2024-05-26,20:39:00,CUST1332,DRV297,Auto,Rajajinagar,Marathahalli,9.5,Cancelled by Driver,Customer not reachable,Not Applicable,0.0,,,0.0,Sunday,May,21,Yes,20,Yes,0.0,OK
OLA101086,2024-06-15,09:11:00,CUST1331,DRV494,Sedan,Malleshwaram,Rajajinagar,8.7,Success,Not Applicable,Cash,163.48,3.9,5.0,29.3,Saturday,June,24,Yes,9,No,18.79,OK
OLA101087,2024-01-03,08:27:00,CUST1077,DRV332,Bike,Sarjapur Road,Yelahanka,3.8,Success,Not Applicable,Ola Money,53.77,4.1,4.6,17.9,Wednesday,January,1,No,8,No,14.15,OK
OLA101088,2024-05-27,07:49:00,CUST1075,DRV305,Sedan,MG Road,Koramangala,5.6,Cancelled by Driver,Vehicle breakdown,Not Applicable,0.0,,,0.0,Monday,May,22,No,7,Yes,0.0,OK
OLA101089,2024-02-02,14:04:00,CUST1167,DRV361,Bike,Jayanagar,BTM Layout,8.0,Success,Not Applicable,UPI,72.09,3.7,4.4,29.6,Friday,February,5,No,14,No,9.01,OK
OLA101090,2024-03-31,02:56:00,CUST1225,DRV263,Bike,Bellandur,Koramangala,3.5,Success,Not Applicable,Cash,49.32,3.6,4.2,11.7,Sunday,March,13,Yes,2,No,14.09,OK
OLA101091,2024-04-12,08:49:00,CUST1194,DRV502,Bike,Whitefield,Jayanagar,9.3,Success,Not Applicable,UPI,86.0,4.5,4.7,25.1,Friday,April,15,No,8,No,9.25,OK
OLA101092,2024-05-05,18:22:00,CUST1383,DRV362,Sedan,Jayanagar,Whitefield,7.9,Success,Not Applicable,Cash,149.59,3.8,3.8,24.6,Sunday,May,18,Yes,18,No,18.94,OK
OLA101093,2024-01-02,11:26:00,CUST1204,DRV251,Sedan,Hebbal,Whitefield,12.3,Cancelled by Customer,Booked by mistake,Not Applicable,0.0,,,0.0,Tuesday,January,1,No,11,Yes,0.0,OK
OLA101094,2024-02-28,23:05:00,CUST1333,DRV399,Bike,Koramangala,Hebbal,6.7,Cancelled by Driver,Vehicle breakdown,Not Applicable,0.0,,,0.0,Wednesday,February,9,No,23,Yes,0.0,OK
OLA101095,2024-02-06,19:11:00,CUST1289,DRV204,Mini,Electronic City,HSR Layout,19.9,Success,Not Applicable,Ola Money,254.75,4.5,4.6,70.1,Tuesday,February,6,No,19,No,12.8,OK
OLA101096,2024-06-18,09:39:00,CUST1212,DRV280,Sedan,HSR Layout,JP Nagar,12.0,Success,Not Applicable,Ola Money,211.96,3.5,4.8,27.6,Tuesday,June,25,No,9,No,17.66,OK
OLA101097,2024-01-29,18:01:00,CUST1254,DRV304,Sedan,Banashankari,Marathahalli,4.6,Success,Not Applicable,Cash,98.06,4.9,4.8,17.2,Monday,January,5,No,18,No,21.32,OK
OLA101098,2024-02-06,20:02:00,CUST1276,DRV393,Auto,Malleshwaram,HSR Layout,2.8,Success,Not Applicable,Wallet,42.15,4.8,4.3,8.1,Tuesday,February,6,No,20,No,15.05,OK
OLA101099,2024-01-29,21:29:00,CUST1212,DRV474,Sedan,Domlur,Koramangala,16.4,Success,Not Applicable,Credit Card,253.94,3.6,4.2,34.9,Monday,January,5,No,21,No,15.48,OK
OLA101100,2024-04-03,21:42:00,CUST1366,DRV249,Sedan,Sarjapur Road,Jayanagar,6.7,Success,Not Applicable,Credit Card,112.57,5.0,4.4,16.6,Wednesday,April,14,No,21,No,16.8,OK
OLA101101,2024-01-25,17:18:00,CUST1314,DRV253,Mini,Marathahalli,HSR Layout,16.4,Success,Not Applicable,Cash,217.3,5.0,4.3,40.0,Thursday,January,4,No,17,No,13.25,OK
OLA101102,2024-05-12,15:56:00,CUST1136,DRV267,Sedan,Banashankari,Electronic City,8.3,Cancelled by Driver,Vehicle breakdown,Not Applicable,0.0,,,0.0,Sunday,May,19,Yes,15,Yes,0.0,OK
OLA101103,2024-04-08,16:50:00,CUST1101,DRV293,Mini,Indiranagar,Marathahalli,9.9,Success,Not Applicable,UPI,128.76,5.0,4.9,27.7,Monday,April,15,No,16,No,13.01,OK
OLA101104,2024-06-09,19:36:00,CUST1207,DRV431,Prime,KR Puram,Marathahalli,10.1,Success,Not Applicable,Ola Money,233.38,4.1,4.3,34.3,Sunday,June,23,Yes,19,No,23.11,OK
OLA101105,2024-03-27,23:11:00,CUST1130,DRV374,Bike,Airport (KIA),Sarjapur Road,3.2,Success,Not Applicable,UPI,47.89,4.9,5.0,13.0,Wednesday,March,13,No,23,No,14.97,OK
OLA101106,2024-04-03,12:01:00,CUST1278,DRV264,Mini,KR Puram,MG Road,6.3,Success,Not Applicable,Cash,53.81,3.8,4.9,13.8,Wednesday,April,14,No,12,No,8.54,OK
OLA101107,2024-05-21,22:05:00,CUST1443,DRV458,Mini,Malleshwaram,Jayanagar,3.7,Success,Not Applicable,Debit Card,59.95,4.6,4.4,10.9,Tuesday,May,21,No,22,No,16.2,OK
OLA101108,2024-05-14,15:09:00,CUST1288,DRV471,SUV,JP Nagar,Banashankari,2.2,Success,Not Applicable,UPI,70.78,3.5,3.0,7.1,Tuesday,May,20,No,15,No,32.17,OK
OLA101109,2024-06-23,07:40:00,CUST1439,DRV516,Mini,Electronic City,Sarjapur Road,10.5,Success,Not Applicable,Wallet,158.77,5.0,5.0,24.7,Sunday,June,25,Yes,7,No,15.12,OK
OLA101110,2024-04-12,09:57:00,CUST1267,DRV415,Bike,KR Puram,Yelahanka,5.4,Cancelled by Driver,Vehicle breakdown,Not Applicable,0.0,,,0.0,Friday,April,15,No,9,Yes,0.0,OK
OLA101111,2024-01-20,08:35:00,CUST1342,DRV359,Mini,Domlur,Whitefield,5.6,Success,Not Applicable,Debit Card,78.38,3.3,3.5,23.7,Saturday,January,3,Yes,8,No,14.0,OK
OLA101112,2024-03-03,11:10:00,CUST1330,DRV414,Sedan,Jayanagar,Marathahalli,5.8,Success,Not Applicable,Ola Money,96.03,4.6,3.9,11.3,Sunday,March,9,Yes,11,No,16.56,OK
OLA101113,2024-02-01,18:37:00,CUST1344,DRV277,Mini,Electronic City,Hebbal,16.6,Success,Not Applicable,UPI,220.42,4.8,4.0,54.6,Thursday,February,5,No,18,No,13.28,OK
OLA101114,2024-06-09,15:14:00,CUST1338,DRV424,Mini,MG Road,Sarjapur Road,1.5,Success,Not Applicable,Ola Money,53.79,4.4,4.4,12.6,Sunday,June,23,Yes,15,No,35.86,OK
OLA101115,2024-03-28,19:02:00,CUST1195,DRV330,Mini,KR Puram,Rajajinagar,6.1,Cancelled by Customer,Wrong pickup location,Not Applicable,0.0,,,0.0,Thursday,March,13,No,19,Yes,0.0,OK
OLA101116,2024-05-04,18:14:00,CUST1267,DRV252,Mini,Domlur,Banashankari,4.5,Cancelled by Customer,Found alternate transport,Not Applicable,0.0,,,0.0,Saturday,May,18,Yes,18,Yes,0.0,OK
OLA101117,2024-06-28,21:26:00,CUST1029,DRV253,Bike,Marathahalli,Hebbal,5.4,Success,Not Applicable,UPI,74.54,3.9,4.7,20.3,Friday,June,26,No,21,No,13.8,OK
OLA101118,2024-04-01,06:06:00,CUST1365,DRV448,Mini,Airport (KIA),BTM Layout,7.4,Success,Not Applicable,Credit Card,114.13,4.4,4.4,29.5,Monday,April,14,No,6,No,15.42,OK
OLA101119,2024-05-23,16:36:00,CUST1192,DRV510,SUV,Bellandur,Indiranagar,3.0,Success,Not Applicable,Cash,87.05,5.0,3.7,13.9,Thursday,May,21,No,16,No,29.02,OK
OLA101120,2024-01-31,21:15:00,CUST1184,DRV497,Auto,Domlur,Rajajinagar,4.1,Success,Not Applicable,Cash,72.26,4.5,4.3,19.1,Wednesday,January,5,No,21,No,17.62,OK
OLA101121,2024-04-27,15:33:00,CUST1019,DRV404,Bike,Rajajinagar,Koramangala,4.5,Success,Not Applicable,UPI,48.48,3.9,3.4,14.0,Saturday,April,17,Yes,15,No,10.77,OK
OLA101122,2024-04-15,18:46:00,CUST1233,DRV329,Sedan,Banashankari,Bellandur,6.4,Success,Not Applicable,Cash,133.81,5.0,4.3,18.1,Monday,April,16,No,18,No,20.91,OK
OLA101123,2024-06-11,08:50:00,CUST1082,DRV307,SUV,JP Nagar,Yelahanka,7.4,Success,Not Applicable,Cash,170.42,4.3,4.5,18.4,Tuesday,June,24,No,8,No,23.03,OK
OLA101124,2024-01-23,09:39:00,CUST1275,DRV316,Sedan,Hebbal,MG Road,3.1,Success,Not Applicable,Credit Card,85.83,,,13.6,Tuesday,January,4,No,9,No,27.69,OK
OLA101125,2024-04-07,08:54:00,CUST1362,Not Assigned,Sedan,KR Puram,Banashankari,4.3,Driver Not Found,No drivers available in area,Not Applicable,0.0,,,0.0,Sunday,April,14,Yes,8,Yes,0.0,OK
OLA101126,2024-03-23,01:12:00,CUST1297,DRV358,Bike,JP Nagar,Hebbal,10.9,Success,Not Applicable,UPI,103.1,4.0,3.9,33.9,Saturday,March,12,Yes,1,No,9.46,OK
OLA101127,2024-01-24,17:58:00,CUST1448,DRV407,Bike,Electronic City,Banashankari,3.5,Success,Not Applicable,Wallet,51.98,3.2,4.6,9.4,Wednesday,January,4,No,17,No,14.85,OK
OLA101128,2024-03-16,16:05:00,CUST1165,DRV315,Sedan,Indiranagar,Marathahalli,1.7,Success,Not Applicable,Debit Card,55.24,3.6,4.4,9.6,Saturday,March,11,Yes,16,No,32.49,OK
OLA101129,2024-02-26,08:14:00,CUST1225,DRV310,Mini,Hebbal,BTM Layout,10.4,Cancelled by Customer,Found alternate transport,Not Applicable,0.0,,,0.0,Monday,February,9,No,8,Yes,0.0,OK
OLA101130,2024-04-22,11:35:00,CUST1290,DRV298,Sedan,Malleshwaram,Domlur,5.5,Success,Not Applicable,UPI,103.99,4.1,3.9,15.1,Monday,April,17,No,11,No,18.91,OK
OLA101131,2024-04-03,18:16:00,CUST1220,DRV389,Sedan,BTM Layout,Banashankari,4.4,Success,Not Applicable,Debit Card,92.81,4.5,4.0,13.5,Wednesday,April,14,No,18,No,21.09,OK
OLA101132,2024-06-28,08:34:00,CUST1296,DRV265,Mini,Malleshwaram,Airport (KIA),6.8,Success,Not Applicable,UPI,105.86,5.0,4.3,17.2,Friday,June,26,No,8,No,15.57,OK
OLA101133,2024-06-28,16:35:00,CUST1420,DRV314,Sedan,Sarjapur Road,Indiranagar,6.9,Success,Not Applicable,Wallet,125.41,4.3,4.2,18.1,Friday,June,26,No,16,No,18.18,OK
OLA101134,2024-01-06,14:35:00,CUST1332,DRV229,Bike,Airport (KIA),Electronic City,5.4,Success,Not Applicable,UPI,49.31,4.4,4.0,14.0,Saturday,January,1,Yes,14,No,9.13,OK
OLA101135,2024-01-08,17:31:00,CUST1220,DRV268,Prime,Jayanagar,Airport (KIA),2.2,Success,Not Applicable,Debit Card,68.29,3.6,4.5,9.3,Monday,January,2,No,17,No,31.04,OK
OLA101136,2024-05-10,21:09:00,CUST1392,Not Assigned,Prime,Sarjapur Road,Yelahanka,3.3,Driver Not Found,No drivers available in area,Not Applicable,0.0,,,0.0,Friday,May,19,No,21,Yes,0.0,OK
OLA101137,2024-01-14,17:22:00,CUST1300,DRV261,Auto,Whitefield,MG Road,8.2,Success,Not Applicable,Credit Card,96.49,4.7,4.8,20.9,Sunday,January,2,Yes,17,No,11.77,OK
OLA101138,2024-02-15,19:01:00,CUST1332,DRV453,Auto,Yelahanka,Whitefield,3.1,Success,Not Applicable,Debit Card,42.62,,,12.8,Thursday,February,7,No,19,No,13.75,OK
OLA101139,2024-04-07,17:08:00,CUST1433,DRV375,Mini,Hebbal,Bellandur,3.7,Success,Not Applicable,UPI,61.02,4.1,4.3,12.9,Sunday,April,14,Yes,17,No,16.49,OK
OLA101140,2024-02-21,08:41:00,CUST1324,DRV241,Sedan,MG Road,JP Nagar,4.6,Cancelled by Customer,Change of plans,Not Applicable,0.0,,,0.0,Wednesday,February,8,No,8,Yes,0.0,OK
OLA101141,2024-05-22,05:23:00,CUST1048,DRV286,Mini,Malleshwaram,Koramangala,2.7,Success,Not Applicable,Cash,44.84,4.1,4.5,16.2,Wednesday,May,21,No,5,No,16.61,OK
OLA101142,2024-01-18,21:12:00,CUST1325,DRV517,Sedan,JP Nagar,Jayanagar,5.9,Success,Not Applicable,UPI,126.87,4.4,5.0,15.8,Thursday,January,3,No,21,No,21.5,OK
OLA101143,2024-02-15,20:45:00,CUST1433,DRV290,SUV,KR Puram,Koramangala,2.2,Cancelled by Driver,Vehicle breakdown,Not Applicable,0.0,,,0.0,Thursday,February,7,No,20,Yes,0.0,OK
OLA101144,2024-03-20,20:06:00,CUST1178,DRV292,SUV,HSR Layout,MG Road,12.0,Success,Not Applicable,Ola Money,245.93,4.6,3.8,30.0,Wednesday,March,12,No,20,No,20.49,OK
OLA101145,2024-06-17,14:24:00,CUST1401,DRV429,Bike,JP Nagar,Whitefield,2.8,Success,Not Applicable,UPI,41.95,3.7,4.2,14.8,Monday,June,25,No,14,No,14.98,OK
OLA101146,2024-04-13,04:03:00,CUST1245,DRV502,Mini,Malleshwaram,Whitefield,12.3,Success,Not Applicable,Cash,170.21,4.5,4.3,34.5,Saturday,April,15,Yes,4,No,13.84,OK
OLA101147,2024-04-10,18:41:00,CUST1102,DRV344,Sedan,KR Puram,Jayanagar,4.8,Success,Not Applicable,Cash,90.99,4.9,3.7,16.4,Wednesday,April,15,No,18,No,18.96,OK
OLA101148,2024-05-05,06:35:00,CUST1247,DRV512,Sedan,Airport (KIA),Hebbal,14.9,Success,Not Applicable,Wallet,246.73,4.8,4.2,37.5,Sunday,May,18,Yes,6,No,16.56,OK
OLA101149,2024-03-19,20:47:00,CUST1292,DRV477,Mini,Yelahanka,Indiranagar,8.3,Success,Not Applicable,Wallet,122.33,4.0,4.6,25.5,Tuesday,March,12,No,20,No,14.74,OK
OLA101150,2024-01-14,19:43:00,CUST1447,DRV422,Auto,Malleshwaram,HSR Layout,12.7,Success,Not Applicable,Cash,131.86,3.6,3.8,44.2,Sunday,January,2,Yes,19,No,10.38,OK
OLA101151,2024-02-17,20:45:00,CUST1163,DRV237,Auto,Airport (KIA),Jayanagar,11.8,Success,Not Applicable,Ola Money,126.53,3.5,4.7,42.3,Saturday,February,7,Yes,20,No,10.72,OK
OLA101152,2024-01-30,20:00:00,CUST1123,DRV369,Prime,Bellandur,BTM Layout,3.7,Cancelled by Customer,Change of plans,Not Applicable,0.0,,,0.0,Tuesday,January,5,No,20,Yes,0.0,OK
OLA101153,2024-02-09,07:15:00,CUST1318,DRV332,Bike,Rajajinagar,Domlur,5.3,Cancelled by Driver,Too far from pickup,Not Applicable,0.0,,,0.0,Friday,February,6,No,7,Yes,0.0,OK
OLA101154,2024-02-22,21:41:00,CUST1377,DRV339,Sedan,Koramangala,KR Puram,6.0,Success,Not Applicable,Debit Card,123.71,,,15.2,Thursday,February,8,No,21,No,20.62,OK
OLA101155,2024-03-05,15:40:00,CUST1354,DRV402,Mini,KR Puram,Electronic City,5.3,Success,Not Applicable,Ola Money,93.19,4.5,5.0,14.5,Tuesday,March,10,No,15,No,17.58,OK
OLA101156,2024-05-05,05:34:00,CUST1167,DRV285,Bike,Marathahalli,Rajajinagar,6.6,Success,Not Applicable,Debit Card,63.14,4.9,4.2,16.8,Sunday,May,18,Yes,5,No,9.57,OK
OLA101157,2024-04-11,19:56:00,CUST1103,Not Assigned,SUV,Airport (KIA),Jayanagar,4.6,Driver Not Found,No drivers available in area,Not Applicable,0.0,,,0.0,Thursday,April,15,No,19,Yes,0.0,OK
OLA101158,2024-04-30,13:07:00,CUST1117,DRV219,Bike,HSR Layout,Whitefield,2.9,Cancelled by Customer,Driver taking too long,Not Applicable,0.0,,,0.0,Tuesday,April,18,No,13,Yes,0.0,OK
OLA101159,2024-04-21,16:28:00,CUST1378,DRV273,Sedan,Indiranagar,JP Nagar,2.2,Success,Not Applicable,Cash,68.8,4.9,4.5,10.2,Sunday,April,16,Yes,16,No,31.27,OK
OLA101160,2024-02-09,10:16:00,CUST1089,DRV379,Sedan,Indiranagar,Rajajinagar,2.1,Cancelled by Driver,Traffic/road closure,Not Applicable,0.0,,,0.0,Friday,February,6,No,10,Yes,0.0,OK
OLA101161,2024-01-17,08:40:00,CUST1099,DRV371,Auto,KR Puram,Koramangala,5.3,Success,Not Applicable,Cash,83.54,3.2,4.0,20.0,Wednesday,January,3,No,8,No,15.76,OK
OLA101162,2024-02-06,14:20:00,CUST1029,DRV257,Auto,Rajajinagar,JP Nagar,5.8,Success,Not Applicable,UPI,77.43,4.6,4.7,24.7,Tuesday,February,6,No,14,No,13.35,OK
OLA101163,2024-02-06,20:43:00,CUST1119,DRV203,Sedan,Sarjapur Road,Indiranagar,5.1,Success,Not Applicable,Credit Card,110.81,4.7,4.7,18.9,Tuesday,February,6,No,20,No,21.73,OK
OLA101164,2024-05-24,14:01:00,CUST1332,DRV443,Bike,Bellandur,Hebbal,3.5,Success,Not Applicable,Cash,56.57,3.2,5.0,10.3,Friday,May,21,No,14,No,16.16,OK
OLA101165,2024-03-05,10:40:00,CUST1232,DRV445,Bike,Electronic City,Airport (KIA),4.2,Success,Not Applicable,UPI,56.29,5.0,4.8,18.4,Tuesday,March,10,No,10,No,13.4,OK
OLA101166,2024-04-09,23:56:00,CUST1082,DRV388,Auto,Rajajinagar,Hebbal,7.8,Success,Not Applicable,UPI,81.72,4.5,4.3,22.0,Tuesday,April,15,No,23,No,10.48,OK
OLA101167,2024-04-12,07:40:00,CUST1180,DRV306,Bike,Rajajinagar,KR Puram,4.1,Success,Not Applicable,UPI,53.42,5.0,4.2,12.6,Friday,April,15,No,7,No,13.03,OK
OLA101168,2024-06-19,11:46:00,CUST1271,DRV305,Mini,Jayanagar,Domlur,12.9,Cancelled by Customer,Wrong pickup location,Not Applicable,0.0,,,0.0,Wednesday,June,25,No,11,Yes,0.0,OK
OLA101169,2024-06-07,10:29:00,CUST1280,DRV409,Sedan,Hebbal,Jayanagar,2.3,Success,Not Applicable,Ola Money,58.98,3.5,4.5,10.1,Friday,June,23,No,10,No,25.64,OK
OLA101170,2024-06-08,11:12:00,CUST1111,DRV372,SUV,HSR Layout,Rajajinagar,10.9,Success,Not Applicable,UPI,239.31,3.8,4.0,23.1,Saturday,June,23,Yes,11,No,21.96,OK
OLA101171,2024-05-25,17:17:00,CUST1381,DRV488,Auto,Bellandur,Domlur,16.8,Success,Not Applicable,Ola Money,172.86,4.4,3.9,47.2,Saturday,May,21,Yes,17,No,10.29,OK
OLA101172,2024-02-03,18:31:00,CUST1161,DRV512,Bike,Domlur,Malleshwaram,5.5,Cancelled by Customer,Wrong pickup location,Not Applicable,0.0,,,0.0,Saturday,February,5,Yes,18,Yes,0.0,OK
OLA101173,2024-01-25,18:05:00,CUST1010,DRV204,Bike,Indiranagar,Banashankari,10.6,Success,Not Applicable,UPI,104.18,4.6,4.6,24.0,Thursday,January,4,No,18,No,9.83,OK
OLA101174,2024-02-24,09:04:00,CUST1185,DRV519,Bike,Sarjapur Road,KR Puram,3.7,Success,Not Applicable,Cash,51.45,4.8,4.8,12.7,Saturday,February,8,Yes,9,No,13.91,OK
OLA101175,2024-02-08,07:07:00,CUST1272,DRV516,Sedan,JP Nagar,Sarjapur Road,6.3,Success,Not Applicable,UPI,122.06,4.5,4.1,24.3,Thursday,February,6,No,7,No,19.37,OK
OLA101176,2024-01-30,17:09:00,CUST1227,DRV249,Auto,Electronic City,Rajajinagar,6.8,Success,Not Applicable,Wallet,83.58,4.1,4.0,19.7,Tuesday,January,5,No,17,No,12.29,OK
OLA101177,2024-04-02,20:37:00,CUST1292,DRV293,Sedan,Koramangala,Malleshwaram,7.6,Success,Not Applicable,Ola Money,149.8,5.0,5.0,22.9,Tuesday,April,14,No,20,No,19.71,OK
OLA101178,2024-01-18,07:39:00,CUST1153,DRV401,Bike,MG Road,BTM Layout,5.7,Success,Not Applicable,UPI,78.05,4.6,4.6,19.9,Thursday,January,3,No,7,No,13.69,OK
OLA101179,2024-06-03,22:31:00,CUST1008,DRV518,Bike,Rajajinagar,HSR Layout,5.0,Success,Not Applicable,Ola Money,55.96,3.5,4.6,19.8,Monday,June,23,No,22,No,11.19,OK
OLA101180,2024-01-07,13:57:00,CUST1085,DRV226,Auto,Hebbal,Marathahalli,16.7,Success,Not Applicable,Debit Card,162.07,4.0,4.1,60.5,Sunday,January,1,Yes,13,No,9.7,OK
OLA101181,2024-04-27,17:21:00,CUST1282,DRV216,Mini,Domlur,Koramangala,5.7,Success,Not Applicable,Cash,99.74,4.2,4.6,22.1,Saturday,April,17,Yes,17,No,17.5,OK
OLA101182,2024-01-10,17:17:00,CUST1356,DRV392,Sedan,Malleshwaram,Rajajinagar,10.2,Success,Not Applicable,Cash,170.02,4.3,4.8,25.9,Wednesday,January,2,No,17,No,16.67,OK
OLA101183,2024-05-05,09:05:00,CUST1230,DRV243,Bike,Yelahanka,JP Nagar,4.0,Success,Not Applicable,UPI,65.87,4.5,5.0,18.7,Sunday,May,18,Yes,9,No,16.47,OK
OLA101184,2024-02-15,10:09:00,CUST1292,DRV321,Auto,Whitefield,Koramangala,12.4,Success,Not Applicable,UPI,135.89,4.1,3.8,40.1,Thursday,February,7,No,10,No,10.96,OK
OLA101185,2024-05-29,16:55:00,CUST1235,DRV369,Auto,MG Road,Electronic City,7.5,Success,Not Applicable,UPI,76.68,4.4,4.4,22.1,Wednesday,May,22,No,16,No,10.22,OK
OLA101186,2024-01-24,00:50:00,CUST1351,DRV319,Mini,Whitefield,Rajajinagar,6.5,Success,Not Applicable,Wallet,96.11,4.6,3.9,19.0,Wednesday,January,4,No,0,No,14.79,OK
OLA101187,2024-06-03,17:30:00,CUST1147,DRV503,Bike,Indiranagar,Airport (KIA),13.2,Success,Not Applicable,UPI,99.75,5.0,3.4,41.9,Monday,June,23,No,17,No,7.56,OK
OLA101188,2024-05-18,15:12:00,CUST1358,DRV263,Auto,Whitefield,BTM Layout,7.5,Success,Not Applicable,Credit Card,80.61,4.6,4.1,17.1,Saturday,May,20,Yes,15,No,10.75,OK
OLA101189,2024-05-31,09:26:00,CUST1259,DRV346,Mini,Marathahalli,Bellandur,17.4,Success,Not Applicable,UPI,228.46,3.8,4.6,46.2,Friday,May,22,No,9,No,13.13,OK
OLA101190,2024-02-11,05:04:00,CUST1252,DRV376,Bike,Indiranagar,KR Puram,1.8,Success,Not Applicable,Debit Card,28.2,3.1,4.4,5.9,Sunday,February,6,Yes,5,No,15.67,OK
OLA101191,2024-01-23,09:49:00,CUST1185,DRV510,Auto,Whitefield,Domlur,4.9,Cancelled by Customer,Found alternate transport,Not Applicable,0.0,,,0.0,Tuesday,January,4,No,9,Yes,0.0,OK
OLA101192,2024-04-01,18:30:00,CUST1189,DRV455,Sedan,Airport (KIA),Yelahanka,15.2,Success,Not Applicable,Credit Card,244.18,4.5,5.0,46.1,Monday,April,14,No,18,No,16.06,OK
OLA101193,2024-04-14,12:29:00,CUST1166,DRV406,Sedan,KR Puram,Airport (KIA),7.6,Success,Not Applicable,Ola Money,125.98,2.7,4.1,27.2,Sunday,April,15,Yes,12,No,16.58,OK
OLA101194,2024-03-22,11:55:00,CUST1323,DRV276,Sedan,Koramangala,KR Puram,4.4,Success,Not Applicable,UPI,100.34,4.7,5.0,18.5,Friday,March,12,No,11,No,22.8,OK
OLA101195,2024-01-25,01:30:00,CUST1076,DRV338,Sedan,Koramangala,Malleshwaram,6.1,Success,Not Applicable,UPI,112.17,3.7,4.5,17.0,Thursday,January,4,No,1,No,18.39,OK
OLA101196,2024-05-04,16:31:00,CUST1221,DRV422,Bike,HSR Layout,Malleshwaram,5.7,Success,Not Applicable,UPI,78.27,4.0,4.1,13.3,Saturday,May,18,Yes,16,No,13.73,OK
OLA101197,2024-05-02,16:09:00,CUST1120,Not Assigned,Bike,Jayanagar,KR Puram,2.0,Driver Not Found,No drivers available in area,Not Applicable,0.0,,,0.0,Thursday,May,18,No,16,Yes,0.0,OK
OLA101198,2024-06-10,07:40:00,CUST1159,DRV516,Sedan,MG Road,HSR Layout,19.5,Success,Not Applicable,UPI,303.89,3.4,3.8,56.5,Monday,June,24,No,7,No,15.58,OK
OLA101199,2024-05-24,22:04:00,CUST1009,DRV428,Sedan,BTM Layout,Jayanagar,2.8,Success,Not Applicable,Credit Card,82.54,3.8,4.3,12.9,Friday,May,21,No,22,No,29.48,OK
OLA101200,2024-05-01,18:35:00,CUST1174,DRV495,Auto,Jayanagar,Electronic City,14.8,Cancelled by Customer,Price too high,Not Applicable,0.0,,,0.0,Wednesday,May,18,No,18,Yes,0.0,OK
OLA101201,2024-02-28,17:39:00,CUST1121,DRV327,Sedan,Airport (KIA),Koramangala,9.7,Cancelled by Driver,Personal emergency,Not Applicable,0.0,,,0.0,Wednesday,February,9,No,17,Yes,0.0,OK
OLA101202,2024-02-07,16:05:00,CUST1270,DRV451,Sedan,Marathahalli,Whitefield,2.7,Success,Not Applicable,UPI,66.28,2.6,3.9,9.2,Wednesday,February,6,No,16,No,24.55,OK
OLA101203,2024-01-16,13:14:00,CUST1324,DRV201,Sedan,Domlur,Airport (KIA),2.7,Cancelled by Customer,Booked by mistake,Not Applicable,0.0,,,0.0,Tuesday,January,3,No,13,Yes,0.0,OK
OLA101204,2024-05-04,22:38:00,CUST1274,DRV302,Bike,Jayanagar,MG Road,5.9,Success,Not Applicable,Cash,59.27,3.9,4.9,16.8,Saturday,May,18,Yes,22,No,10.05,OK
OLA101205,2024-03-04,18:27:00,CUST1358,DRV205,Mini,Jayanagar,Electronic City,19.8,Success,Not Applicable,UPI,241.68,4.9,4.2,48.5,Monday,March,10,No,18,No,12.21,OK
OLA101206,2024-02-07,12:24:00,CUST1284,DRV280,SUV,Yelahanka,MG Road,9.2,Success,Not Applicable,UPI,208.71,5.0,5.0,32.2,Wednesday,February,6,No,12,No,22.69,OK
OLA101207,2024-05-30,07:01:00,CUST1063,DRV226,Bike,JP Nagar,Airport (KIA),1.9,Success,Not Applicable,Credit Card,37.46,4.6,4.5,9.4,Thursday,May,22,No,7,No,19.72,OK
OLA101208,2024-06-14,09:11:00,CUST1167,DRV513,Bike,Indiranagar,Yelahanka,3.0,Success,Not Applicable,Credit Card,42.72,4.4,4.1,14.8,Friday,June,24,No,9,No,14.24,OK
OLA101209,2024-02-03,13:59:00,CUST1034,DRV271,Mini,Malleshwaram,HSR Layout,13.6,Success,Not Applicable,UPI,192.8,4.7,4.5,36.4,Saturday,February,5,Yes,13,No,14.18,OK
OLA101210,2024-04-15,10:04:00,CUST1252,DRV405,SUV,Malleshwaram,Rajajinagar,3.2,Success,Not Applicable,Debit Card,91.85,4.5,4.8,16.5,Monday,April,16,No,10,No,28.7,OK
OLA101211,2024-04-24,07:48:00,CUST1444,DRV333,Mini,Indiranagar,Sarjapur Road,11.6,Success,Not Applicable,UPI,143.33,4.6,4.0,29.9,Wednesday,April,17,No,7,No,12.36,OK
OLA101212,2024-02-29,21:55:00,CUST1070,DRV456,Sedan,Bellandur,Rajajinagar,2.1,Success,Not Applicable,Credit Card,44.98,4.2,4.4,11.1,Thursday,February,9,No,21,No,21.42,OK
OLA101213,2024-05-20,05:12:00,CUST1301,DRV218,Mini,Sarjapur Road,Airport (KIA),5.1,Success,Not Applicable,Ola Money,71.31,,,15.9,Monday,May,21,No,5,No,13.98,OK
OLA101214,2024-02-12,11:09:00,CUST1274,DRV203,Bike,Domlur,Hebbal,8.8,Success,Not Applicable,Debit Card,75.77,3.9,4.2,29.5,Monday,February,7,No,11,No,8.61,OK
OLA101215,2024-03-06,09:20:00,CUST1133,DRV401,Mini,Hebbal,Airport (KIA),6.3,Success,Not Applicable,Cash,84.06,5.0,4.3,18.8,Wednesday,March,10,No,9,No,13.34,OK
OLA101216,2024-02-17,07:24:00,CUST1411,DRV254,Auto,Jayanagar,BTM Layout,10.1,Success,Not Applicable,UPI,118.59,4.3,4.3,33.5,Saturday,February,7,Yes,7,No,11.74,OK
OLA101217,2024-05-31,19:23:00,CUST1237,DRV227,Auto,BTM Layout,Domlur,6.7,Cancelled by Customer,Driver taking too long,Not Applicable,0.0,,,0.0,Friday,May,22,No,19,Yes,0.0,OK
OLA101218,2024-05-10,02:00:00,CUST1110,DRV292,Bike,Jayanagar,Malleshwaram,2.8,Success,Not Applicable,Credit Card,60.2,5.0,3.9,15.3,Friday,May,19,No,2,No,21.5,OK
OLA101219,2024-02-12,20:30:00,CUST1287,DRV505,Mini,BTM Layout,Whitefield,2.6,Cancelled by Driver,Vehicle breakdown,Not Applicable,0.0,,,0.0,Monday,February,7,No,20,Yes,0.0,OK
OLA101220,2024-06-07,04:00:00,CUST1140,DRV200,Sedan,Bellandur,Domlur,8.7,Success,Not Applicable,Wallet,165.64,3.9,4.3,28.4,Friday,June,23,No,4,No,19.04,OK
OLA101221,2024-04-05,06:26:00,CUST1334,DRV211,Mini,Indiranagar,Electronic City,4.0,Success,Not Applicable,Debit Card,68.06,5.0,4.8,15.1,Friday,April,14,No,6,No,17.02,OK
OLA101223,2024-05-22,08:01:00,CUST1359,DRV488,Sedan,Electronic City,BTM Layout,5.3,Success,Not Applicable,Debit Card,91.15,5.0,4.0,22.2,Wednesday,May,21,No,8,No,17.2,OK
OLA101224,2024-04-15,07:00:00,CUST1295,DRV222,Auto,Marathahalli,Yelahanka,14.5,Success,Not Applicable,Wallet,152.57,3.4,4.0,46.0,Monday,April,16,No,7,No,10.52,OK
OLA101225,2024-02-18,08:28:00,CUST1414,DRV200,Prime,Indiranagar,Domlur,9.5,Success,Not Applicable,UPI,230.06,,,23.1,Sunday,February,7,Yes,8,No,24.22,OK
OLA101226,2024-01-13,09:05:00,CUST1306,DRV388,Sedan,Airport (KIA),Sarjapur Road,4.5,Success,Not Applicable,UPI,82.92,3.7,4.5,16.9,Saturday,January,2,Yes,9,No,18.43,OK
OLA101227,2024-06-12,10:11:00,CUST1297,DRV405,Sedan,Banashankari,Hebbal,4.0,Success,Not Applicable,Cash,75.43,4.5,3.9,13.9,Wednesday,June,24,No,10,No,18.86,OK
OLA101228,2024-04-20,06:16:00,CUST1070,DRV370,Bike,KR Puram,Airport (KIA),3.3,Cancelled by Customer,Driver taking too long,Not Applicable,0.0,,,0.0,Saturday,April,16,Yes,6,Yes,0.0,OK
OLA101229,2024-01-11,10:58:00,CUST1440,DRV520,Mini,Yelahanka,Sarjapur Road,16.4,Success,Not Applicable,Wallet,214.38,4.2,4.4,38.3,Thursday,January,2,No,10,No,13.07,OK
OLA101230,2024-02-22,19:25:00,CUST1041,DRV414,Bike,Malleshwaram,Sarjapur Road,11.3,Success,Not Applicable,Credit Card,84.06,5.0,4.5,45.2,Thursday,February,8,No,19,No,7.44,OK
OLA101231,2024-02-12,18:43:00,CUST1363,DRV371,Sedan,Yelahanka,Bellandur,5.9,Success,Not Applicable,Cash,114.05,4.8,4.4,17.4,Monday,February,7,No,18,No,19.33,OK
OLA101232,2024-04-14,17:06:00,CUST1115,Not Assigned,Mini,Jayanagar,Koramangala,8.8,Driver Not Found,No drivers available in area,Not Applicable,0.0,,,0.0,Sunday,April,15,Yes,17,Yes,0.0,OK
OLA101233,2024-01-28,13:58:00,CUST1036,DRV356,Mini,Bellandur,Hebbal,15.1,Success,Not Applicable,UPI,205.86,3.4,3.1,53.7,Sunday,January,4,Yes,13,No,13.63,OK
OLA101234,2024-01-08,09:13:00,CUST1095,DRV236,Mini,KR Puram,MG Road,7.7,Success,Not Applicable,UPI,112.36,4.2,4.0,25.7,Monday,January,2,No,9,No,14.59,OK
OLA101235,2024-04-09,10:19:00,CUST1219,DRV517,SUV,Airport (KIA),Domlur,5.9,Success,Not Applicable,UPI,122.46,4.9,4.3,23.1,Tuesday,April,15,No,10,No,20.76,OK
OLA101236,2024-06-28,13:51:00,CUST1196,DRV475,Auto,Rajajinagar,Domlur,8.3,Success,Not Applicable,UPI,100.01,4.0,3.5,20.7,Friday,June,26,No,13,No,12.05,OK
OLA101237,2024-01-10,21:48:00,CUST1044,DRV443,Mini,Whitefield,MG Road,6.5,Cancelled by Customer,Wrong pickup location,Not Applicable,0.0,,,0.0,Wednesday,January,2,No,21,Yes,0.0,OK
OLA101238,2024-01-25,12:47:00,CUST1172,DRV323,SUV,Airport (KIA),Indiranagar,4.5,Success,Not Applicable,Credit Card,105.69,4.8,4.2,14.4,Thursday,January,4,No,12,No,23.49,OK
OLA101239,2024-01-25,01:08:00,CUST1303,DRV214,Bike,KR Puram,Whitefield,3.7,Success,Not Applicable,Ola Money,52.26,3.4,4.3,12.3,Thursday,January,4,No,1,No,14.12,OK
OLA101240,2024-06-16,17:16:00,CUST1299,DRV260,Auto,Airport (KIA),HSR Layout,4.4,Success,Not Applicable,UPI,77.27,3.7,3.7,16.8,Sunday,June,24,Yes,17,No,17.56,OK
OLA101241,2024-01-29,17:53:00,CUST1039,DRV301,Sedan,BTM Layout,Koramangala,5.8,Success,Not Applicable,UPI,107.82,5.0,4.2,15.9,Monday,January,5,No,17,No,18.59,OK
OLA101242,2024-03-18,07:21:00,CUST1443,DRV498,Bike,BTM Layout,Airport (KIA),7.2,Cancelled by Driver,Vehicle breakdown,Not Applicable,0.0,,,0.0,Monday,March,12,No,7,Yes,0.0,OK
OLA101243,2024-01-26,07:08:00,CUST1379,DRV509,SUV,KR Puram,Malleshwaram,4.3,Success,Not Applicable,Credit Card,103.4,4.0,4.6,19.3,Friday,January,4,No,7,No,24.05,OK
OLA101244,2024-06-11,14:26:00,CUST1242,DRV217,Mini,JP Nagar,Rajajinagar,21.1,Success,Not Applicable,Cash,249.11,3.9,4.3,47.8,Tuesday,June,24,No,14,No,11.81,OK
OLA101245,2024-05-09,20:58:00,CUST1448,DRV270,Mini,HSR Layout,Whitefield,10.5,Success,Not Applicable,UPI,147.61,2.9,4.2,34.0,Thursday,May,19,No,20,No,14.06,OK
OLA101246,2024-03-08,13:50:00,CUST1336,DRV294,SUV,MG Road,Sarjapur Road,11.4,Success,Not Applicable,Cash,221.39,3.4,4.4,37.3,Friday,March,10,No,13,No,19.42,OK
OLA101247,2024-04-05,05:50:00,CUST1006,DRV257,SUV,Marathahalli,Domlur,8.5,Success,Not Applicable,UPI,183.92,,,21.3,Friday,April,14,No,5,No,21.64,OK
OLA101248,2024-05-02,18:12:00,CUST1339,DRV443,Sedan,Jayanagar,MG Road,3.1,Success,Not Applicable,UPI,63.57,3.7,4.0,14.1,Thursday,May,18,No,18,No,20.51,OK
OLA101249,2024-06-19,07:32:00,CUST1074,DRV234,Sedan,Whitefield,Domlur,6.6,Success,Not Applicable,Ola Money,112.34,4.6,3.0,22.4,Wednesday,June,25,No,7,No,17.02,OK
OLA101250,2024-03-08,11:48:00,CUST1221,DRV221,Bike,Bellandur,Koramangala,3.4,Success,Not Applicable,Debit Card,41.18,3.6,4.3,13.5,Friday,March,10,No,11,No,12.11,OK
OLA101251,2024-02-27,18:08:00,CUST1245,DRV514,Bike,Malleshwaram,Rajajinagar,7.9,Success,Not Applicable,UPI,81.78,4.3,4.7,29.1,Tuesday,February,9,No,18,No,10.35,OK
OLA101252,2024-01-20,12:01:00,CUST1213,DRV233,SUV,Electronic City,Indiranagar,16.8,Success,Not Applicable,Ola Money,328.49,4.0,5.0,48.0,Saturday,January,3,Yes,12,No,19.55,OK
OLA101253,2024-03-18,19:38:00,CUST1167,DRV357,Bike,Airport (KIA),JP Nagar,20.5,Success,Not Applicable,Cash,152.63,4.3,5.0,46.9,Monday,March,12,No,19,No,7.45,OK
OLA101254,2024-06-23,16:42:00,CUST1402,Not Assigned,Mini,Yelahanka,Whitefield,2.3,Driver Not Found,No drivers available in area,Not Applicable,0.0,,,0.0,Sunday,June,25,Yes,16,Yes,0.0,OK
OLA101255,2024-05-16,13:40:00,CUST1032,DRV328,Auto,Marathahalli,Yelahanka,8.3,Success,Not Applicable,UPI,99.23,4.5,4.4,20.0,Thursday,May,20,No,13,No,11.96,OK
OLA101256,2024-02-18,10:19:00,CUST1098,DRV371,SUV,Rajajinagar,Marathahalli,2.0,Success,Not Applicable,Ola Money,58.92,5.0,4.2,11.0,Sunday,February,7,Yes,10,No,29.46,OK
OLA101257,2024-02-05,18:44:00,CUST1151,DRV297,Auto,Banashankari,Sarjapur Road,2.8,Success,Not Applicable,UPI,53.99,5.0,4.2,12.0,Monday,February,6,No,18,No,19.28,OK
OLA101258,2024-03-15,16:13:00,CUST1306,DRV372,Mini,Airport (KIA),Banashankari,13.8,Success,Not Applicable,Cash,174.17,4.3,4.9,43.4,Friday,March,11,No,16,No,12.62,OK
OLA101259,2024-02-07,08:04:00,CUST1129,DRV263,Prime,JP Nagar,Bellandur,4.2,Success,Not Applicable,Cash,99.1,,,15.7,Wednesday,February,6,No,8,No,23.6,OK
OLA101260,2024-05-20,15:17:00,CUST1261,DRV490,Sedan,Marathahalli,Indiranagar,6.7,Success,Not Applicable,Cash,138.25,5.0,4.4,18.8,Monday,May,21,No,15,No,20.63,OK
OLA101261,2024-03-21,07:11:00,CUST1062,DRV385,Auto,Indiranagar,Whitefield,8.0,Success,Not Applicable,Debit Card,104.42,4.4,3.9,22.3,Thursday,March,12,No,7,No,13.05,OK
OLA101262,2024-06-24,12:02:00,CUST1338,DRV490,Mini,MG Road,Banashankari,7.0,Success,Not Applicable,UPI,121.31,4.9,4.0,22.6,Monday,June,26,No,12,No,17.33,OK
OLA101263,2024-06-03,15:17:00,CUST1282,DRV381,Bike,Electronic City,Koramangala,5.2,Success,Not Applicable,Debit Card,62.81,4.9,4.3,21.6,Monday,June,23,No,15,No,12.08,OK
OLA101264,2024-02-22,14:01:00,CUST1082,DRV246,SUV,Domlur,Marathahalli,9.5,Success,Not Applicable,UPI,210.29,4.1,3.5,31.0,Thursday,February,8,No,14,No,22.14,OK
OLA101265,2024-06-05,07:11:00,CUST1112,DRV343,Mini,BTM Layout,Yelahanka,4.1,Cancelled by Customer,Found alternate transport,Not Applicable,0.0,,,0.0,Wednesday,June,23,No,7,Yes,0.0,OK
OLA101266,2024-04-24,08:06:00,CUST1433,DRV241,Sedan,KR Puram,Airport (KIA),2.8,Cancelled by Driver,Traffic/road closure,Not Applicable,0.0,,,0.0,Wednesday,April,17,No,8,Yes,0.0,OK
OLA101267,2024-04-07,02:48:00,CUST1139,DRV305,Bike,Airport (KIA),Rajajinagar,10.4,Success,Not Applicable,Credit Card,101.09,,,32.7,Sunday,April,14,Yes,2,No,9.72,OK
OLA101268,2024-04-23,16:23:00,CUST1073,DRV239,SUV,Bellandur,HSR Layout,2.4,Success,Not Applicable,UPI,81.84,3.7,3.9,10.9,Tuesday,April,17,No,16,No,34.1,OK
OLA101269,2024-03-15,20:24:00,CUST1307,DRV440,Prime,Sarjapur Road,BTM Layout,4.1,Success,Not Applicable,Cash,116.36,4.3,4.6,10.9,Friday,March,11,No,20,No,28.38,OK
OLA101270,2024-04-02,11:31:00,CUST1223,DRV428,Bike,Whitefield,KR Puram,2.1,Success,Not Applicable,Cash,35.25,5.0,4.9,13.4,Tuesday,April,14,No,11,No,16.79,OK
OLA101271,2024-02-13,08:37:00,CUST1330,DRV464,SUV,Jayanagar,Indiranagar,3.6,Success,Not Applicable,Ola Money,109.17,4.4,4.5,10.1,Tuesday,February,7,No,8,No,30.32,OK
OLA101272,2024-01-24,16:35:00,CUST1025,DRV328,Mini,Marathahalli,Airport (KIA),3.9,Success,Not Applicable,UPI,62.37,4.6,4.2,16.9,Wednesday,January,4,No,16,No,15.99,OK
OLA101273,2024-04-14,09:33:00,CUST1034,DRV318,Bike,Domlur,Indiranagar,2.2,Cancelled by Customer,Wrong pickup location,Not Applicable,0.0,,,0.0,Sunday,April,15,Yes,9,Yes,0.0,OK
OLA101274,2024-02-15,09:30:00,CUST1216,DRV285,Mini,Jayanagar,Whitefield,5.3,Success,Not Applicable,UPI,75.32,5.0,3.6,13.9,Thursday,February,7,No,9,No,14.21,OK
OLA101275,2024-04-28,14:23:00,CUST1370,DRV291,Mini,HSR Layout,Marathahalli,2.9,Success,Not Applicable,Debit Card,70.51,4.4,4.0,12.2,Sunday,April,17,Yes,14,No,24.31,OK
OLA101276,2024-05-08,13:03:00,CUST1201,DRV269,Mini,Airport (KIA),Electronic City,3.8,Success,Not Applicable,Debit Card,82.2,3.7,4.8,12.8,Wednesday,May,19,No,13,No,21.63,OK
OLA101277,2024-04-28,08:11:00,CUST1363,DRV256,Auto,HSR Layout,Indiranagar,2.5,Success,Not Applicable,Debit Card,37.01,3.3,3.8,13.1,Sunday,April,17,Yes,8,No,14.8,OK
OLA101278,2024-06-22,18:35:00,CUST1277,DRV406,Bike,KR Puram,JP Nagar,3.3,Success,Not Applicable,Debit Card,45.42,4.6,4.6,13.6,Saturday,June,25,Yes,18,No,13.76,OK
OLA101279,2024-05-14,20:10:00,CUST1257,Not Assigned,Mini,Indiranagar,BTM Layout,4.6,Driver Not Found,No drivers available in area,Not Applicable,0.0,,,0.0,Tuesday,May,20,No,20,Yes,0.0,OK
OLA101280,2024-03-17,07:57:00,CUST1211,DRV395,Sedan,Banashankari,Koramangala,10.9,Success,Not Applicable,Credit Card,177.04,4.4,4.2,40.5,Sunday,March,11,Yes,7,No,16.24,OK
OLA101281,2024-02-07,12:37:00,CUST1404,DRV271,Auto,Hebbal,Rajajinagar,6.0,Success,Not Applicable,Cash,70.33,4.2,4.9,21.6,Wednesday,February,6,No,12,No,11.72,OK
OLA101282,2024-04-29,17:23:00,CUST1104,DRV437,Mini,Indiranagar,Marathahalli,9.5,Cancelled by Driver,Vehicle breakdown,Not Applicable,0.0,,,0.0,Monday,April,18,No,17,Yes,0.0,OK
OLA101283,2024-03-16,10:22:00,CUST1238,DRV397,Bike,Rajajinagar,Whitefield,4.1,Success,Not Applicable,Ola Money,57.55,4.8,4.9,14.6,Saturday,March,11,Yes,10,No,14.04,OK
OLA101284,2024-05-02,05:21:00,CUST1099,DRV358,Bike,HSR Layout,Koramangala,11.4,Success,Not Applicable,UPI,113.16,4.7,3.8,28.1,Thursday,May,18,No,5,No,9.93,OK
OLA101285,2024-02-25,16:23:00,CUST1012,DRV429,Sedan,Domlur,KR Puram,9.5,Success,Not Applicable,Cash,158.41,4.4,4.6,31.4,Sunday,February,8,Yes,16,No,16.67,OK
OLA101286,2024-04-22,18:27:00,CUST1390,Not Assigned,Mini,JP Nagar,Domlur,6.3,Driver Not Found,No drivers available in area,Not Applicable,0.0,,,0.0,Monday,April,17,No,18,Yes,0.0,OK
OLA101287,2024-02-09,20:24:00,CUST1169,DRV425,Auto,Marathahalli,Electronic City,1.4,Cancelled by Driver,Vehicle breakdown,Not Applicable,0.0,,,0.0,Friday,February,6,No,20,Yes,0.0,OK
OLA101288,2024-06-06,11:25:00,CUST1112,DRV221,Mini,Koramangala,HSR Layout,4.9,Success,Not Applicable,UPI,74.73,5.0,4.9,19.3,Thursday,June,23,No,11,No,15.25,OK
OLA101289,2024-05-20,15:58:00,CUST1107,DRV200,Prime,HSR Layout,Indiranagar,3.9,Success,Not Applicable,Wallet,100.97,4.3,3.4,17.2,Monday,May,21,No,15,No,25.89,OK
OLA101290,2024-06-21,13:05:00,CUST1342,Not Assigned,Bike,Yelahanka,Bellandur,5.7,Driver Not Found,No drivers available in area,Not Applicable,0.0,,,0.0,Friday,June,25,No,13,Yes,0.0,OK
OLA101291,2024-03-07,15:35:00,CUST1416,DRV369,Auto,Yelahanka,JP Nagar,1.5,Success,Not Applicable,UPI,31.67,4.3,3.9,8.3,Thursday,March,10,No,15,No,21.11,OK
OLA101292,2024-06-01,18:15:00,CUST1115,DRV211,Sedan,Marathahalli,Banashankari,5.6,Success,Not Applicable,UPI,121.6,4.5,4.8,18.6,Saturday,June,22,Yes,18,No,21.71,OK
OLA101293,2024-05-31,09:55:00,CUST1131,DRV254,Bike,JP Nagar,BTM Layout,6.9,Success,Not Applicable,UPI,81.73,4.1,4.2,18.0,Friday,May,22,No,9,No,11.84,OK
OLA101294,2024-01-26,17:32:00,CUST1185,DRV411,Auto,Rajajinagar,Domlur,7.2,Success,Not Applicable,Ola Money,82.54,4.5,5.0,26.2,Friday,January,4,No,17,No,11.46,OK
OLA101295,2024-01-17,18:59:00,CUST1029,Not Assigned,Sedan,Rajajinagar,Electronic City,4.1,Driver Not Found,No drivers available in area,Not Applicable,0.0,,,0.0,Wednesday,January,3,No,18,Yes,0.0,OK
OLA101296,2024-03-26,20:07:00,CUST1157,DRV320,Sedan,Airport (KIA),Bellandur,18.9,Success,Not Applicable,Credit Card,297.25,3.9,4.5,41.7,Tuesday,March,13,No,20,No,15.73,OK
OLA101297,2024-02-12,09:38:00,CUST1167,DRV503,Sedan,Whitefield,Electronic City,1.8,Cancelled by Customer,Change of plans,Not Applicable,0.0,,,0.0,Monday,February,7,No,9,Yes,0.0,OK
OLA101298,2024-02-08,14:31:00,CUST1047,DRV277,Prime,Koramangala,Malleshwaram,4.2,Success,Not Applicable,Credit Card,104.33,4.9,4.7,12.1,Thursday,February,6,No,14,No,24.84,OK
OLA101299,2024-06-28,10:36:00,CUST1044,Not Assigned,Mini,Hebbal,Banashankari,1.2,Driver Not Found,No drivers available in area,Not Applicable,0.0,,,0.0,Friday,June,26,No,10,Yes,0.0,OK
OLA101300,2024-01-22,22:39:00,CUST1000,DRV298,Auto,Bellandur,Malleshwaram,18.4,Success,Not Applicable,Debit Card,165.43,4.4,4.5,46.6,Monday,January,4,No,22,No,8.99,OK
OLA101301,2024-03-13,07:29:00,CUST1310,DRV333,Mini,Malleshwaram,MG Road,3.9,Success,Not Applicable,UPI,72.79,4.4,4.2,15.0,Wednesday,March,11,No,7,No,18.66,OK
OLA101302,2024-02-11,17:51:00,CUST1231,DRV383,Prime,Hebbal,Yelahanka,4.0,Cancelled by Customer,Found alternate transport,Not Applicable,0.0,,,0.0,Sunday,February,6,Yes,17,Yes,0.0,OK
OLA101303,2024-03-01,18:54:00,CUST1158,DRV367,Mini,KR Puram,Electronic City,6.6,Success,Not Applicable,UPI,108.7,4.7,4.1,28.3,Friday,March,9,No,18,No,16.47,OK
OLA101304,2024-04-24,07:46:00,CUST1037,DRV344,Auto,Yelahanka,Domlur,7.4,Success,Not Applicable,Credit Card,81.38,4.8,3.7,26.3,Wednesday,April,17,No,7,No,11.0,OK
OLA101305,2024-06-20,14:37:00,CUST1154,DRV307,Bike,Indiranagar,Bellandur,3.3,Success,Not Applicable,Ola Money,39.5,3.7,4.8,12.7,Thursday,June,25,No,14,No,11.97,OK
OLA101306,2024-03-05,11:52:00,CUST1254,DRV437,Auto,Bellandur,Yelahanka,8.2,Cancelled by Customer,Wrong pickup location,Not Applicable,0.0,,,0.0,Tuesday,March,10,No,11,Yes,0.0,OK
OLA101307,2024-06-30,12:20:00,CUST1384,DRV490,Bike,HSR Layout,Koramangala,8.1,Success,Not Applicable,Ola Money,89.68,4.9,4.6,25.2,Sunday,June,26,Yes,12,No,11.07,OK
OLA101308,2024-03-26,07:56:00,CUST1071,DRV322,SUV,Airport (KIA),Marathahalli,3.4,Success,Not Applicable,Credit Card,103.42,4.2,4.8,15.2,Tuesday,March,13,No,7,No,30.42,OK
OLA101309,2024-03-28,18:23:00,CUST1172,DRV201,Mini,Malleshwaram,Jayanagar,5.6,Success,Not Applicable,Cash,82.93,4.1,4.2,18.8,Thursday,March,13,No,18,No,14.81,OK
OLA101310,2024-05-15,11:33:00,CUST1302,DRV513,Bike,Jayanagar,KR Puram,16.8,Success,Not Applicable,Cash,138.89,3.7,3.2,62.1,Wednesday,May,20,No,11,No,8.27,OK
OLA101311,2024-03-15,14:48:00,CUST1233,Not Assigned,Mini,Koramangala,KR Puram,6.8,Driver Not Found,No drivers available in area,Not Applicable,0.0,,,0.0,Friday,March,11,No,14,Yes,0.0,OK
OLA101312,2024-01-17,13:56:00,CUST1213,DRV437,Bike,Domlur,Sarjapur Road,8.7,Success,Not Applicable,UPI,74.13,4.1,3.3,24.6,Wednesday,January,3,No,13,No,8.52,OK
OLA101313,2024-06-15,19:52:00,CUST1117,DRV496,Mini,Marathahalli,Koramangala,13.2,Success,Not Applicable,Cash,176.12,3.6,3.9,30.0,Saturday,June,24,Yes,19,No,13.34,OK
OLA101314,2024-04-20,04:04:00,CUST1410,DRV340,SUV,JP Nagar,Rajajinagar,10.4,Cancelled by Customer,Wrong pickup location,Not Applicable,0.0,,,0.0,Saturday,April,16,Yes,4,Yes,0.0,OK
OLA101315,2024-06-12,18:49:00,CUST1307,DRV226,Sedan,Sarjapur Road,Jayanagar,7.5,Success,Not Applicable,Ola Money,136.02,3.8,4.9,22.7,Wednesday,June,24,No,18,No,18.14,OK
OLA101316,2024-04-09,14:21:00,CUST1090,DRV479,Auto,Koramangala,KR Puram,7.1,Success,Not Applicable,UPI,74.19,3.2,3.3,15.8,Tuesday,April,15,No,14,No,10.45,OK
OLA101317,2024-03-07,07:18:00,CUST1343,DRV331,Sedan,Rajajinagar,Jayanagar,6.9,Success,Not Applicable,Wallet,133.47,4.0,4.2,18.2,Thursday,March,10,No,7,No,19.34,OK
OLA101318,2024-06-26,14:04:00,CUST1039,DRV279,Bike,Koramangala,Marathahalli,2.1,Success,Not Applicable,UPI,29.58,4.1,4.7,8.0,Wednesday,June,26,No,14,No,14.09,OK
OLA101319,2024-04-25,10:32:00,CUST1392,DRV473,Sedan,MG Road,Malleshwaram,2.4,Success,Not Applicable,UPI,68.64,4.4,4.3,14.2,Thursday,April,17,No,10,No,28.6,OK
OLA101321,2024-02-19,13:59:00,CUST1387,DRV379,Mini,Bellandur,KR Puram,8.1,Success,Not Applicable,UPI,107.21,5.0,4.2,19.8,Monday,February,8,No,13,No,13.24,OK
OLA101322,2024-06-12,13:37:00,CUST1382,DRV234,Prime,BTM Layout,Malleshwaram,4.4,Success,Not Applicable,Ola Money,119.72,5.0,4.5,15.9,Wednesday,June,24,No,13,No,27.21,OK
OLA101323,2024-01-10,12:00:00,CUST1292,DRV381,Mini,Banashankari,Yelahanka,12.5,Cancelled by Customer,Booked by mistake,Not Applicable,0.0,,,0.0,Wednesday,January,2,No,12,Yes,0.0,OK
OLA101325,2024-06-08,18:50:00,CUST1427,DRV362,Mini,JP Nagar,Rajajinagar,12.0,Cancelled by Customer,Change of plans,Not Applicable,0.0,,,0.0,Saturday,June,23,Yes,18,Yes,0.0,OK
OLA101326,2024-03-17,17:08:00,CUST1356,DRV332,Bike,Electronic City,Hebbal,16.8,Success,Not Applicable,UPI,126.0,4.0,3.8,58.1,Sunday,March,11,Yes,17,No,7.5,OK
OLA101327,2024-03-19,18:26:00,CUST1011,DRV213,Prime,Yelahanka,HSR Layout,10.0,Cancelled by Customer,Price too high,Not Applicable,0.0,,,0.0,Tuesday,March,12,No,18,Yes,0.0,OK
OLA101328,2024-06-03,15:06:00,CUST1185,DRV258,Mini,Marathahalli,Banashankari,7.8,Success,Not Applicable,UPI,110.35,4.5,5.0,23.4,Monday,June,23,No,15,No,14.15,OK
OLA101329,2024-01-13,09:53:00,CUST1389,DRV481,Auto,Whitefield,Sarjapur Road,12.7,Cancelled by Customer,Price too high,Not Applicable,0.0,,,0.0,Saturday,January,2,Yes,9,Yes,0.0,OK
OLA101330,2024-03-17,20:42:00,CUST1152,DRV251,Bike,Indiranagar,Yelahanka,8.4,Success,Not Applicable,UPI,92.97,4.0,4.8,22.1,Sunday,March,11,Yes,20,No,11.07,OK
OLA101331,2024-01-18,06:37:00,CUST1002,DRV254,Bike,Indiranagar,Malleshwaram,2.3,Success,Not Applicable,Ola Money,53.09,4.9,4.4,10.0,Thursday,January,3,No,6,No,23.08,OK
OLA101332,2024-03-04,06:10:00,CUST1094,DRV491,Auto,MG Road,Koramangala,4.5,Success,Not Applicable,Debit Card,65.11,3.8,4.7,20.1,Monday,March,10,No,6,No,14.47,OK
OLA101333,2024-06-23,13:26:00,CUST1002,DRV467,Bike,Sarjapur Road,Jayanagar,5.9,Success,Not Applicable,Cash,65.18,3.3,4.2,20.4,Sunday,June,25,Yes,13,No,11.05,OK
OLA101334,2024-05-15,09:08:00,CUST1207,DRV502,Sedan,Sarjapur Road,Hebbal,4.7,Success,Not Applicable,UPI,88.88,4.8,4.4,15.5,Wednesday,May,20,No,9,No,18.91,OK
OLA101335,2024-06-03,13:07:00,CUST1207,DRV502,Mini,Marathahalli,Electronic City,7.7,Cancelled by Customer,Price too high,Not Applicable,0.0,,,0.0,Monday,June,23,No,13,Yes,0.0,OK
OLA101336,2024-01-31,21:15:00,CUST1067,DRV220,Mini,BTM Layout,Indiranagar,3.2,Success,Not Applicable,Wallet,72.14,4.8,5.0,13.0,Wednesday,January,5,No,21,No,22.54,OK
OLA101337,2024-05-27,00:13:00,CUST1367,DRV256,Bike,Koramangala,KR Puram,3.5,Success,Not Applicable,Debit Card,39.21,4.9,4.5,16.8,Monday,May,22,No,0,No,11.2,OK
OLA101338,2024-04-04,09:26:00,CUST1193,DRV465,Auto,KR Puram,Jayanagar,5.9,Success,Not Applicable,Credit Card,87.93,3.7,3.7,18.2,Thursday,April,14,No,9,No,14.9,OK
OLA101339,2024-06-18,08:31:00,CUST1140,DRV423,Mini,Koramangala,KR Puram,2.0,Success,Not Applicable,Cash,50.91,,,6.3,Tuesday,June,25,No,8,No,25.46,OK
OLA101340,2024-03-15,08:07:00,CUST1147,DRV272,Mini,HSR Layout,KR Puram,5.0,Success,Not Applicable,Cash,93.07,4.7,4.5,12.9,Friday,March,11,No,8,No,18.61,OK
OLA101341,2024-03-18,16:28:00,CUST1102,DRV341,Bike,Bellandur,Marathahalli,9.0,Success,Not Applicable,UPI,73.81,4.3,3.9,19.7,Monday,March,12,No,16,No,8.2,OK
OLA101343,2024-04-13,01:36:00,CUST1054,DRV323,Bike,Marathahalli,BTM Layout,4.6,Success,Not Applicable,Debit Card,65.33,4.5,3.8,16.4,Saturday,April,15,Yes,1,No,14.2,OK
OLA101344,2024-05-15,20:40:00,CUST1254,DRV470,Mini,Koramangala,Banashankari,8.4,Success,Not Applicable,Cash,130.45,4.0,4.9,25.2,Wednesday,May,20,No,20,No,15.53,OK
OLA101345,2024-02-17,06:19:00,CUST1369,DRV417,Mini,Marathahalli,Domlur,8.2,Success,Not Applicable,Cash,111.18,5.0,4.9,22.1,Saturday,February,7,Yes,6,No,13.56,OK
OLA101346,2024-01-25,11:39:00,CUST1100,DRV325,Sedan,Yelahanka,Bellandur,13.9,Success,Not Applicable,Wallet,223.74,4.3,4.1,40.2,Thursday,January,4,No,11,No,16.1,OK
OLA101347,2024-01-05,17:06:00,CUST1289,DRV270,Mini,Indiranagar,BTM Layout,6.7,Success,Not Applicable,Wallet,102.71,4.9,4.9,16.8,Friday,January,1,No,17,No,15.33,OK
OLA101348,2024-05-20,12:08:00,CUST1113,DRV309,Mini,MG Road,Indiranagar,12.1,Cancelled by Driver,Personal emergency,Not Applicable,0.0,,,0.0,Monday,May,21,No,12,Yes,0.0,OK
OLA101349,2024-01-31,23:41:00,CUST1301,DRV430,Bike,Whitefield,Banashankari,9.4,Success,Not Applicable,Cash,99.11,3.9,4.5,32.7,Wednesday,January,5,No,23,No,10.54,OK
OLA101350,2024-06-10,20:15:00,CUST1022,DRV443,Auto,JP Nagar,HSR Layout,6.4,Success,Not Applicable,Debit Card,85.92,3.7,5.0,28.3,Monday,June,24,No,20,No,13.42,OK
OLA101351,2024-02-25,18:56:00,CUST1169,DRV251,Mini,Sarjapur Road,BTM Layout,1.7,Success,Not Applicable,UPI,61.44,3.9,4.5,8.3,Sunday,February,8,Yes,18,No,36.14,OK
OLA101352,2024-04-25,14:10:00,CUST1013,DRV249,Prime,Sarjapur Road,Koramangala,5.6,Success,Not Applicable,UPI,147.02,4.2,4.4,14.8,Thursday,April,17,No,14,No,26.25,OK
OLA101353,2024-02-15,08:13:00,CUST1101,DRV267,Mini,Indiranagar,Airport (KIA),7.8,Success,Not Applicable,UPI,107.57,4.2,3.9,31.3,Thursday,February,7,No,8,No,13.79,OK
OLA101354,2024-06-09,18:48:00,CUST1153,DRV421,Mini,Whitefield,Jayanagar,10.1,Success,Not Applicable,Credit Card,140.31,4.3,4.2,31.3,Sunday,June,23,Yes,18,No,13.89,OK
OLA101355,2024-04-17,06:48:00,CUST1080,DRV308,Mini,Rajajinagar,MG Road,3.0,Success,Not Applicable,Credit Card,61.04,4.5,4.7,15.1,Wednesday,April,16,No,6,No,20.35,OK
OLA101356,2024-06-22,14:57:00,CUST1302,DRV499,Prime,KR Puram,HSR Layout,2.6,Success,Not Applicable,Cash,91.86,3.8,4.5,9.0,Saturday,June,25,Yes,14,No,35.33,OK
OLA101357,2024-02-14,16:50:00,CUST1227,DRV342,Sedan,Domlur,Jayanagar,4.1,Cancelled by Customer,Change of plans,Not Applicable,0.0,,,0.0,Wednesday,February,7,No,16,Yes,0.0,OK
OLA101358,2024-02-20,11:24:00,CUST1395,DRV474,Sedan,Whitefield,Domlur,10.0,Success,Not Applicable,Credit Card,158.46,3.6,4.4,23.0,Tuesday,February,8,No,11,No,15.85,OK
OLA101359,2024-01-29,14:25:00,CUST1332,DRV497,Auto,Electronic City,Indiranagar,10.0,Success,Not Applicable,Ola Money,110.54,3.9,4.3,31.0,Monday,January,5,No,14,No,11.05,OK
OLA101360,2024-05-10,19:34:00,CUST1037,DRV323,SUV,Whitefield,Banashankari,9.8,Success,Not Applicable,Debit Card,207.15,3.9,4.3,32.4,Friday,May,19,No,19,No,21.14,OK
OLA101361,2024-01-12,12:54:00,CUST1429,DRV305,Mini,BTM Layout,Whitefield,3.9,Success,Not Applicable,Cash,73.44,3.6,5.0,18.6,Friday,January,2,No,12,No,18.83,OK
OLA101362,2024-03-23,12:43:00,CUST1141,DRV372,Mini,Koramangala,Indiranagar,4.1,Success,Not Applicable,UPI,83.36,4.8,4.8,14.5,Saturday,March,12,Yes,12,No,20.33,OK
OLA101363,2024-02-12,18:51:00,CUST1326,DRV499,Mini,Jayanagar,Malleshwaram,6.6,Success,Not Applicable,UPI,116.19,4.2,5.0,18.9,Monday,February,7,No,18,No,17.6,OK
OLA101364,2024-06-10,18:38:00,CUST1013,DRV276,Prime,Yelahanka,Rajajinagar,11.0,Cancelled by Customer,Price too high,Not Applicable,0.0,,,0.0,Monday,June,24,No,18,Yes,0.0,OK
OLA101365,2024-06-14,09:18:00,CUST1133,DRV281,Mini,Electronic City,Domlur,10.4,Success,Not Applicable,UPI,145.6,3.9,4.5,31.3,Friday,June,24,No,9,No,14.0,OK
OLA101366,2024-03-14,13:50:00,CUST1021,DRV360,Sedan,Indiranagar,JP Nagar,8.4,Success,Not Applicable,UPI,145.64,3.0,5.0,21.1,Thursday,March,11,No,13,No,17.34,OK
OLA101367,2024-03-03,11:40:00,CUST1174,DRV245,Sedan,Malleshwaram,Marathahalli,5.6,Success,Not Applicable,UPI,109.3,4.6,5.0,16.4,Sunday,March,9,Yes,11,No,19.52,OK
OLA101368,2024-03-09,13:20:00,CUST1189,DRV225,Sedan,HSR Layout,Domlur,5.2,Success,Not Applicable,UPI,99.06,4.9,3.8,16.9,Saturday,March,10,Yes,13,No,19.05,OK
OLA101369,2024-02-23,08:38:00,CUST1438,DRV514,SUV,Domlur,Banashankari,16.6,Success,Not Applicable,Ola Money,337.4,4.1,4.6,43.1,Friday,February,8,No,8,No,20.33,OK
OLA101370,2024-05-14,08:04:00,CUST1031,DRV337,Bike,MG Road,Rajajinagar,9.1,Success,Not Applicable,Credit Card,77.18,3.8,3.8,25.4,Tuesday,May,20,No,8,No,8.48,OK
OLA101371,2024-03-07,16:16:00,CUST1438,DRV290,SUV,Airport (KIA),Malleshwaram,6.6,Success,Not Applicable,UPI,151.21,5.0,4.1,24.0,Thursday,March,10,No,16,No,22.91,OK
OLA101372,2024-06-14,05:17:00,CUST1124,DRV279,Auto,Electronic City,Rajajinagar,6.2,Success,Not Applicable,Credit Card,83.17,4.1,4.3,23.7,Friday,June,24,No,5,No,13.41,OK
OLA101373,2024-03-19,11:10:00,CUST1010,DRV324,Bike,Electronic City,Bellandur,6.1,Cancelled by Customer,Found alternate transport,Not Applicable,0.0,,,0.0,Tuesday,March,12,No,11,Yes,0.0,OK
OLA101374,2024-02-24,06:49:00,CUST1128,Not Assigned,Sedan,Indiranagar,Rajajinagar,4.5,Driver Not Found,No drivers available in area,Not Applicable,0.0,,,0.0,Saturday,February,8,Yes,6,Yes,0.0,OK
OLA101375,2024-04-09,07:48:00,CUST1191,DRV348,Bike,Indiranagar,Jayanagar,15.8,Success,Not Applicable,Credit Card,121.9,4.5,5.0,38.6,Tuesday,April,15,No,7,No,7.72,OK
OLA101376,2024-03-16,08:55:00,CUST1373,DRV211,Auto,Airport (KIA),Bellandur,3.9,Cancelled by Customer,Booked by mistake,Not Applicable,0.0,,,0.0,Saturday,March,11,Yes,8,Yes,0.0,OK
OLA101377,2024-05-11,15:52:00,CUST1271,DRV458,Bike,Koramangala,Marathahalli,3.7,Success,Not Applicable,UPI,59.12,3.4,4.1,13.6,Saturday,May,19,Yes,15,No,15.98,OK
OLA101378,2024-03-11,09:08:00,CUST1238,DRV512,Bike,Indiranagar,Banashankari,7.6,Success,Not Applicable,UPI,61.73,4.8,3.7,31.4,Monday,March,11,No,9,No,8.12,OK
OLA101379,2024-02-25,08:48:00,CUST1421,DRV381,Mini,Malleshwaram,Marathahalli,5.8,Cancelled by Driver,Vehicle breakdown,Not Applicable,0.0,,,0.0,Sunday,February,8,Yes,8,Yes,0.0,OK
OLA101380,2024-04-11,18:51:00,CUST1072,DRV252,Mini,Domlur,KR Puram,1.5,Success,Not Applicable,Credit Card,47.29,2.6,5.0,8.4,Thursday,April,15,No,18,No,31.53,OK
OLA101381,2024-02-20,08:05:00,CUST1323,Not Assigned,Sedan,Electronic City,Rajajinagar,4.7,Driver Not Found,No drivers available in area,Not Applicable,0.0,,,0.0,Tuesday,February,8,No,8,Yes,0.0,OK
OLA101382,2024-01-11,19:54:00,CUST1017,Not Assigned,Prime,Domlur,Malleshwaram,2.3,Driver Not Found,No drivers available in area,Not Applicable,0.0,,,0.0,Thursday,January,2,No,19,Yes,0.0,OK
OLA101383,2024-04-09,06:32:00,CUST1439,DRV408,Auto,Malleshwaram,Koramangala,5.9,Success,Not Applicable,UPI,62.52,4.2,4.7,20.0,Tuesday,April,15,No,6,No,10.6,OK
OLA101384,2024-01-28,09:26:00,CUST1057,DRV481,Mini,Domlur,Malleshwaram,6.2,Success,Not Applicable,Credit Card,110.93,4.7,3.9,20.8,Sunday,January,4,Yes,9,No,17.89,OK
OLA101385,2024-03-08,18:52:00,CUST1305,DRV261,Prime,Rajajinagar,Koramangala,6.5,Success,Not Applicable,UPI,171.47,4.4,4.0,22.3,Friday,March,10,No,18,No,26.38,OK
OLA101386,2024-01-15,06:38:00,CUST1036,DRV263,Bike,Sarjapur Road,Hebbal,14.0,Success,Not Applicable,UPI,102.27,4.1,4.2,44.7,Monday,January,3,No,6,No,7.3,OK
OLA101387,2024-01-07,15:48:00,CUST1208,DRV299,Mini,HSR Layout,BTM Layout,2.7,Success,Not Applicable,UPI,62.9,3.9,5.0,13.2,Sunday,January,1,Yes,15,No,23.3,OK
OLA101388,2024-04-17,06:16:00,CUST1018,DRV350,Mini,JP Nagar,Rajajinagar,3.4,Success,Not Applicable,Debit Card,80.62,4.3,3.8,10.9,Wednesday,April,16,No,6,No,23.71,OK
OLA101389,2024-03-01,13:25:00,CUST1219,DRV422,Prime,Indiranagar,JP Nagar,10.6,Success,Not Applicable,UPI,247.81,4.6,3.9,38.8,Friday,March,9,No,13,No,23.38,OK
OLA101390,2024-01-11,21:55:00,CUST1028,DRV466,Bike,Banashankari,Rajajinagar,9.8,Success,Not Applicable,Cash,85.73,3.7,4.9,26.5,Thursday,January,2,No,21,No,8.75,OK
OLA101391,2024-06-24,12:20:00,CUST1381,DRV308,Mini,HSR Layout,BTM Layout,14.6,Success,Not Applicable,Cash,183.22,,,51.4,Monday,June,26,No,12,No,12.55,OK
OLA101392,2024-04-21,15:31:00,CUST1320,Not Assigned,Sedan,JP Nagar,Electronic City,13.9,Driver Not Found,No drivers available in area,Not Applicable,0.0,,,0.0,Sunday,April,16,Yes,15,Yes,0.0,OK
OLA101393,2024-03-08,09:02:00,CUST1059,Not Assigned,Sedan,JP Nagar,Koramangala,3.8,Driver Not Found,No drivers available in area,Not Applicable,0.0,,,0.0,Friday,March,10,No,9,Yes,0.0,OK
OLA101394,2024-02-19,10:15:00,CUST1244,DRV481,Auto,Malleshwaram,Electronic City,3.5,Success,Not Applicable,UPI,55.22,3.7,3.8,13.5,Monday,February,8,No,10,No,15.78,OK
OLA101395,2024-01-27,17:28:00,CUST1353,DRV209,SUV,Indiranagar,JP Nagar,2.6,Success,Not Applicable,UPI,72.85,,,12.4,Saturday,January,4,Yes,17,No,28.02,OK
OLA101396,2024-02-16,20:45:00,CUST1231,DRV330,SUV,HSR Layout,Rajajinagar,5.3,Success,Not Applicable,Debit Card,133.09,4.2,4.2,17.7,Friday,February,7,No,20,No,25.11,OK
OLA101397,2024-05-26,18:55:00,CUST1399,DRV351,Bike,Domlur,KR Puram,6.5,Success,Not Applicable,Cash,56.69,,,26.2,Sunday,May,21,Yes,18,No,8.72,OK
OLA101398,2024-06-12,21:15:00,CUST1075,DRV369,SUV,Hebbal,Koramangala,9.0,Cancelled by Driver,Traffic/road closure,Not Applicable,0.0,,,0.0,Wednesday,June,24,No,21,Yes,0.0,OK
OLA101399,2024-06-07,18:54:00,CUST1099,DRV289,Bike,MG Road,Jayanagar,8.6,Cancelled by Customer,Driver taking too long,Not Applicable,0.0,,,0.0,Friday,June,23,No,18,Yes,0.0,OK
OLA101400,2024-03-16,18:49:00,CUST1220,DRV406,SUV,Indiranagar,KR Puram,13.5,Success,Not Applicable,Credit Card,276.67,4.0,4.6,34.3,Saturday,March,11,Yes,18,No,20.49,OK
OLA101401,2024-04-27,18:57:00,CUST1015,Not Assigned,Mini,Jayanagar,Yelahanka,8.4,Driver Not Found,No drivers available in area,Not Applicable,0.0,,,0.0,Saturday,April,17,Yes,18,Yes,0.0,OK
OLA101402,2024-02-28,13:14:00,CUST1166,DRV508,Bike,BTM Layout,JP Nagar,7.8,Cancelled by Driver,Vehicle breakdown,Not Applicable,0.0,,,0.0,Wednesday,February,9,No,13,Yes,0.0,OK
OLA101403,2024-03-13,19:57:00,CUST1176,DRV408,Bike,MG Road,HSR Layout,7.5,Success,Not Applicable,Debit Card,87.07,5.0,5.0,20.9,Wednesday,March,11,No,19,No,11.61,OK
OLA101404,2024-02-07,11:48:00,CUST1183,DRV478,Auto,Rajajinagar,Marathahalli,9.3,Success,Not Applicable,Credit Card,92.2,4.4,3.4,25.5,Wednesday,February,6,No,11,No,9.91,OK
OLA101405,2024-02-25,01:30:00,CUST1414,DRV418,Mini,Electronic City,BTM Layout,19.0,Success,Not Applicable,UPI,248.22,4.4,4.2,57.7,Sunday,February,8,Yes,1,No,13.06,OK
OLA101406,2024-02-19,18:25:00,CUST1277,DRV276,Mini,Hebbal,JP Nagar,14.8,Cancelled by Driver,Vehicle breakdown,Not Applicable,0.0,,,0.0,Monday,February,8,No,18,Yes,0.0,OK
OLA101407,2024-02-12,13:14:00,CUST1000,DRV203,Auto,Malleshwaram,Rajajinagar,6.1,Cancelled by Driver,Personal emergency,Not Applicable,0.0,,,0.0,Monday,February,7,No,13,Yes,0.0,OK
OLA101408,2024-01-17,23:07:00,CUST1426,DRV398,SUV,Whitefield,MG Road,3.0,Cancelled by Customer,Booked by mistake,Not Applicable,0.0,,,0.0,Wednesday,January,3,No,23,Yes,0.0,OK
OLA101409,2024-01-07,04:04:00,CUST1192,DRV470,Mini,Marathahalli,Whitefield,8.1,Success,Not Applicable,Cash,112.89,3.8,4.4,20.1,Sunday,January,1,Yes,4,No,13.94,OK
OLA101410,2024-02-15,19:33:00,CUST1100,DRV498,Bike,Rajajinagar,Electronic City,2.4,Success,Not Applicable,Ola Money,30.91,4.7,2.9,9.0,Thursday,February,7,No,19,No,12.88,OK
OLA101411,2024-04-22,12:18:00,CUST1200,DRV283,Mini,KR Puram,Electronic City,6.5,Success,Not Applicable,UPI,108.28,4.4,3.9,19.2,Monday,April,17,No,12,No,16.66,OK
OLA101412,2024-01-05,14:05:00,CUST1381,Not Assigned,Auto,Airport (KIA),Bellandur,3.4,Driver Not Found,No drivers available in area,Not Applicable,0.0,,,0.0,Friday,January,1,No,14,Yes,0.0,OK
OLA101413,2024-05-24,17:38:00,CUST1034,Not Assigned,Mini,Malleshwaram,Sarjapur Road,6.4,Driver Not Found,No drivers available in area,Not Applicable,0.0,,,0.0,Friday,May,21,No,17,Yes,0.0,OK
OLA101414,2024-02-20,08:14:00,CUST1045,DRV267,Prime,Yelahanka,Bellandur,5.2,Success,Not Applicable,UPI,140.45,4.1,4.6,21.4,Tuesday,February,8,No,8,No,27.01,OK
OLA101415,2024-05-19,20:29:00,CUST1005,DRV304,Bike,HSR Layout,MG Road,3.9,Success,Not Applicable,Cash,40.76,3.4,5.0,13.3,Sunday,May,20,Yes,20,No,10.45,OK
OLA101416,2024-05-11,22:20:00,CUST1067,DRV439,Sedan,Sarjapur Road,Banashankari,3.9,Success,Not Applicable,Cash,80.88,4.7,4.8,17.0,Saturday,May,19,Yes,22,No,20.74,OK
OLA101417,2024-03-19,08:03:00,CUST1371,DRV286,Bike,Yelahanka,Indiranagar,5.7,Success,Not Applicable,UPI,37.83,3.7,4.5,15.2,Tuesday,March,12,No,8,No,6.64,OK
OLA101418,2024-03-11,09:03:00,CUST1121,DRV431,Mini,Marathahalli,MG Road,2.7,Success,Not Applicable,Debit Card,56.65,4.1,4.2,12.7,Monday,March,11,No,9,No,20.98,OK
OLA101419,2024-05-07,17:10:00,CUST1095,DRV238,Mini,HSR Layout,Whitefield,7.1,Cancelled by Driver,Traffic/road closure,Not Applicable,0.0,,,0.0,Tuesday,May,19,No,17,Yes,0.0,OK
OLA101420,2024-05-17,19:06:00,CUST1321,DRV299,Mini,Rajajinagar,HSR Layout,8.9,Success,Not Applicable,Credit Card,130.08,4.3,4.9,24.7,Friday,May,20,No,19,No,14.62,OK
OLA101421,2024-04-22,08:27:00,CUST1443,DRV318,Bike,JP Nagar,BTM Layout,4.9,Cancelled by Customer,Driver taking too long,Not Applicable,0.0,,,0.0,Monday,April,17,No,8,Yes,0.0,OK
OLA101422,2024-05-19,17:20:00,CUST1209,DRV214,Sedan,Sarjapur Road,KR Puram,2.9,Success,Not Applicable,Credit Card,84.39,2.4,4.2,11.5,Sunday,May,20,Yes,17,No,29.1,OK
OLA101423,2024-04-19,11:59:00,CUST1060,DRV432,Sedan,Indiranagar,Rajajinagar,11.9,Success,Not Applicable,Debit Card,207.43,5.0,4.2,28.4,Friday,April,16,No,11,No,17.43,OK
OLA101424,2024-01-04,10:00:00,CUST1192,DRV476,Mini,HSR Layout,Jayanagar,9.4,Success,Not Applicable,Cash,125.12,3.9,4.0,23.1,Thursday,January,1,No,10,No,13.31,OK
OLA101425,2024-06-17,10:49:00,CUST1171,DRV476,Prime,MG Road,Hebbal,4.9,Success,Not Applicable,Ola Money,125.15,4.2,4.5,21.4,Monday,June,25,No,10,No,25.54,OK
OLA101426,2024-01-19,22:08:00,CUST1167,DRV490,Sedan,KR Puram,Indiranagar,5.5,Success,Not Applicable,Credit Card,108.73,3.5,4.4,15.4,Friday,January,3,No,22,No,19.77,OK
OLA101427,2024-05-18,09:34:00,CUST1444,DRV208,Prime,Electronic City,Indiranagar,5.5,Cancelled by Customer,Price too high,Not Applicable,0.0,,,0.0,Saturday,May,20,Yes,9,Yes,0.0,OK
OLA101428,2024-06-26,18:42:00,CUST1430,DRV477,Sedan,Domlur,Marathahalli,1.5,Success,Not Applicable,UPI,51.22,4.7,4.4,11.8,Wednesday,June,26,No,18,No,34.15,OK
OLA101429,2024-06-05,13:40:00,CUST1033,Not Assigned,Mini,KR Puram,Sarjapur Road,7.6,Driver Not Found,No drivers available in area,Not Applicable,0.0,,,0.0,Wednesday,June,23,No,13,Yes,0.0,OK
OLA101430,2024-01-10,17:28:00,CUST1046,DRV382,Bike,BTM Layout,Sarjapur Road,5.1,Success,Not Applicable,Credit Card,57.65,3.3,4.7,21.4,Wednesday,January,2,No,17,No,11.3,OK
OLA101431,2024-01-07,20:28:00,CUST1140,DRV394,Auto,Domlur,Whitefield,3.2,Success,Not Applicable,Cash,62.18,5.0,4.2,13.5,Sunday,January,1,Yes,20,No,19.43,OK
OLA101432,2024-05-18,07:39:00,CUST1294,DRV423,SUV,Electronic City,HSR Layout,9.5,Success,Not Applicable,Debit Card,195.6,3.2,4.2,29.4,Saturday,May,20,Yes,7,No,20.59,OK
OLA101433,2024-05-16,09:33:00,CUST1000,DRV404,Auto,BTM Layout,Bellandur,7.8,Success,Not Applicable,UPI,78.96,5.0,4.0,32.8,Thursday,May,20,No,9,No,10.12,OK
OLA101434,2024-04-09,11:39:00,CUST1169,DRV433,SUV,Koramangala,Electronic City,8.8,Cancelled by Driver,Customer not reachable,Not Applicable,0.0,,,0.0,Tuesday,April,15,No,11,Yes,0.0,OK
OLA101435,2024-03-28,19:17:00,CUST1128,DRV293,Bike,Bellandur,Airport (KIA),5.0,Success,Not Applicable,UPI,62.81,3.8,4.4,20.0,Thursday,March,13,No,19,No,12.56,OK
OLA101436,2024-06-12,08:08:00,CUST1349,DRV472,Auto,Marathahalli,Rajajinagar,5.8,Success,Not Applicable,Ola Money,86.31,4.4,3.5,16.4,Wednesday,June,24,No,8,No,14.88,OK
OLA101437,2024-05-26,20:21:00,CUST1207,DRV284,Mini,Yelahanka,HSR Layout,7.4,Success,Not Applicable,Ola Money,112.39,4.8,3.8,18.8,Sunday,May,21,Yes,20,No,15.19,OK
OLA101438,2024-03-28,11:36:00,CUST1087,DRV406,Bike,BTM Layout,Marathahalli,8.6,Success,Not Applicable,Ola Money,76.9,,,21.3,Thursday,March,13,No,11,No,8.94,OK
OLA101439,2024-05-09,06:45:00,CUST1200,DRV389,Sedan,Airport (KIA),JP Nagar,4.4,Success,Not Applicable,Credit Card,84.49,5.0,4.1,12.8,Thursday,May,19,No,6,No,19.2,OK
OLA101440,2024-05-04,18:18:00,CUST1422,DRV333,Mini,Jayanagar,Yelahanka,3.5,Success,Not Applicable,Cash,72.34,4.3,4.3,12.7,Saturday,May,18,Yes,18,No,20.67,OK
OLA101441,2024-01-29,20:38:00,CUST1247,DRV284,Mini,Malleshwaram,Yelahanka,3.3,Success,Not Applicable,UPI,68.76,5.0,4.7,17.7,Monday,January,5,No,20,No,20.84,OK
OLA101442,2024-03-19,06:18:00,CUST1232,DRV255,Sedan,Yelahanka,Jayanagar,1.3,Success,Not Applicable,Debit Card,36.42,4.0,4.5,10.7,Tuesday,March,12,No,6,No,28.02,OK
OLA101443,2024-05-01,18:33:00,CUST1049,Not Assigned,Auto,KR Puram,Yelahanka,7.7,Driver Not Found,No drivers available in area,Not Applicable,0.0,,,0.0,Wednesday,May,18,No,18,Yes,0.0,OK
OLA101444,2024-03-09,21:09:00,CUST1356,DRV255,Mini,Whitefield,Indiranagar,12.0,Success,Not Applicable,Wallet,170.29,5.0,4.1,36.0,Saturday,March,10,Yes,21,No,14.19,OK
OLA101445,2024-06-27,15:30:00,CUST1287,DRV230,SUV,Electronic City,Malleshwaram,7.8,Success,Not Applicable,Cash,155.6,4.0,4.0,27.1,Thursday,June,26,No,15,No,19.95,OK
OLA101446,2024-03-30,11:56:00,CUST1070,DRV369,SUV,Rajajinagar,KR Puram,3.8,Success,Not Applicable,Debit Card,85.15,3.5,3.1,12.9,Saturday,March,13,Yes,11,No,22.41,OK
OLA101447,2024-04-25,14:17:00,CUST1152,DRV285,Mini,Yelahanka,JP Nagar,4.9,Success,Not Applicable,UPI,79.02,4.4,4.1,16.0,Thursday,April,17,No,14,No,16.13,OK
OLA101448,2024-05-30,12:23:00,CUST1407,DRV362,Auto,Domlur,Hebbal,28.8,Success,Not Applicable,Wallet,250.73,5.0,4.2,62.5,Thursday,May,22,No,12,No,8.71,OK
OLA101449,2024-06-26,12:21:00,CUST1013,DRV269,Bike,Koramangala,Whitefield,4.4,Cancelled by Customer,Booked by mistake,Not Applicable,0.0,,,0.0,Wednesday,June,26,No,12,Yes,0.0,OK
OLA101450,2024-06-12,08:41:00,CUST1449,DRV318,Mini,BTM Layout,Electronic City,2.4,Cancelled by Customer,Change of plans,Not Applicable,0.0,,,0.0,Wednesday,June,24,No,8,Yes,0.0,OK
OLA101451,2024-03-24,19:04:00,CUST1106,DRV202,Sedan,Airport (KIA),Indiranagar,7.9,Success,Not Applicable,Credit Card,141.25,3.9,4.9,26.2,Sunday,March,12,Yes,19,No,17.88,OK
OLA101452,2024-03-13,09:54:00,CUST1266,DRV468,SUV,Bellandur,Domlur,10.8,Success,Not Applicable,Credit Card,228.0,5.0,4.5,40.2,Wednesday,March,11,No,9,No,21.11,OK
OLA101453,2024-02-26,12:57:00,CUST1326,DRV425,Auto,Hebbal,KR Puram,7.7,Success,Not Applicable,Credit Card,81.09,4.7,4.2,25.1,Monday,February,9,No,12,No,10.53,OK
OLA101454,2024-02-12,20:18:00,CUST1107,DRV235,SUV,HSR Layout,Sarjapur Road,3.6,Success,Not Applicable,UPI,104.03,5.0,4.1,17.9,Monday,February,7,No,20,No,28.9,OK
OLA101455,2024-06-04,07:53:00,CUST1330,DRV203,Auto,Domlur,Whitefield,7.1,Success,Not Applicable,Cash,73.57,3.8,3.8,19.1,Tuesday,June,23,No,7,No,10.36,OK
OLA101456,2024-05-05,07:45:00,CUST1283,DRV437,Sedan,JP Nagar,HSR Layout,4.1,Success,Not Applicable,UPI,95.41,4.2,4.3,14.8,Sunday,May,18,Yes,7,No,23.27,OK
OLA101457,2024-02-16,20:30:00,CUST1237,DRV364,Mini,Banashankari,Sarjapur Road,3.1,Success,Not Applicable,Wallet,67.93,4.7,4.7,15.2,Friday,February,7,No,20,No,21.91,OK
OLA101458,2024-03-24,07:05:00,CUST1261,DRV432,Sedan,JP Nagar,BTM Layout,4.7,Success,Not Applicable,Cash,102.69,3.7,4.6,14.1,Sunday,March,12,Yes,7,No,21.85,OK
OLA101459,2024-01-31,16:11:00,CUST1032,DRV434,Auto,Jayanagar,Airport (KIA),4.5,Success,Not Applicable,Wallet,74.62,4.0,3.8,14.7,Wednesday,January,5,No,16,No,16.58,OK
OLA101460,2024-01-08,09:11:00,CUST1079,DRV495,Prime,Domlur,Jayanagar,7.1,Cancelled by Driver,Vehicle breakdown,Not Applicable,0.0,,,0.0,Monday,January,2,No,9,Yes,0.0,OK
OLA101461,2024-04-19,18:42:00,CUST1437,DRV499,Mini,Hebbal,BTM Layout,3.5,Success,Not Applicable,UPI,70.09,4.0,5.0,10.8,Friday,April,16,No,18,No,20.03,OK
OLA101462,2024-03-03,18:54:00,CUST1276,DRV304,Sedan,Hebbal,Marathahalli,9.9,Success,Not Applicable,Ola Money,166.14,4.4,4.2,28.4,Sunday,March,9,Yes,18,No,16.78,OK
OLA101463,2024-02-26,07:25:00,CUST1148,DRV326,Bike,Sarjapur Road,Yelahanka,2.8,Success,Not Applicable,Credit Card,39.63,5.0,5.0,12.4,Monday,February,9,No,7,No,14.15,OK
OLA101464,2024-01-30,07:28:00,CUST1309,DRV498,Sedan,HSR Layout,Domlur,15.3,Success,Not Applicable,Ola Money,234.43,4.5,3.8,52.4,Tuesday,January,5,No,7,No,15.32,OK
OLA101465,2024-04-29,18:58:00,CUST1254,DRV257,Mini,Yelahanka,Electronic City,7.5,Success,Not Applicable,UPI,114.89,4.0,4.5,18.1,Monday,April,18,No,18,No,15.32,OK
OLA101466,2024-06-21,18:06:00,CUST1068,DRV386,Sedan,Indiranagar,Sarjapur Road,2.5,Success,Not Applicable,Cash,55.65,4.2,4.4,14.6,Friday,June,25,No,18,No,22.26,OK
OLA101467,2024-06-24,19:33:00,CUST1257,DRV459,Bike,KR Puram,Banashankari,5.1,Success,Not Applicable,Credit Card,66.11,5.0,5.0,18.2,Monday,June,26,No,19,No,12.96,OK
OLA101468,2024-04-01,08:40:00,CUST1273,Not Assigned,Bike,Indiranagar,BTM Layout,4.5,Driver Not Found,No drivers available in area,Not Applicable,0.0,,,0.0,Monday,April,14,No,8,Yes,0.0,OK
OLA101469,2024-03-01,20:41:00,CUST1041,DRV493,Bike,Sarjapur Road,Yelahanka,8.4,Success,Not Applicable,UPI,68.68,4.3,5.0,20.0,Friday,March,9,No,20,No,8.18,OK
OLA101470,2024-05-26,20:55:00,CUST1047,DRV211,Auto,Sarjapur Road,HSR Layout,10.8,Success,Not Applicable,UPI,124.78,3.5,5.0,28.8,Sunday,May,21,Yes,20,No,11.55,OK
OLA101471,2024-03-18,08:17:00,CUST1334,DRV461,Mini,Domlur,Jayanagar,12.1,Success,Not Applicable,Credit Card,175.45,3.9,3.7,25.3,Monday,March,12,No,8,No,14.5,OK
OLA101472,2024-05-07,06:07:00,CUST1074,DRV403,Mini,Electronic City,HSR Layout,4.7,Success,Not Applicable,Wallet,70.17,4.6,5.0,16.9,Tuesday,May,19,No,6,No,14.93,OK
OLA101473,2024-04-14,12:42:00,CUST1071,DRV227,Mini,Whitefield,Electronic City,7.6,Success,Not Applicable,UPI,101.98,4.5,3.7,26.1,Sunday,April,15,Yes,12,No,13.42,OK
OLA101474,2024-01-09,12:46:00,CUST1175,DRV470,Auto,BTM Layout,Jayanagar,5.3,Success,Not Applicable,UPI,85.16,4.9,3.8,18.9,Tuesday,January,2,No,12,No,16.07,OK
OLA101475,2024-04-07,10:34:00,CUST1006,DRV291,Sedan,Hebbal,JP Nagar,5.5,Success,Not Applicable,UPI,95.11,4.2,4.6,17.6,Sunday,April,14,Yes,10,No,17.29,OK
OLA101476,2024-05-22,17:40:00,CUST1268,Not Assigned,Bike,Koramangala,Domlur,3.9,Driver Not Found,No drivers available in area,Not Applicable,0.0,,,0.0,Wednesday,May,21,No,17,Yes,0.0,OK
OLA101477,2024-02-08,15:24:00,CUST1065,DRV208,Bike,Sarjapur Road,Jayanagar,5.2,Success,Not Applicable,Debit Card,67.22,4.1,5.0,16.2,Thursday,February,6,No,15,No,12.93,OK
OLA101478,2024-01-17,18:47:00,CUST1335,DRV200,Bike,Jayanagar,Domlur,14.3,Success,Not Applicable,UPI,118.69,4.3,3.4,35.9,Wednesday,January,3,No,18,No,8.3,OK
OLA101479,2024-01-25,08:29:00,CUST1060,DRV272,Mini,Rajajinagar,Banashankari,3.2,Success,Not Applicable,UPI,66.69,5.0,4.5,14.8,Thursday,January,4,No,8,No,20.84,OK
OLA101480,2024-01-07,08:04:00,CUST1380,DRV279,Mini,Airport (KIA),Indiranagar,7.7,Success,Not Applicable,Cash,112.37,3.0,3.9,26.2,Sunday,January,1,Yes,8,No,14.59,OK
OLA101481,2024-01-16,07:39:00,CUST1031,DRV426,Auto,Whitefield,KR Puram,3.1,Success,Not Applicable,Ola Money,52.59,4.6,5.0,10.6,Tuesday,January,3,No,7,No,16.96,OK
OLA101482,2024-05-15,16:57:00,CUST1054,DRV375,Sedan,HSR Layout,Koramangala,5.2,Success,Not Applicable,UPI,94.46,4.3,5.0,17.7,Wednesday,May,20,No,16,No,18.17,OK
OLA101483,2024-06-06,10:57:00,CUST1207,DRV454,SUV,KR Puram,Banashankari,8.8,Cancelled by Customer,Price too high,Not Applicable,0.0,,,0.0,Thursday,June,23,No,10,Yes,0.0,OK
OLA101484,2024-01-17,10:37:00,CUST1346,DRV378,Sedan,Rajajinagar,HSR Layout,5.6,Success,Not Applicable,Debit Card,121.77,4.6,4.6,14.1,Wednesday,January,3,No,10,No,21.74,OK
OLA101485,2024-04-28,12:07:00,CUST1022,DRV484,Mini,MG Road,JP Nagar,16.2,Success,Not Applicable,Cash,196.88,4.8,4.0,39.6,Sunday,April,17,Yes,12,No,12.15,OK
OLA101486,2024-02-28,06:25:00,CUST1141,DRV246,Sedan,Rajajinagar,JP Nagar,4.6,Success,Not Applicable,UPI,80.68,4.0,3.9,20.6,Wednesday,February,9,No,6,No,17.54,OK
OLA101487,2024-01-28,07:01:00,CUST1444,DRV255,Prime,Indiranagar,Airport (KIA),3.5,Success,Not Applicable,UPI,87.53,4.9,4.6,11.5,Sunday,January,4,Yes,7,No,25.01,OK
OLA101488,2024-02-28,09:03:00,CUST1416,DRV347,Sedan,Malleshwaram,Marathahalli,3.7,Success,Not Applicable,UPI,81.56,4.2,4.4,12.1,Wednesday,February,9,No,9,No,22.04,OK
OLA101489,2024-01-05,15:11:00,CUST1178,DRV472,Bike,Banashankari,Airport (KIA),7.2,Success,Not Applicable,UPI,70.98,4.3,4.3,22.2,Friday,January,1,No,15,No,9.86,OK
OLA101490,2024-01-02,09:42:00,CUST1411,DRV302,SUV,HSR Layout,Airport (KIA),6.3,Cancelled by Customer,Found alternate transport,Not Applicable,0.0,,,0.0,Tuesday,January,1,No,9,Yes,0.0,OK
OLA101491,2024-04-21,19:05:00,CUST1180,DRV499,Mini,BTM Layout,Electronic City,4.3,Success,Not Applicable,Cash,83.28,3.0,5.0,21.9,Sunday,April,16,Yes,19,No,19.37,OK
OLA101492,2024-04-18,06:21:00,CUST1320,DRV501,Mini,Whitefield,Electronic City,6.6,Success,Not Applicable,UPI,89.12,4.5,3.6,17.2,Thursday,April,16,No,6,No,13.5,OK
OLA101493,2024-01-06,18:16:00,CUST1299,DRV320,SUV,JP Nagar,Whitefield,5.3,Success,Not Applicable,Credit Card,135.02,5.0,3.8,17.7,Saturday,January,1,Yes,18,No,25.48,OK
OLA101494,2024-05-26,00:15:00,CUST1341,DRV233,Sedan,HSR Layout,Indiranagar,3.0,Success,Not Applicable,Credit Card,64.67,4.0,4.6,15.3,Sunday,May,21,Yes,0,No,21.56,OK
OLA101495,2024-06-02,19:59:00,CUST1202,DRV510,SUV,Airport (KIA),BTM Layout,10.8,Success,Not Applicable,Debit Card,228.84,4.7,4.7,30.8,Sunday,June,22,Yes,19,No,21.19,OK
OLA101496,2024-04-07,16:47:00,CUST1149,DRV252,Sedan,Bellandur,MG Road,9.3,Success,Not Applicable,Cash,149.65,5.0,4.3,22.7,Sunday,April,14,Yes,16,No,16.09,OK
OLA101497,2024-03-04,08:11:00,CUST1390,DRV365,Sedan,Jayanagar,JP Nagar,2.0,Success,Not Applicable,Wallet,63.09,5.0,4.6,12.1,Monday,March,10,No,8,No,31.54,OK
OLA101498,2024-04-24,18:04:00,CUST1364,DRV335,Mini,Rajajinagar,Electronic City,8.2,Success,Not Applicable,Cash,105.99,3.3,5.0,26.4,Wednesday,April,17,No,18,No,12.93,OK
OLA101499,2024-02-13,06:26:00,CUST1028,DRV281,Auto,Koramangala,Hebbal,4.3,Cancelled by Driver,Traffic/road closure,Not Applicable,0.0,,,0.0,Tuesday,February,7,No,6,Yes,0.0,OK
OLA101500,2024-01-22,08:43:00,CUST1359,DRV514,SUV,Domlur,Malleshwaram,1.4,Cancelled by Customer,Found alternate transport,Not Applicable,0.0,,,0.0,Monday,January,4,No,8,Yes,0.0,OK
